joao.adorno7,stephaaf,hlepe,ajh930,lnav,alixguti96,jones.a.doug,samirchar,csmcinto,jd.botero320,cdsierra1199,dacg9515,hazem.abdelmaksoud,doragerardo,spython,tarod13,dfeezell,sshooshtarian,mileidypinzon,jordanadriano,gomezago,jchan13,dboehler,gtadams,santiago.laravalle,askenned,davidalvar11,emmaharrelson,ericaleung,xijingzhang,s.mendez10,wang701,priyabha,agar434,madwood21,wzmjnwzmjn,alexei22,karissa,colemanbaker,shingchi,madb,earnold,thomasmatt88,agrawa39,jeissoncz,sue.pernett,samzasloffcohen,ndaugher,ranchomanuel,zanziano,ddmm9304,amyvandy,justinaf,mart136,kwoodwor,rosstin1,kleaks,sindy,sandy2122,sverhale,bkredito,dkidwell88,af.otero10,darwindubay,pawanmishra2010,polyfrank000,diegoa08,calopo1,dcheng289,cajrgato,kan.kawabata,amydills,gqiu,mpdinan,wmrey,laura94,vhaditya,rhmarsha,mangur.k4,dfields,robertortiz,jimmieli,grupodelaboratorio,awsilvers,kansan67,hubertshek,williamrodriguez1819,macer199,holmano,cj.hernandez11,mehulnair2014,poyuanc,mayankam,jackboyle,jbever,camronm21,cbridge,eyokote,fireraptor,jamesdma,karthikeya.2009,jzhang102,kfqualls,kinda,fosforitofercho,brianage,ej.pinzon10,seanhan,leoxia95
hjian21,dking310,apoje,cohen.jakedavid,lrobinson.2757,fiferj,horner1,hangwei314,kevinblu,briana.chue,alaimana,gcaine,londawg77,natalie.nguyen16,ahmed49,jonjonoch,bhammers,addison1001,agaroufa,laureneh,eric.prussack,fardady,campb122,sawa,sun272,tachunli,pargo1,hallowj,dacapo007,mart358,nayeonk15,nspear17,luray95,beckerd,tbruttom,cristianomeag96,green109,kim383,tcurtiss,kiettipong1,dskeen,lkroneman,qqxiaobai228,siuhayta,jiaanli1994,thoma386,townsenm,mheiden,jbrian.92,danielli1018,lajh,gdupas,arch91,murpheyz,paulleonc,jgoodhea,kaitlyn.fisher,briansha,gowthamsriram,wang1178,jrotella,esolene,azzedinr,ksmithca22,schumm,jfre1,eliazinetti,mmckinne,tlshelhart,ttgtarun,rcburrow2,nannan.tian,pspagnolo72,ross_piedmonte,jbalderr,ajang130,myepremi,xphuah,kaiser17,afek,cmarrer,posta,kohlerc,ppriya,czy121301,kevin.gilmer,brianjch,glinvill,sylvestm,jinghan1022,cynthiar32,smadelin,mmaughan,caroline.carney2,liu991,jeffliu6068,theresa.saenz.1,smithjared1994,jlessley,vganapa,youzimonster28,hannahkat57,jakeiuele
shriramsb,haydenlinterman123,jackiengame,eng.mustafa.k,plwilkie,yalbochi,kai.godfrey.50,bell10142003,stephane.bilbey,shahbaj,xiazhenzheng,andreagiaccherini,anonymous673,michelle.ntampaka,florian.galler,hrykaens,can.rozanes,pserv,qu.polo,g_dawg,eceeric4702,edsondzhang,emmanak1,deterex,earlierearlier,wilson.to.18,cheklon,erictung,ajmis94,mr.liam.henderson,yeezy,df1990,gelapes.gs,222alice,zkenny,kleung13,esra.m.alhabshi,gabrielf89,didacfc,vignesh04,kutkaan2014,max.prokopenko,oliver.tedder,mikehsiao789,mxcmail,sarahn162,bluu10b,kaank2014,ab3914,yezhichao1028,tchntimothy,nicos,xanderbetts,daniel1,asdfg2443,echo3960,saoud,albert.wong.1232,frayne.cameron,raghavg02,olmeca.mcgillicuddy,marceloyuan,pnjunction,rpiwyxie,andre.clerc,charingchen,jeremy.tang94,benjamin.le.98,lujingwen1991,awebb94,luluuum,alessandrobrisotto,feefarfelufee,seabaugh,tavisp,mackenzie.leung,khaebler,samuelngsh,eece352car,sherrie.wang.3,isaiah.thiessen,jtsnow,tim.tseng.47
chris.reinke.16,tiffyye,eric.groeteke,edennis3,ks.lamb14,billstan42,hnrcksn2,jack.arendt,darksnape,lee117,ece34,yu91,sariel12345,jdlenz,josh.barrett.589,aarti.shah147,tumaini.francesco,greerdavidc,mpalmer2,abheshek18,george.s9999,kornholi,bomcdon2,chaken2,dhansel036,iliveincoto5464,xli121,ece340,liupufan,kkong7,ydong119,tong.yin.1,christu2,jacklee3,wchi2,cx1048539626,fwirjo,kaalvar2,k0yaku,zhenqin3,alex.mitsdarfer,quantumseren,foukster,tamtran2,hlee156,yfkwan,benck,toujours.meiling93,laura_b_galbraith,shijiakimi,henry.ko.94,stps,jterwil2,aromeo,qhu12,flie2illinois,charlie.dreebin,chen.s.jimmy,ph0606,mikra616,rps233,sligh3ece,meng325,png4,teerapatpoka,dsolanki,rxiao3,yumin2,pbhatta2,kurmanba1,raghavkochhar9,truszko1993,yzhao60,junpeng.qiu,yhren1993,uber12,peihan0807,kluhrsen,jzhu34,allen412068
jacobcamp1,shamaleegoonetilleke,cacheuiuc,dman5505,ajeyvenkat91,vasyltheonly,oweimrin,sho1123,cglenno2,bbknipfer,cwojtan,boycexu,alvinlvalysa,billli1997,witvlit,liuyuting1006,zhanshi,ewokoniad,wiseatvice,yliu181,stephanieho,elindgren,ewok,joylin11,dsch33,schiavone.emily,eaallen,toni.nepo7,alexmkuznicki,clealauten,hamza.maizhadjahmed.1,stephanieh,werkkdy2,raugmoss1,pokhym,adiassasino,guchenchen9393,mpunuk,jaikarnik95,reneening,pjnick0,nicholascadler,dsch0908,zzaman22,shenyuwu94,ecyoung3,gracepakeltis,njamali2,dpapanicolas,hhardin2,sloneil2,jbeta95,andr.buhl,joaleksonis,ans.liverpool,streufe1,zuojulia,ssrajer,elliot.young1996,fangguanhua2013,mchu5,daut,sdschmi2,lgwarpinski,a_kuzni2,zhoffm
atjohns7,pburger,cbomb20,daniellestallings4,colindonahue15,wawitzen,leander3,byrowley,eddigrig,ptwethin,michelle.ferrara.33,jpwhita2,rlfulghu,pwwessle,jmstaimp,mgmosche,kevandeg,murkrotmg,ajohnson8617,brianhaidet,aseeri8,kurosaki1,pdgannet,smokedestructer,carajackson27,lshiaa,kjmirrie,crwest2,smmurphyncsu,bciezzi,ucawuruo,bljenio,cbdonohu,polwyn,lilian.montgomery,bcbrwk,wdcrumpl,cgcarter,brian.doheny,chingulya1,nnswyger,latashan3,abondar,hackettman,mbmcmurr,aaalsale,jmgriff5,maniamir,gasingac,bdbehrho,csbarcla,jrledfor1,klarissaramos,bstull,twaters10,kerice,cchi,jpsimmo2,liuzhixiao,pmpoyman,aiurdane,kmbeal,asporcel,jswilkin,raberezi
simon.will8,anguscollins95,hirbod,izydaoud,rebeccaclaringbold,njmiddleton,hannah.brackley,mattmills2110,lukeno94,zoeselfe1,ben54321,samuel.dunn.3,tanis.emma.everest,charlotte.denniss.9,victoria.chapman.98,smidgley2310,jsefton95,joe.george.58958,joe.clarke.948,kwilliams312,blisskelly26,jackd321,joelwood,amyrosebannister,lil.eley.dude,amypenfold17,amie.parker.313,joshybaylis,eduns123,tforrow,kjjchapman,tomloe101,jasmine.darlow,chrisandrews273,adada1319,alexlnufc,baileyalex6,eki_95,morlec,naomimary,plthornstrom,ellefsb,olivia.cottam1,mandeep.dhak,rob5729582,kaan.alkan.54,benplackett1,fateweaverer,pughjp,jsbabra,jcheeseman,hannah.jongkind.5,jack.avis.3,jake.lee.9461
mohamed.eleraky,amirahussein94,aya.yasser.992,amr_ahmed,khaled.abotaleb,mohamedfarid,mohamed_ismail,momo224411,mohamed.t.heikal,nkhong,injyradwan,reemahmed5,mostafa.hesham.58958,samar.abdelazez.37,neo.deckard,mina.medhat.357,mohamedhussein223,marco100,gamalalaa92,alaabedeir,alaa.gamal.980315,aya.atif.756,enghady.mohamed,mona.mony.503092,jiwoon.im,mohanad,mohamed.wael.16,khaledsalem92,morsy,yaraessamasu,afengasu,hannood45,dhanunjaya.ind,isaac_ibm,peterge,mohamedalisamier,mohsenzakaria63,mohamed.nohy.5,waelazzam54,andrew.adel.5205,hendy_93,motazfahmy,mage0x,abdouu.sleem,juicyblonde.reem,loala_92,ahmed.nagy.3344913,khaled.a.abdelmoniem,chenxidianedu,isk.ibm,menna.m.farouk.1
shawnahn318,eric.stiles3,dan.long.7505,1993sonu01,adam.neuses,ahmedchakroun,grandcn,yc6,alexzzz1991,emily.hannigan.31,decraen2,muttley.mutt,ppitchyy,richrdtang,cpx0rpc,dekunukem,hdou731,brianchien,blu6,jemysoul,forcade1,tim.sutyak2,daehee0104,aderoo2,mingkang.he,archiehok,tvmani.d,lfdm,shreyasmangalgi,thephiltsai,fan.ling.507,earicha2,rglazer21,winoto2,dingldn2,madnesswrap,kenned45,brianchien390,karwal2,whuang56,golasze2,replogl2,sehui04,dguo8,ecl01,xchen84,molly.pace.3,lifan.ch,haelim1227,kshin10
sahn15,molly.pace93,xinding33,rahful,bkesler,danzuo,syed.mohsin.311,xiongfei.ding,coolkat677,henryahn,zlc31993,julia.labelle2,tim.sutyak,piyayott,jmxscrs,dyangsteven,rstang2,dan5664,themightybaloon88,tobrien7,kpsrini2,beholla2,wang217,sarielqjl,mysonu,jzhu46,nemitz22,au.chinprutthiwong,amencherla2401,cooldaehee,mikeyling18,djiang7,miller7,haunlliam,mattsucich,chien8,michael370662,tapeter2,yk.karwal,david.boucard,grandcn4,yoo66,kumikknd,ndecraene,michael.diehl.583,mithun.manivannan,jtomaras,tatanve,pescenck
yyang10,cljohnson0,btkern2,jwang182,isaacehoffman,jwang124,achoi121,qazyyc93,sguo1,hylin2,jinpengzhuo,kemehan,scpiper2,dtrinkle,npalcheck,jos26coh,bcclanc2,allysonv10,zzkobezz,shalper2,akpolfein,angela525huangjj,kathyzhou0124,adsnyde2,mingxu3,litton2,jcjc2222,nickpalcheck,jjacksn,siyima2,alxtrck,xnypr,bhanley2,sage,arjun.balwally,akatsulis,haohanyuzhou,cory93,crichrd2,abaddon2mist,qyang13,limsiri2,salman2
dbecerra,jcsandoval2,brad.macneil5,royaedalatpour,richienagi,luisanthony21,hqasem,jgalindo362,dougchung8,paytorr,r96524074,sv2340,rnstpwll2,neela2208,fretman,abel.a.mendez,subha.on.the.run,shrijitm10,wildwolf498,niloyeee147,junknexus,luisrrodriguez,ealt1992,beyondarrow,dmfrey3,jam_27,saracec,pangracious,kflores9,mdangiolillo,keith.alexanderpapa,harshpreet.singh.39,zkokz,joey11,janaki23995,jmbuenoolague,jkosal,chakir,jbaeza915,mxcom88,zengks
amcbain,mbrindise,agarwa80,dweber1,eddiewhite1,zhan1457,ebusquet,harshnisar,ybommire,abahman,vgoutham,jeong4,aodubitsky,alo08864,okravche,mcarthur,ksaviers,skkzlj7,scalvert,darshanpala,alegomez544,borgesebastiao,jingjingshi,rosscarnahan,ecamaren,fpena,nrsyed,drupad,cyamamot,ajey.091,nguyenct,zqingzi,thomp340,eshaanmathew,zharman,taeho81909,hkoval,jacks311,hvr,wang945
joseph207,nrredd00,ank,hasanraza,balacool,durgesh123,mpreynos1,pradeep1450,sabby1611,ajitaneogi,shivangi30,harshadsurdi,venu652,swathimnt0049,mpreynos,swethasmenon,kartik1,baoxun1,surender,mjayara3,ashishjwk,sunny.patel361,karthick30,atulverma1992,sbatchu1,balabanmb,swapnildabade70,astjraj,nehavr25,bishakha1606,narayanamh123,doublefan,bharathi19,abipriyan3,arazavie,salman.manzoor,rafikul,shyampadhi2,suresh047,vishnusasi
alexa.malaspino,grahamnelliott,ha14,rohan.j.srivastava,zach.mcdonald.180,bbbrander,scottbkelly,bdutts20,andrew.doyle.779857,philbold,huang406,pharjani,sanu92,frog020531,donald.bender,jiwborad,brieder,dtank,njtsh,nchesnut,stephens2633,alexei.frutig,preetisht,shivani.joshi.73,satmatzi,nate.pabrai,gdykes,timmynewbi,lgoedde,scopod,aalip,phoun49,suraj123,curtuscd,benderd,cathy.spyr,ian.j.horstman,craig.francis2,amduslim,simon.chao.18041
john5049,hunter.brooks.374,jkting3,kylekug,arefinhaque22,awest32,ahaque30,dturmel3,rosawa,henrynicole57,kirankmr199,mizell.zakery,kfrancis91,rhej3,kparsons,cindy.chen,williamgauspohl,shrugatade,larrottanatalia,sebas1501,pramodr91,rheindt.sven,rndzz,dhanya.bharadhwaj,drfilled,jyoungblood87,skyswan,suacide24,abubakr1992,rliou92,ateet101,philip.gordon,lchen375,carlos.a.cortes.167,kcook39,richardemail007,jamespelder3,bhuvancind,lordxiaogg
tian37,jiruotong,wsanche2,kgdn2008,wang1580,jmaricha,hsmith,cmothersead,katie.bauschka,nathanpabrai,shuhui.tang.nj,apaulson18,alvare15,jseifert,simbernal,xjlei,liu837,huang467,davis489,amalaspi,nzitnick,zhuzijian1993,gmcminde124,omar.pineda.33,alexj9,zooley,zxy844288792,feng59,brian.rieder777,khaki,davidmhein,stephe55,deathpheonix,huang442purdue,ianhorstman,wwxxhh,mmakak,zmcdona
hsheng3,lolipopcarolwang,jwsmith6,stakek2,ahli2,cledesma2331,eslee5,gargula2,kfeng,palchec2,simpkns2,danieldli1993,fang.the.tall,dagapit2,jmmille6,elin11,aamurthy,gvelard2edu,qiujiezhao1994,toglitt2,tara.cullerton,trick2,jinpeng.zhuo,siyi.xu.180,rflore24,csbaile2,dkwok2,dtascone92,klwells2,nadimi.sadegh,alexkim3,limberg2,akagti2
cpiya,manand,florinda,fidelcomguy,jnarkar,zhan1337,jiashenghui2014,livingston.cv,jpalsdot,abarat,cedricxie,tkriegel,hrs353,sdharkar,gandhi10,kim1797,sallu,volkswind,zhaoxinchi,yang62,zhan1589,evans260,ashishod,wendyq,rlearley,douzengyi1528,weiyiwang,wenye1213,carbaker,shubham.singh091,ndaman,keshav.amburay,xu716
almirk,mhaider2,lityo2,lappleb2,dvncrtr,yliu160,insung0224,matt.koopmann,pvuong3,tonyinhk,mjbollan,adatia1,polarisatv4,anetherton19,illini1208,broadhurst.josh,kapadia3,djinkorea,mantrarush,nikhil78888,sangyuno0o,austin.martinovich,posso.mario,choquett,davidar2,alai6,nikola.ivancevic.1,fuchslu2,jofu803,xunyu2,ssheik22
chiamori,gudavalli_r,ckmckmckmckm,nasim.m,jenniferbme90,oa3957,clareclare,rahil2,ngoswam2,lewong27,rachelhatano,zichen,carrasquilla,lnphant,memic,andersdhenriksen,sliliana.arias,edespeaux,sunjane2014,dtn0028,cmrace,matthew.n.martin,ariel.ashshakoor,phuongbaole,lejk80,kaiweili86,ncalvo11,skyblue4
sindhureddy25,deepikangala,ahdel,henrytai,chaitanya.alladi,martinrodrz,krystlei,harshpathak,lalithasirigiri,obardb,cherishmavadlamudi,diazdave25,harpreeitsaini,jim94,sindhu13,varunloya123,studdmuffin9140,sarmila_pandiyan,jcabrera010,acastillo,huangcw2,turkishdlite,bhavik.ec24,usergim,respiritu1,harishdasariraju,ivan92,trushnapatel
koshtisanket148,smita.smile1993,shahshoaib62,pravinms22,nikhilrmendhe,roody,chaitali2111,chaitanyajoshi126,ankuragarwal,moosegf65,joetroughton,nikdeshingkar,tomasbar94,anjaliprem.27,mulepradip,nehaprk28,siva174sangeetha,yogeshwariece,cnjoshi009,mtechextc,nikhildeshingkar,stephanmichard,andrew.nederhoff,shailu0003,kadamswatis,rsindhuja93,kaajal26jain
emilee28nyy,glowry,taehee_kim,jianfei_zhao,dante1111,ndsheriff,eric.eisenhauer.16,ewittgrove,yuyang_li,raz.rivlis,collin_felten,hongxia_hao,afzisson,aklee,gmencoff,zgreenburg,junrui.li,karenpchen,emily_eruysal,ishabubaker,tegan.tingley,tkcloutier,kdillione
omar.badr.904,kellliangy,abhishek.chauhan.965580,jskhan87,keframe,rlawogus03,felipeatondo,i7sain,gcossio14,sdmarch,nitinprasad,allan442433634,afrokingsolid,ngoquangthongphucat,fabiodsilva,haokai1987,marcosantonio.jcoelho,zhuwnthu,ksullivan1031,liang.kelly,bassamnn,vaibhav.vaidya
ntsherm2,axzhao2,cheevap2,jasminelichen,sun57,sikaufm2,tzhu11,vrajend2,rmcauliffe,mariovaldez,mwitzke,abhutan2,sarnmo,bding2,jshin17,kcederberg,biesboe2,darkoscar96,jbittn2,schang47,sergspe
drakoon34.jk,vabdulkareemv,taeyoung.kim.5686322,shennes.mathew,teakhan,jyothishb07,jeffin.antony.35,daughty2390,aswathyss,krzysztof.koska.9,deepaabraham,thomsonpmani,bbakeroot,cecsplab,yaseensherif15,jetstream.90,abdul.hakeem.9469545,tahir123,jm1116.lee,ancypmani
sdoering,alsholtz,thomas.bajis,ldzuniga,balagnam,wangyich,maureen.daum,bryan.eyers,siyuchen,joshambr,tzmz,apwc,ruilin,peterxsu,paigegrett,xiaofji,nskr,splovera,aronius
jyothichandran111,avvaruvenkat225,saurabhjoshi,giriedusport,s.divyalakshmi,gandhamsatish1107,ram14mnt007,bishuishwari,durga0045,becky0070,dayakar3,apurva3007,garimadang,esathiyacnr,nithya0038,shruthivs,visheshmk,debika26,eswar369
mjs289,sak140,ove,svenv,bkb31,wingking18,tholomyes,tqn,mattrandall1,jmw159,anthonymartone,ngt2,ejw89,mah228,mmanspeak,disserate,dxz136,kap90
hanqiwei,lucyli115,utkarsh.columbia,ronanrice,msolis,jing99,morganegoodwin,hk150,shruti.rastgi,jinghua.li.37,kem51,wileyds,psclare,justkmy,yangziyi99,vh71886,chang.je,lindsay.mctague
osama90,ricardo.sierra.75491,malikliaquat76,aliiii,malikliaquat,ntronb,sianano,shamsh08,faisalkhan6862,simonos1290,j790902,mirza123,ahsandanish18,reifenberger,saeedawan88,raheel.aryan,arif.aslam,amnamaqsood91
xgtxgt,mw2_mctavish,g1215061,shirotoru,himajin_2nd,g1215039,nahokoshimada,g1215116,g1215029,a1215084,mossim,toshitarou,hama,g1215074,sakurayuu,g1115036,g1215030
m18091990,ianyanga,insanaf,kaushiknandan2003,himadri.barman.56,kateyhoff18,unlvengineerj,ocampor5,swinney2,bandsim,vdipuccio,manuelr3,ee453student,lso_093,wolvert9,ghimirea,esachet
angel.huang90,mfersch,brittanybrandon22,noah123,sboots,uqarni,kwalcott,kcha,sbenteftifa,atuttle,akinczewski,mjanisch,ewilliamson,jtrousda,clundgren,jberkowitz
trgordo2,bsorich32,tjweber2,ducharm2,lionbadger,dwchris2,ajgordon,rajeshraghavan,isaacehoffman2,angela.huang.501,taperez2,lxl370141857,jonahduerst,bart.teerlinck,jtcohen2,yyang100
kdoolit,munchun.alex.lai,bomattix,gs4phone,spostak,aleide,amcdunn,shrutisharma810,kai626,almulla2,luisab,ctowle,forestsears,maddie.noteware,paulomib,rlangomas
ahmedelsayed,ahmed.badawy2020,polacasper3,traumanshow,hassanelassal99,engam1993,kero.raafat.9,amrghoniem94,seddiqmostafa39,mahmoud_elgamal,mohamed_mahmoud,mahmoud.nagib,mahmod,jam4you30,dia2hamdy,hadeer.ibrahim.73
rsv2111,jessicazhao,steev16,neilorzechowski,nikoala3,saleil.bhat,cedricmayer,tonid,gmackcrane,benthezhu,jmd2251,ajorquera,jjw2170,de2313,hekle,smohsin16
y7958223,panya0320,beyers,aleperezme,mnburke,jmdege,williampsmythe,dogkitter,quantumnet,rsz13,darnok,puckjojo,aleenakaitlyn,canitz,rlanigan
hacrii,stive882003,qiyake,nanohub3412405,kellylin1993,tahira1,inmyworld,keshu,aa3243608,bonggu,wangyi,zhangrunzhou.zhezhe,yf77abc,dh393058878,wangxinyu1115
rgowin,ebaldwin25,nmistry1,matt.flores17,hcm386,xxbrucexx,bmkral,thomas901,havvyliu,jjhibben,msmekal,acemind,cfarnsw2,tklu1,dyyoon
aesquivias,mohad1993,chrissuchomski,pryan02,space1008,jeremy5756,ejsanch2,csusanto,jdcox10,raypropoggio,kdtyler1,kkawabat,ntapia720,mamircha
peterng.20,admueller84,noweir,mahmood.noweir,mengxiangeng,gv8,zhouweizhong0,cpotts,zjw1091110214,longman,yes110766106,kalhor,lmanzoor
rick800,taitano15,chhor15,connorlang,meyer15,aomeszaga,harper14,alexvarvel,lanceislame1234,achong15,lujan15,swuest
gaurav.bunny,feelthefurey,ongki,skmahoss,mchua,jonathon,jacschwa,bmagnett,tjs041,sivasumanth,john.flowers.5,rogerindy
jhoanruiz,ronal741,anthonyhhh,cardyyankee2012,thania,aguti,salipe96,juliandc,daniela2317,juanca1200,directioner99
adrienbarbey32,frlescroart,meliss.val.mer,jtutor_cu,leocouty,chibre,luismar14,anjalim,aliciakcabrera,nanotechgroup1,evapaz
tsubasa,ten,g1215110,g1215028,g1215119,o3o3m7m7,koshi,g1215108,taikitakada,sayeedec,sayeed85
supercyan09,prabhnoor.singh.3,guharghargag,brad.burkett.9,marcorami,fares.alharbi.585,eric.cochin,daveestrada12,petermartin,nishakuruvilla,vkonatha
arlinehan,jnettleton,gyiapanis,magnusbergh75,jacquemjones20,apusansar710,joachim.latzer,agnair140,yuexieguxiang,aduenas,fjhidalgor
omnia.mahmoud,ahmed.heshamglal,wuest.f,alex.naiman,secondprep.2013,libowen,iopigor,jmlloren,christophermuzzillo,mai.hosny.16,mangosamp
subinkim,thvincent200690,uaevip20000,camackay,bonecrusher,hallchenhust,mgjaggers,nmspirak,chrismay,akstempl10
sboes,tictonk,telliott,christinarosales,jcassady,mbinkle,bhattaca,zhan1222,jcompara,jacob.haller.908
ceejeek,cmbump,jabel21,nwass182,fodong01,elliottsiu,spalmersheim,funshoaro,sp520,ngarci02
monicareynoso,catterrell,jaspreety86,alansam,jianyi.gao.1,pfirth,maitreyadutta,akdeshpa,ramnraop,adar1312
aravind.ravi,coesquivel,owenxu94314,light_human,vaishnaviy2,aalabanza,ayu,kemerri1,leandro.tramma,93arnabsun
cri5ne,anmavaro,cristianmvillamil,chanss,timamundsen,jairoa.suac,showing0521,ajavey
beslami,jadams,stylianou.andreas.94,planum,r.a.durv09,taoyeucm,sasan.keyvani,rbwagner
cora.went,javahedi,wistey,leesmith,mango1990722,s0937287704,kasey.evans.144,stchang
yaoyi92,cm,lanzin,johnrnice,manporde,yanbiao.chyber,zabulum,mahmood.dareshiry
descofet,seesea20086,purnimd,cpirim1285,kudich,rigelation,ntallari
apoorv.negi,abuy95,paavo.auvinen,mythos.hb.de,scavenger,rajasekaran,francisco.franco
mpendharkar,neerajnaga,rfwebster,bandarm,yds,chirantansingha87,phongvo
gladstoneduraisamir,mathew.sdjsmk,bmcaneesh,smithy.philip,padickala,alavalamonicavarsha,aneeshlalmu
honey_annik,canhan.sen,leonardoemarq,leebom2,fssh310623,waltercruz,muhannad.sa.1
kul.abhishake,creasyclauser,rightfuture42,edamian57,veeraghanta.siddharth,sudhirshrestha,patrick.obrien.9210
superpes,caj2014,camigod1,ferdelarr,lf.burbano10,mariange8282,crashmateriales
dontornquist,caracheo,reolmes,noah.brummer,maddogclc,cwg2,qsullivan11
nanohuborg1122,liljeroth,jnfernndez,xxydonald,tidaldreams,a502112003,hkustzln
msciullo2010,ssgdla,gerhard.tulzer,ninge,michal.tomasz.pomorski,czajkap,leedandan
souseizikken,yxie6,kzero,zccab38,mliu,amreena,rakushiunmei
frankkoppens,max.drabadan,andriaus.kleinausko,user.sergei,irochkaru,dozatam,borland2702
onurgur1,unamunoe,peicheng,mchandan,sahanaa,ihz1,mikehadam
ravim0288,ragunaik.ec,praveenjnvh,sekharguru257,teju.raman.39,mahammad.gous.s
acerium,raz_rivlis,catherine_a_hay,catherine.a.haay,youngerlyy,kenny157
jonathanbehrens21,jalinegm02,anu_raj05,girardi,tupai,thiarlesmedeiros2
saurabh.talele,hamza.shams,tewfik79,muhammadabdullah,oleg.buga,waseemudass
nilespaulthethird,zhenghao,jeffrey11366,dms2264,giovanna.silvateixeira,aji2112
mutt73,erika.green.92,ebakhiet11,hannahisastud,ludwiglue,zhitan
alberto.castro.barrigon,adrigomez,2.nysc.2,ambelaza,shaofeng,ishihara0211
rodrigo_103,jordysp,angelomarmartinez07,sebadeli,nikoo5,prateeksharma
shahjigar23,asa58,mhe5,skeald1988,anh3,jsm45
shkhan,des.1303.nanohub,elee4472,roland.traxl,ansiyuan,tau123
alialkhaleefah,ipnm70,ameya,ttruongv,zhang209
phaenome,teorbigbang,jk.pershukov,agent,sulzhich
nmhhussein,nimbus1995,pbraut1092,baringhaus,wang.yu.82
pvergili,hamsa.sagar,requirement,hiro.shimo.angel,headacheproject2014
nwblock2,vondev,ywang272,l445250779,duncanzhang
kemontano,asdelarosa0531,fattycorpsl,larissatv.lt,jeorozco
andrew.herschfelt,rjfarrer,jcm2006,bahammon,jyliu4
jp.martinez10,juan_bohorquez,jf.quintero927,natscarrasco,segova8
sebas.dav,edelgomez17,juanitoing84,josesoteroesteva,carolina.vargas
kennysdragon,brandonblue662,we398539,scottfisher,starlwe
sokira,anastasia.fedorak,nazar.savytsky,andrew.grytsak,marta.savchuk
munsungkwang,zyyanglammps,avik.mahata.1,vicvie64,yanguang.zhou
jae7woo,fasterthan88,yabc912,guma2020,jyarika
nzjakemartin,wover,a662796,shi1357,yukinobu
abhilash.harpale,jia.amber.3,swolffgoodrich,sriraj1378,ejcoyle2360
awaisali989,luoj.rpi,adehgha,haris.rudianto,eragasa
jboparai,peiboldavid,benjamin.bautista.price,badibere,peibol
