heatherw,nbasu,tshastry,lmason,jheppermann,bugaboo0036,jls914,cbernardo,j_carver2005,mprovors,yfatemi,Molly_Kuhlman,ruchino,ahu22B,yatakui,skatragadda,djohanson,mpark,afr422,abhatt2007,nnosavan,kkim,icharles,mkevb1,ashlyprincess,ekennedy,sespinoza2589,dpai,tjohnson,ckusel,glewis07,jcs311,avohra,cellis,rblee88,bbanss13,pforyt,kpie1,karkaputto,htk351,jsk719,darkmetal505,rcwang,jla906,lhan,AlexMorgan,camasney,achen,LidiaS,iabdala,lbettag,ldsegall,cleung,axiao,bkang,ahood,KA,jmbachu,dsm661,kwang,kwhite,nrastogi,pkasen,tgilbert,rmalecky,klang85,rsanchez,cgarcia,Lgilbert,aha552,aml404,JCLIN,lnezirova,rbrock,jpez,lidias,csprangers,mike67876,wfm289,lfredin,relic12,jbenjy88,dlc916,ggadodia,jholcomb,hkim,ayousef,ras446,ccook,jbanga,nflammer,ggrocke,sarvis,clishea18,alexjud,cchang,nshabeeb,alyu,Sbehnke,frizz1010,kpmarcelino,kliu,cwa653,mikeispt108,zbergman,kkurda,scope,dschuster,cteng,cblumen1,dlorenzini,aviollt,nsyed,akern,parkerjessup1,cschonberg,jclin,egaray,ssawlani,phanna,jbenjy8,srn779,mwhitesides,ahadley,olui,tgrimm17,pfellenz,nborzym,dmritard96,ewali,smishra,csieber,etrivedi,mmehta,chrissemple,clawlor,ncrenshaw,golightly112,jheide,jjs390,bebe,lkoehler,malperin,quangcle,gowens,cmehta,mayra,dennisbluver,mlembo,tchaudhry,eah635,shezzoid542,catherine,ku8809no,hsiaochi,dkim,sbehnke,bscallon,ejm,raga07,akileshhonasoge,kmm134,ka,tgrant,vkb217,cyu,stephenachao,mrr869,kvargas,mfritz,jfroberg,twang23,stumuluru,lholyoke,klee,mquayyum,goh07,liangcui,luyaozers,kjohnson,sumeethj,vktdm111,eabrams,NBailey,sramalingam,jnam,ahu22b,scai,peacful_joh,dsutich
nikit,ee94040,shuhu,dschou,oliviawei,jwf,tzonghan,kknutson,tila,tsewang,nitindua,srivats9117,rbhobe,hrlee,youngy,tskim1,kosar,nefcy,tpslele,04925848a,vijayfrancis7,zihong,vijayp,KoalaBlue1,maduncan,mayur20,jayparker,tfcheng,eriki,jonrviper,xhl20,khm98,dseo80,alsune,yoneoka,yenchuyang,ngyoung,npradhan,cdaigle,hailiangmars,jrhahn1,jasonlin,bclim,aniveditha,talk2stars,jeonjin7,pardalan,jaccy,cjhsieh,Gugiyu,yongpark,rajmisra,idimen,lthoon,shengliu,aaronl,mullings,rawisraw,derek502,ytcheng,indepj,changwa,jliu86,darylng,erichoke,dvangogh,zhuzhouyuan02,samehgalal
arikan,maciekligowski,tjbadcock,apaphix,sarathcpt,LKy,steve01903,pigguo,tcyeh,graphalgo,sabbas,kdeepak1984,coffeemate,stacy,paradox,cloud,deathsosth,appeli,jingjing,kchandr5,tjchiu,Littleh,ftempasuedu,getchar,agacosta,eencnudon,hwcheng,pcg53747,ryanboesch,seario,sbaliga,rmh724
s042463,s042570,hoomie,dirac1928,qiankun,seb6006,johan,eskrut,EnthusiasticStudent,mibole,jonasdue,rparsa,paoloween,chris100,paw,maksimz,MTM,crapy,s042515,nierhoff,xaratustra,s042177,Pikachu,yoda,ToBeAss,ehosseini,krugster,s042201
omkareshwarnaik,hameed425,lude251,robdavid,suchitradhadigam,raghuramsrinivasr,agnichunduri,deepthinano,rajkirangotti,venkatvasu,ponugupati,pramod_dude2003,siddhuchow,nagavender,saikeerthig,fernandorios6,subbarao,malleswari,abhishekmidturi,vickyb,alkuslikis,vasu_katangooru,rajkirangottipati,namtih58,phcaobq,jithudevineni,maxon_999,jilani919
elyas,SwedishViking,svedend,bjnils,blubbe,Aemo,anita80,gokberk,mikaelkv,parizek,Nicoinn,johoi,rozycki,gustbee,akkallio,shamsa,saad,dahir,mlelshei,albynanu,davidko,simulering,steppen7,tanzil,petroff,Vel0th,t36
zsidik,jradcliffe,xlu,mmarkese,garlandlisa,abartolai,dmondschean,eed1987,ljordano,afranklin,drhee,alicialoon,ssaddemi,djacobs,afasolinu,rbanakis,tifalok,agross,asi071,jrudoy,bvgregor,Chisda,mjc222,jasonmartens,ltrevino
melissalili,jmnunez1,esteenbe,zwfchopin,rajanim,anandecy3035,jazminjazzy,achalk,ericdailey,abebeh,cjlasu,lazafq123,tejbelagodu,aluby,anupsasikumar,teresawei221,rmdong,Trupthi,prabhubharathan,nsashraf,sairaghunath,gokulaka,QuantumDot,Huskerfan333,cjnolja
yjing,abartow,dsamson,fangoua,rnemeth,Ayesha,banglin,gvkarthik,kim87,santoshkumar,grlong,hmurdoch,juby,siryu011,thal,hmurdoch2,mrakita,ccqian,hsinhaouh,yalanz,dhruvsingh,hessks
tallxcrunner,kjharrin,kim131,pakighunda,sdials,Gohanto,bcaulkin,jgu,davydotcom,giganano,obrienam,nasaman02,leoromanovsky,rsdeford,wancc3,ahmd080,pnice,zhangkun,dtruax
chisda,willybaw,mhartrich,darkslayer13,nathancboren,sifatshahjahan,cal321,cgoldschmidt,mrosenberg,alice,choel,chngnisbbgy,alyszczarz,amunoz,christian,aos422,nonhub1122
saas,imane,seasund,yardleytohoku,nvrk,renfei98,gb_r32,pmohal,chatpall,alexzive,jcwesthoff68,drnenaddjordjevic,ajy2103,Guenter,juan,juihunc,goldenland
manhlee,da400king,xilinix,cren,rbeckner27,akyurtlu,michaelz,joehokie,agah,isomr3b51,pzellner,fishbowl,fitsumvt,qhuynh
yah202,stummala,jra696,siks7661,udu358,aloveridge,magnusk8,mldunham,elpmis,GreekKobe33,cyteng,nbailey,vincentchou
ebende,maomasvicio,porro,ingridrodriguez,HP1717,Jonas77,amapri,miguel1014182447,hp1717,essamdz,manchito,MAOMASVICIO,jaguerrero
alexandergiles,kevinjmajor,mforney1,nherring,snakezap23,sharjohn,kobaya67,thedark,ja81881,simiger
bombardi,filippozangheri,federicomignani,pinomaiuli,nicola_ing,chiaraluccaroni,adrila,esangiorgi,sdonati
lamcguir,senthil,camartin,PilotNation,jhirano,noliver,magnuspaulsson,neil1357,praoiticica
npaulraj,dakezi,abraham,simy,boilerjh,msrivas,anandg112,cchong,weehan85
zavattieri,oogiedoogie,mspletze,tuhinsinha,tslack,liangz,pourghaz,jfloro,atambat
davidk13,goldenstaralpha,johlee,morristi,rgobble,mzhang86
danerabdula,stevesmith0,shishir,bhupeshchandra,honej,chocgm
palestri,mastrapasqua,catherin,Fiorentini,marcocampanati,melkamu
rcunderw,coupland,abalonesoup,bohung,harkster
mahendra,semetria,Bondu,tgarma,jparamesh
jostendo,snikitha,saxep01,mcrew,tfrye
alanpepa,julianrojas,nibouc,HLLeabric,ferhatn
wizdh,cberrios,ajcain,nosonwan,arteliad
marioguido,mbraccioli,buldus2,gianni,bputnam42
deepthi,divsnvik,vikram,savi,gangadharan
pangraci,quantumfactor,vepi,ycalm,lopusz
