rkhazai,dsiegal,Edawson,dal767,kmortensen,psampath,srao,ahurd,cfrench,jschulze1,mrahman23,nmsingh,LKINGSBURY,ohkwon,ndvora,amorales,jroig,ktommerdahl,cclark,mpsorkin,dbaik,danielbaik,leochild2005,chicah444,frankzhang,pbaranwal,calfonso,sstrong,mradadia,treber,KTietjen,npentelovitch,kkao,lgerkowicz,pnolan,jmehra,mzou,elemasters,petarvidak,jdeschenes,jcarson,smw823,WUTTARAPATRIYAKUL,soconnell,Mehwish916,akim,bnielsen,jsneed,csherman,acm,toconnell,lfs919,cwhite,msivasubramaniam,hdurschlag,rpickering,jyoung88,ikos,jhl326,jonaltenhofen,kmorgan,cgrandau,jlopez,mtapkowski,jilliann2,slasselle,zsersland,prettynpink221,laurahchoi,noodles5,aschattner,eskim,mbykowski,mlowes,laybar,aroybal,dfang,jswanson,uchidas,asuresh,emurphy,sdang,aasthana,chaimann,jmenkin,jallen,yongjoo87,sflores,sindhu108,jweishaar,mroebuck,kjs901,damaranto,rickyp999,clin,zes975,mchen,lkingsbury,jjones,awellman,del982,sju,dsturgeon,dchoi,gdasovich,churley,suchida,aepstein,swilson,chastings,prabath,kalbertine,ckwan,awhittington,kbg813,athaler,parker9,apumm,rbaroch,bsummersgill,kstoerzinger,crush,marthachang,tcouri,aji536,SLIM,lfoulke,pliu,rwinnegar,stacilaci56,ikornblau,fkhan,sburrill,cchristianson,dtorres,mphilben,choel,ashutton,jstroup,tchou,shanks53,chem10107,ndhawan,dblumenthal,Dangel,mnovacanes,kkang,aocchiuti,ameyers,clifford,msood,claireboland,Akhan,pcoleman,jerickson,cdipompeo,smo596,dspade,dcooperberg,jswenson,jmehrotra,cmcgourty,edawson,g3styx,dshabeeb,ldelaney,clu,heisenman,pdziedzic,swahab,nfrench,tsn821,agast,arahman,bfrett,ksulzer,gschultz,jlye,rferraro,jmarrone,jjaume,amahajan,jschulze,kcysewski,khiggins,mfenstermaker,bweisse,slim,mgilmour,bpk122,jessicag,wpearse,cpark,jwang10,alang,nshultz,asarwark,vvalenzuela,mkubiak,SHaolinquan,dwu,ysalah,ckilic,acarroll,darosner,rsmith,dliu,jsavitsky,vladmanko,asantamarina,lwelke,kcebrian,seankim,jdarby,kbatra,cnh872,alopez,mfenech,rtsang,smoffett,dnebel,yixak,shaolinquan,dyao,pszalwinski,sdixit,kshedd,dwg482,querner,mis130,dburk,rlee,kvb507,skramer,jteno,jpineda,vivekanandbhardwaj,dufford,aloon,lowen,swundrow,cblack,agassifeng,bmattson,kgspears,rmb907,mkalina,rgribben,lweiss,sdaudi,csouthard,mkahle,eohira,aahmad,ecunningham,mfederspiel1,mamofa,elliottwallace,bvu,jdattilo,jsnyder,jkircher,bschaefer,cvenatta,adhar2,asisodia,ebader,ccarhart,LauraK,kkovatch,aechevarria,jdshank44,mhoffmann,abeswick,nperkins,Juliadeschenes,kmp423,wuttarapatriyakul,dshafir,gescobar,jguliap,jbeltran,bigkrezca32,bmanojlovic,lstene,therrmann,jaq945,hwolfman,lkarvelis,jbastiaens,ekatz,dsy389,awagner,brwass,pmodi,bdemurihaeberle,kparekh,Shaolinquan,ymanibog,bbrochu,mickey_g3,jdavid,vrivas,vleung,msarkulova,ksampson,AWellman,slhatch,ganderson,als753,mbarrett,jmeissner,jgavil,bwalker423,nash73,aelmy,slu,tofinesse333,nkraska,astrick,aka220,sfarley,geieea,jcummins,wstokely,zharb,mshah22,ebell,smoy,scrow,roub0008,SSINGH,kschuette,bniklinska,ewest,sarnold,mhyre,jdinneen,mja276,nchu,eschaefer,cpa475,Aaronbenjamin,pkalkat,barlas,jdawson,spark,asiddiqui,sfriedman,gbanner,dflint,smiller,aaronbenjamin,dculhane,jchowaniec,ehaug,LWELKE,ASiddiqui,JSavitsky,dmenon,jps939,fuckme,psteptoe,smui,cvega,rmetzler,vmanko,xyin,klandry,jaltenhofen,kfreer,bfu109,lbrengman,xbasko,rkaringada,ktakahashi,wheat_thin636,ccl356,hschroeder,zeidlab,jbragg,skim,cpowersmaher,ktaylor,aim512,fome,mmotiani,kstoddart,abruzek,jlemaster,evedgebah,rgopal,mehwish916,jroig1,ktietjen,cboland,jobremski,chaselhorst,mfrancisco,fzhang,jordanduval,akhan,dwang,jlt453,abarr,erausch,tgonzales,jsteinberg,jneilsson,JMeissner,agoodman,jzona,jlee,KKessler,jhan,amelnyk,osostan,grebesco,mickey,lawchang88,mfederspiel,JuliaDesChenes,hknai,atalai,cmiksis,evelyncarter,cpai,cliu,jdrake,jshabosky,robbrown,igemp,kroderer,rkatz,bschnedl,djwhack03,tpoole,wsun,erobinson,jesnyder,swalchuk,Asprague,ealtman,eunterbrink,MChen,jramsley,cconrad,asprague,Ikornblau
wehlhard,sundeepvem,swethy,skovich,kassovic,chaines,babaumga,nannachh,ajplaymaker,bsarlitt,mrmillz,bsparson,mdsnyder,JoeBlu,elric22,aforkner,lai,jkurasz,MurphyAKL,dopkick,zconvers,rtrusty,dgrothe,dube0,anraj,tdjanoko,spgreene,jkalbfle,chadhag,arorar,bsyoder,jshahid,pmongkol,lpuglisi,kyangchul,gustaf89,chermawi,millies,kelkwa11,docdaa008,tcollopy,wangyangboy,ftanjono,jsommer,Fisher,jackfrost9p,dhum,gzarse,alayi,camyers,chang61,mtanoto,mwarsco,mtummala,longja,spank_fusion,joeblu,rkv0000,et279,sdidla,csrockerzero,taylorcl,bdannan,tmoffitt,somacroy,jdickers,nrrojas,wang209,ahartnet,zarastra,vinsma,brunner2112,trs4ece,sprashan,jgu,Jabzg,aashi,ezarowny,dulmes,mhain,cabault,dergan,acallawa,rachitbiyani,kbussmann,lcowsert,mickcrowley,dtruax,nlabianc,czahner,rsherloc,griffinm,bskorupa,nchirla,sstreete,wow676,lmertes,jsterlin,xmzhang,jaycrayz,hiddendecoy,sageorge,lpeterus,obernada,freedomjustice,jones105,john3636,wizdh,judoma,jgries,gjross,johns180,stoneagelove,pbayuart,astacy,zeich,smith571,nanohueb,nmisiuna,romanchd,gutierjm,pranaynanda,zer0xxx,danielac,samkothari79,kim130,seshaw,wnoh,kim131,spamilton1,irony59,mharger,sonicalflair,sbach,apuri,fuzzy_maraca77,asudibyo,bache,kklacik,ajrobiso,jostendo,jidthekid,atruesde,Zarastra,werman691,dsutherl,parimal,mrhee,srettber,akhilesh,smchaudh,gpajot,ttho,han45,deetman,gshaw,npanitch,rparisi,singapaul,hsvasi,dmmitche,mille177,dplamber,kdaiya,jwetheri,rahoward,mamitche,terran010,gbalmer,bmroozia,bashir,ebuysse,ormgi,pateldm,jskim,zer0xXx,Bache,ashayat,ahermann,dvanclev,jtill04
extrasmoodious,bendmart,kigen,ochukhrai,sandros1,empire3k,battmanz,sonchu,kurt_retzloff,dkbags,blacksun7x,sharna,madmax,lsross5,dstle,ellingsito,tmleynek,BenDMart,rusteng,nparker,u0356611,SlackerZero,chunderbutt,williamcarlquist,u0244603,xiaoguo,jeweed,wbmckean,jmwilso1,bclayton2003,ijhuggins,natemccaughey,catcall,lexe,meghannsmit,jrwells,efillerup,sickchick,dmauchley,ilya1987
nulongsnapper86,dwillnu,nahmadi,chrismeetsparis,thuynh86,shehanfernando,tvc310,grm154,ecarter,jsp255,thatkidandy,downin24,sianmei,methompson86,tgillard,sarnold935,blkhawk005,crip1163,nutmeg0440,present2010,epd800,jojonelli,kevinl85,NutMeg0440,zzhu,northlild85,allisonchoing,albertlui,Nutmeg0440,pootietang,vac781,kohnes86,jspark,kjv526,danfullin,AllisonChoing,rizalph
amalling,abartow,bturk,tmlowe,mkittle,skyaw,attn007,mjwaters,ehalsey,smithmc,abreisin,psajor,boersenn,jptucker,sollila,hjaganat,sfairfie,prrussel,awibawa,mbelcher,klfrank,banglin,lachlanbadger,rflynn,andrewotte,jbernhar,sbook,ebarriba,lee297,mbosley,Ainshi
jhenrie,grock,bajones,jasonpeterson,kim70,cbburger,bupolin77,zhudongchun,john1248,rno310,nugraha,jegonzal,Zenock,zenock,kuzdaso,sbc4897,newmin,majlow,boki,ssalamat,shorif,cinedemian,fsheng,masud001,ZdenekNo,LINCSTAR182,junezhu,kaz830,xzimek01
stucky,babauman,jcromer,priyamtrivedi,jenkinsalexp,nee_a87,aashi21,blee292513,adarmans,plaird,mjbarger,nutomo,gsinghal,fisher,jcleong,axavier,misko9,aozero,skalafut,acgautam,adamskelton,singhs,SonicalFlair
rajatg,hhuang,leeckung,jkdavid,sonchoy,fountain,cybersnoopy,sayid,dharma135,okinjo,CyberSnoopy,shannonlew,braganza_michael,candle120,radiation,exlove,slipson,JForejtek,greatjw,orsonlo
xhrube00,xkroli00,czkiller,mikkiste,benda,xnavra28,xsedam00,jchmelik,sulcj,hugotek,jirkami,lordraia,xbartu,loutocky,xjaros24,berzby
bdgordon,abhishekiin,betog,cstringe,chunkysoup,dgilham,norflekr,zohebmunshi,guirreri,nyan84,oshekari,javiii87,djcook,dditzler,ghandi32,cushenj
jvalmanza,justinbutterfield,vidnari,DarrinReed,davidknight,sahar,omarbenitez,ben_anderson1,knuttz45,ssessi,stewartsoda,brianmeek,lincstar182,otrejo,dency_daniel
ramakg,satya176,poboi24,Satya176,iostrovskiy,mmh3599,cygnusc,madfish,normaldrey,Kinstler,lyleholt,saisantoshblr,bhupeshchandra,jfmcc,pcfresher
ufyzguest,mage,nano_xtalav00,jmacak,roman,xbotko00,jarek,callos,zeron,kubb,poloop,immortal,Havlicek,Pau16,xpavlo04
mistyblue122,ling84,twkt03,twoon,xuanwu,jaehlee,dmg131,djacobs7,chenying119,jrileyEE218,branetr
Beldallan,student,gelfling,amywebster,Amazonense,kevinsmith2,mmalmrose,xiexienin,kathrynday,Sylex,drewcasselberry
arbitro,Kanturalihan,kanturalihan,bsg721,BMONEY,littlegu5,duranta23,askiahill,lxb1111,asicliu,arunp
junghanlee,justinsyk,nsapra,lonestar,crosis,smillies,rkv000,sagadi,davydotcom,sen2904
MasahiroWatanabeTokyoTech,anisha,chierold,bopqod,mariuspaulescu,utaker,miya_tokyo_tech,kaashifo,tipirnen,heniek
Vertumno,xlong,kolodzey,ecewy,lxshry,watermir,jayps2005,hauserm,kyban,vasili
nupur,colin_shaw2003,ruhstaller,cpthomp,jcabi001,ykparksss,yimingis,ningshao,murat83,kunalghosh
yunliu,kwos001,qdled,dkttk4,bunnoi21,myandante1,ezclub,dubu00,irinel_casian
tisolamp,vskhadka,razvan28,jstanislawczyk,awinston,jrcalver,yanyao,cbasu,naty
cihee08,kykk4,ytw4246,meteor1024,gangneng82,sjsik25,cretalugo,gidwldl86
nasser,chobik,xguo,Yarusa,ilia2006,abehnam,jmakkolil
srikanthnag,eschermann,jbrundage,aryanpour,nanoquebec,Latonya
zencharren,petersonidaho,angada,darrinreed,kirkhofeling,Zenonas
sudhendra,shaktigupta,mstettle,sinopeter,eluther,singhsaab1
booker,acperkins,akschmitt101,gcdecker,gnggu,agilmore
merdemk,korneva,ojuan,ywkwon,bletchley
deepthi,divsnvik,vikram,savi,gangadharan
dkgarg,gabadir,hviolin,nilsketter,hendrayana_thaha
morvaridd,seminente,noriosadachika,fluff,iskory
jicks500,sjogleka,llllll,mbjones,gl67
xsvabf00,Roman,haldy,KliBall,wing
tcyeh,huiwen,chaisant,panjoan,baudrand
hyperlky,jackassman,tpwlsdh,mikeohale,padala
sgradecak,cctin,Um64,ecosta,go_golf_go
xkrahu03,poolee,lumpikur,jardakn,mirek
