nedralucas,kristimichels,chelseafriesnu,almuimui129,kirkme,has437,jennaisbell31,amitrakos,blc070,flandersman,muddv1,all598,williamgarrison2016,grahamwinston,janeko,fuckass,shankiwi,kelseygradwohl,wjhager2016,valerie_thomas,michaelkoho,ces598,pkt904,acheatham,cpaton8,z_henry35,osglopez,agh498,car978,chembaby,michaeljh,alexkoh,gracedodillet,raschneider,aeshay94,alaamohamedali,juyoungkim94,cohend,mhbondy,eseosaosaghae,aidanjenkins2012,emilyyau,wcrim2016,arm878,yucongzhang2016,zkivitz,ahenschke,becvsc,art860,danikajoa,cphillips2b5h4q,sk2016,akranjc,jay19,jaerae,mgr544,scd256,juliannekurke,jmwilson27,kmr226,map704,jaf879,lcassens,rockyfinn,dorotamb,ggomez313,tjh978,123chemistry,jdle,tomoko,tlswan93,aho,michaelworthington,rag834,lhenningsgaard,jmnatalie,nieyumeng,siyuanyu,charliehoffert,nsl239,jprp71,mkelty,amakarova,jleguineche,tsunami70875,kylia100,lincoli,jcb102,afd43,jenny1024,qiankuntan,sarahnras,dannacooperberg2016,darmacanqui,jyoon93,leeebowitz,sch607,lrs329,nbg179,ryandsimpson94,njo989,jdbruce1,paigeourada,een645,mjc401,aewalters,epshanker,easteele,xsong94,bethanie2911,sel892,deionfoster,jdp244,luke.mcdermott94,mmk277,emg643,lauramilstein,lukeolney,bassoonist1719,derekchiu,lesapt59,angela711819,arleenli,jaydenmorrison2016,raudel555,kylaprice27,stepcald22,artichokey,jbascom24,catherineiveslouter,isaac0812,sgellman,ianpiper,ejspeyer,allisoncn,anribrod,gdifrancesco,daa932,brianxicheng,knam123,nelsonschang,kathleenjenkins2016,sophiamfalmagne,pauls124,bradherzog,dchang416,hannahjones,nmartinez2238,ashleylim2016,erineb750,victoriazapchar,jzawadzki11,bwieg92,tfiorica,pdtravan,maddyk5,slichtor,martin.f.majewski,grosen94,libbyslosburg2016,tiv941,hanwal1,roshanabid27,fsh712,centralfc,roy238,louisaxu,rafaelhenriquez,jae945,hssbo,chrishoward7,slal16,mklennon,bslice1,acadiak,danielfk,kaihugstrees,miafrasca,madelinedeysine2016,hma115,dmotel,ngparas,shanrahan,katherinekelly2016,pwfranks2012,fortunato12,jmf145,nal819,samuelsam93,kps725,seiu,m.w.stemple,tinavridhachalam2012,apgupta1193,wjiang94,mjp911,emilyr,davidwilliams2016,annakwak,aag794,nano1234,sophielweber,svetaslavin,samuelmadvig,ahx003,grayhackc17,ejh353,nida2014,smwitkowski,evanarmet2016,mrenner7,ddl139,tiernanmurrell,ajiang,sottomeyer,smz509,hillaryt,kamaddio
tigerzhua,mrgzg1,lin171,chadzy64,shaffy,armstr13,jhabegger,zheng41,cawatki2,deguzma1,nhk150709,jung17,a2140416,simmi,smtanaka,yng5,baitiko1,kashev,sgrand2,marvadar,clu24,davis117,cui6,lchuang3,jphogan,chan85,logsdon404,grace3050,lunaholik,schroe35,saranto2,froxis820,kwilli57,jluzin2,pierzch1,adonislin,bojdell,zliao5,nanshizi,semiconducthunter,dusxks507,yuantingnan,benzhou1,tschop2,binyeli2,jonaskurniawan92,anv1,sharklaser1,mehta32,akatsulis,jiangzhouliu1,bansal6,sivaram2,clu11,jimmyrey6857,siyueli2,meier3,mkennedy3000,lesha_44,hruska3,chw2006,klepits2,kolze100,xunchen2,jensen26,oneill26,plange4,tatuhiro,pmpark2,glabelle13,rohan322,dcoombs4,vtseng2,ak_tennis77,collin27,hyang49,saiyan86,jpllinas,tanshi1,chembur1,zqazi1,mscafi2,tzhu13,zero0,beltran8,xuzhi92,dgskwirut,buie1,sultanabdal,adalton2,yctu,puent1,patel162,bfoo2,twgreen2,michalprys,fishbec1,arsh92,sbuercklin,swearen1,mrjohns42,loutiyang1,ravi7,stuone19,mahowal2,jlee455,ty32,kyhan2,jshin17,dgoldstein,xia11,watts4,sigler4,byerke2,biesboe2,jiangao1,xiaoshi,west14,mynameisniu,loepker1,jincros0123,tkim26,malak577,enj666,deruty,shuoli1,slyjedi13,findlay1
jessecmillwood,nicogonislc,js.martinez777,ninjasensay,alejoz_02,laurammartinez,denzel.pressey,jjyang,jlpepe101,cy9160,yc.diaz415,xeta,bdube,juankmilo93,urbanmouse,theise,joeybadass,renatorwth,denardgoodman,careyes1787,cridley,tiim89,ramonemiliani93,aa.alba367,hyk123,rumseyc1992,jeremyender,jjdelacruz,corp28,meadows.joseph6,holdencu,jputty12,ortegavj,ferrillc121682,eric005,spolly,thbaende,kole83,kvonehr,mahbod,kstvn,tomos,bj03rn,dianacalpa,towad,monicatuta,anadrol,kelseyj,olivier.dubray,rachelle0328,mrzeszut,realityinabox,ej.araujo,bardon,mdorma,trix,mengdizou,ozantoteles,skybug871,glennrfisher,eng_sarah_youssef,nrmkirkwood,mklinger,asadkhan,atownjmc,mp.gonzalez2481,alejandro_mora,tlee,itsschuam,stambatr,afe.martinez,boomandvibe,grupomateriales,zobayerrussell,bafoos,julianricom,diegocamelo2610,emann,atazmi,nicsmith,saraali,ghostman,lukejpaul,ethansutton21,pmarenco,jorge.mmoreno,ltracy,jiaolh,irinatyx,hawkinsn,dclinton,am.alarcon346,outsider614,nnagy,pc.combariza2656,cgreenwald,robot2013,mumfordr,aj_ca,jdyk1030,connorka,davidk504,timothybrandt,ademeter,engineerman1000,roopang30,whitekjh0410,md.nomani,wkc87,jacobdotson7009,sagerk.d,anjanadissa,slpinjare,troskyh,stran2,jacobs893,nitesh,jc.montoya496,jquinone,frankyu42,honedsteel,rs.petrel141,chenchao,wmd145
hbartusek,jmcartwr,lmadison13,wxq933,ndeastham,ruggbk,ramanky,erice,gky158,apa041,kmccotter,daviddhsu,shiva_tam_nw,ras062,kyle1234567,cchoi,niiarday1,zlv836,lamkiu89,tstringer,cecelio,cschmitt502,lpatel911,bannerman,brodichok,cvalukas,hameeds2,cps502,mholtzm2,ahosack,yfjing,lgoertzen,asoderberg,cmakarioupikis,emullen,prithag,krystiomara,dhs007,klemkau,mspach,kwhitney,njustinien,ekocanda,oss141,lrm435,doyong.lee,jlubin,nwolfenzon,jmbingham,jbomer,jorisc4,yuyinghere,epinhei2,eleonoraz98,amagda01,meochemgrad,daiken,mpoliwka,kkrzosek,stephen286,jhutcheson,jam825,goldie5585,mattkelley,ehrlicher,danielbstern,jmy079,hongdazhang,makafui,lbezdek,ccont001,afianuamah,kconstantino,ajdiamo,mariamabrowntrump,bhansen,appau,ezaslavskaya,nramanujam,slubin,kljaichj2,jonespr1,abilby,jgola,dorlander,sepd22,mjb005,amrita4,bjohnson,dzifaclem,rasolercrespo,wmcclain,psarnacki,idnu,abaum,austinisner,clorenc1
perkins4,erabkin,r.gaucho10,haqianqian,lemaitfl,sylvain,kayum26,lamirab,filislv,gmahieux,claclacla90,clevz,mrudolph83,georgepatinio,mcnallyh,badr.slimani,shadow7117,fbega,fbega90,hariharan1791,m.asiatici,stefano.dallorto,dorgesucre,mvoght,florent.saunier,ruizhong.lin,kwyse,abylard,joelchevrier,ozgek,willwill,bennettc,brakh90,sseifert,amine1991,capitaine.a,vivansachdeva24,scibetta,klemagnen,davide_ms13,samuelenanotech,momodouix19,spence,1234qwer,alberto_lauri,mosson,christo5,snuce,ribetfe,starboy612,qin.yusen,francescobassobasset,dleak,giacometti.emanuele,sharo,julieste,eleonora.deluca90,nicolas.dupre,soundousch,skillers,emmoser,simone.bonaccorsi,sweber,dsimat,lterry,bahrami,remidujeu,souch,ratzkma,milantadic,nanocate,mkoszuli,czehrung,ipad140
lizardbajema,clairrv,vivianmu,danielsangabino2016,bearman24,rbareket,vjv100,wucki,ksung115,ross0001,alssetton,priyankamody2016,gretskyw,cbeauchene,umwkjames,mmicucc2,jif139,osheen,mchiu,jpg710,feuerstein74,tsail,bartellofellow,mcarpent,mishelly,ckitche,grahamgreene,aversf,jam808,jacobmin5,chadling,xkirkham,codyschiffer,ericaminor2015,jguenzl,abukur,higbee324,jasonvignolo2016,wlangsto,melmelgg,allieatkins,dgu377,iheomamama,himanshu10140,fillie17,michaeldiamond2016,cooljeffrey12,afarmer1,pemsley3,tcioth24,aniab205,slhatch,ajb885,cyrilkhan,monicarose,jqt050,jamezfan,rhiggin2,kyleraldrich,gmian,rsherdil,jlarson8291,garbanzob,kep924,dcm506,lmonz16,satavarez,werner8,jepson23,mauryasateesh
jang33,aggarwa2,jtschlat,egaldean,fkirkici,lpolicin,mhasbun,kim949,carlsoa,mikerice,sfreidel,krreming,ksalty362,jiang134,klynn9415,thjames,cheng60,cchivapu,vsomasun,accorneron,mhasset,teekeith,bryanth,gonzal57,alarkey1992,mkagzi,19denny79,brusk,bstraits,alajmi,schummiking,ososongs,cyurtbil,mfunches,zhang517,li696,lolechow,dkratimenos,amangarg2004,acrookston,sputnik91,mdosama,fbaiz,mille631,dlqudrb,tahady14,box,bmohseni,mpalusz,fkulhawi,ahuja3,schansan,lin146,dpevonka,eleeker,cbrunnem,omedina,tiyas14,agazarin,ander199,gwhitmor,katiemmartin
marti447,mtoomey,eauchter,wu289,hamiltoi,rfreder,nashj,kim1325,robdouglas,btims,hill14,abesich,jepling,grawlins,philli69,yetianpp,schumm,butler34,neesea,ascherba,rgalley,rhodes6,fehring17,cacecious,fan48,typete57,eandreas15,rmotyka,d_chriss,gguanche,gao92,acasares,pnorman,hmacdon,gray54,barneyc,davis206,jhilsmie,hyovento,hydee7,mkatamba,ggushurst11,kdornauer,yohung777,wang1020,mmichie,li790,rclayto,iramire,rweibel,townsenm,dchung88,anna.jupo,jhirschf,mrovella,shihh1106,egrendze,mcarrig,rivera12
ckang4,jlflfowe,anilkumarchoubey1,erhoglun,tgpayne1,ssor106,kemawhin,zuzujh,4rjglembo,sjlofy,jjstark2,kebarksd,menchaca73,dlirving,carbinns,trhatch,lahunt,mpshaddu,ankeith,plander3,dfcarney,traharj,jmlee10,jsmangum,sjsadovy,aravindpattazhy,jmtruscello,tsedreyt,tfpodbes,bhag276,m1smith,kpfuller,bspowell,lgcline1,lrmaxwel,jscasey,somewhereout,jnedward,bksmith5,klstaffo,ajnesbit,smokedestructer,cagarza24,quis,carolynedavy,jz,martab,soniazielinska,lilj527,paolo.posocco,jcbutle2,sualam,deancjennings1138
liuximeng25,umerhassan,ivver,wchin5,cnyffeler,geskinv,volrath85,moniri1,gvousden,shivare2,madchazzler,verallqq,weichunan,hannes.maehans,guido22,jrsanchez,peter3569,jblane2,shichuan1989,rccarca,arabind24,khadka2,gyrovastur,kibria,kpark39,davidhall,wchoi18,tlehmann,kwon37,yjiang40,brettloh,mli47,lplucinski,liudvih,rmjacobberger,dinger104,radon89,leoppp,cardit2,daixi_y,rooney5,lobert124,wshin21,jacobs25,bony,hermtm2,mail2na
emlaird,mj_eet,ibr990,js1993,schiev,marshhl,djllamos,aka210,dmsalz06,dwcallen,el49,zbertram,atainter,guozihao,matthewkei,wolfkodi,bogenmat,yifeiw,sammerchant,healthydude,tlbowers,rdcoleman,cfour,thekidmajunga,mateo101,sauliha,lwmulkey,starcaosh,youknowitshorts,wileyjp,bfraney,camp0250,albertk,skandgpt,hetnets,shariq_khi,ajahnke,rezalatifi,difengliu,zach.njus,tian,clafollette01,dianmu,normantbison,tjkong,rademacherr
zhang.2373,eduardo.calzadilla.5,jdlok,peerless,corysaige,adamgibs,mrwheeler1776,phantombullet,wellschels,ecourtad,tsahlin,muditgupta.imnu,li1466,ritchie.77,megan.malara,psommer1,jenkeller10,sush4309,andyzhang90,sulewski.4,riker.10,jthoms123,collin.whitt.9,michaeltita,generalgumby,schultz369,brese.1,schick.46,hinzman.3,cotcasek,chowdhury.39,dweber324,wangxihilary2010,middleton110,monkeymutant90,burgersvectors4days,rabinowitzc,djbenzene,saturdaynightlefever,rgrote7,sean.mills.7524
circuitsgal,gradnishit,robbarnard74,mjanoff,lwy100,namikaris,devin8,shafeng0820,aaronragsdale,marcosf,debourcy,chrisnc,lnncjaxx,atphilip,kaofrank,johnpc3,srilakshmi,lizhao1324,timreal,pgabriel,normanku,yuxiang68,dlwns87,chintanh,simba85,ramprasa,yanti1409,smaes,marcjank,hisrael23,mpsp4,aprilsusanbrown,lupin000,cchapin3,jdoane17,ken.diedrich,sheridp
nirvanaryo,8mskevinthegreat,philips1992,parthjoshi091,zhang258,huang20032,yuecs,urmi2012,wkdghddn,tlou2,whyloginwhy,limiard2,troc2,meghanaakella,cmcody11,rcarrera,hpatel17,klug2,montio,rileyhanus,proheroes,jessecoffey,tan020591,dcoombs2,phatlobster,pseudonym,abolin091,harvey16,yihanli,mccorm11,flores11,jeswear,zouden,qiyang1,hariankit
zytung88,melisamariel,grwilke,vignalpa,tnguye23,amokwao,chourasiaanil,ahomman,angel.salazar,farhadlarki,okravche,j3holaday,kdeshmukh3,rkotlyar,phuffman,jaya0046,zmarks,wmelton,felestorres,casfan,mahyar511,zlatanov,shenyl,pjmadrid,d_farouk,slee207,sangwook,abdul_88,hwkennel,versucher2,gfaure,lawren13,amitverma
richarl,hojin92,hamsini,memo_juentes,rpromyoo,ndenardo,jscoleman10,agatons,zhou118,cochraj,sunnyzsq,mpavlic,anderst90,hall82,kstubbs12,tlambros,tliberat,fox8,bvancure,jpicone,edgar4llanpwn,bminton,lohseam,madducci,opierce,miguelgastelum,cheinen,zkwok,burton13
islam.helmy,elramlyahmed,aseddeek,moh.eladawy,ahmedaziz,mahmoudmaher_2011,eng.mai,safaa_ahmed,mahmed,alaasalahedin,eng_zee,mahmoud2moamen,omarelgabry,eayassin,serag,elwaraqy89,mero86,mazen_soliman,karimosama,mahdy,wael.a.elbreky,lobna,mariaaaa,abdullahbayoumi,digital,mostafa_abdelreheem,ayaelsayed111
emikozumbro,hndhlovu,gggaam,marcatiyeh,zsebenius,chauhanamol3,megan.fazio,rhellar,antonioksweet,gillianalexis,bewhitejr,harbing,jonkje,barnett5,daniel.thorpe01,xiao01,zamyla,darthyoda4,kevinhernandez,nirvanaa1986,stevefburke,chanfest22,saxby,fedorgarin,cpchu
ienemyi,maruna,stanek20,jerrys,hamos,xmizer00,gigabeatle,p6z2d2,xpavel22,lupo112,jtomko,pajito159,ladadada,jcbob,andrejtt,d.petrasek,zrzavymartin,kolzig,xvozda01,xkulik02,zlami,kamikadze,zoidbee,hjumanik,xtrukh00
postfrosch,hfroehli,mbrohmann,earian,mimo90,kklauke,peterlustig,angelika_m,hclwwb,bal7047,meline.osini,ingutscha,nanosciencestudent777,lguo,csaggau,misha89,caviidae,vikpa,nanocj,tshiamo333,dewlos,jordy,agraefen,sara
twilightmoon,mshirazi,anumwasti,chris8302,akstempl,venkateshgadela1990,asmith150,ejdawley,tporter117,javalde88,mtumzuri,hsueh0,singhharesh,shahidot2,kdevries,david9684,brittsbates,ezra,amyjoemary2013,blaisten,blakevermeer,mjaworski,jakekriston1,eggsandbacon
nithinreddyc,nmisak,dee7291,solds72,zhang275,niehaus5,sjkelly2,jlee3725,hasken1,tuoliu1,kilpatr2,kim852,hanley7,kamman2,ahnkang2,ankitor,kumikknd,choquett,oleksie1,gobias,jataput1,husak2,jackmaster09
marberner,kuanysh.samigollayev,csgardn2,kekeoch2,akshay9415,suraj.sv,manlymax,stavanp,hzhang1991,tusharkanti,nipat.liampisan,pjurik,kaizhi.qian,jkernagis2,keelezibel,chenni1,croros,becerra1,abonifa2,hknanohub,luochen93,chong.gu.5,may.jonathan12
e14f62user01,z090251,jmlee2,syedbrj,panlei616,kuanyeh,ivanweide,kaikaii_88,synnmalice,sytham1,tyyeo1,ayesandarthwe,zhchew1,jmchan1,zack560545,regrip,mare0001,chjrommel,andrepang,lxzj,jason4614,katsura
rrhein,sheinze,caitsmcdowell,hammyd90,raasok,wcl212,latture,mmaier,shgriffiths,mbutala,bksaif,idajohansen1302,rneed,dbec,pmcbride,kohara27,humbertoforonda,maxwellfisch,leah9288,crfreeze,cklyons,marita
grahamnelliott,long102,hartigj,zhao284,runner88,mkhalil,niksa,rmallick,goris,kkrawczy,love20,siwata,jwoodwo,jfraseur,mcbridm,huang480,li1114,hbonnick,angela.amador,igilly,french2012,mfulwid
mrjohns,lukemosier,kevinf.indy,uday14kiran11,swatveld,dpozzo,lohitvoleti,piyopiyo,chaitanyapalanki,chaitanyapalanki1,zerorcher,jared.vanderlinden,lwchao1990,sbarton6491,fulton.aaron,zamanifm,kelparks,logvyn,hesam1,adaneshk,namrathakakumanu
vishnu489,fbp,zhuleijia,svaddi2,veligetirohit,averma4,jtam4,wzheng1,maujour1,elodric,yzhuang1,navjotkaursidhu,rohith.a887,leizhujia,rhaque1,m_grant,sgutier1,kmsurrena,arwafraiwan,wamarin25,malaboy1
felipedrazzini,agussh,lauraboisselier,01luiyi,caloepfe,chv_matt,mike.holman,emilioea,spazos,diegomsaiz,guidoe1,matheus1618,stgov,pooriaasa,javi.harry.311,agula,sebadeli,mirkov87,tuanlq,hamedkamrani,lucasebasg
smith143,chen381,poopiepie,hazarik2,kwh1210,niranjana123,asnair2,buris1,huynh8,serna2,zerocs,altman1990,lauschk2,pillari3,limiard23,hganesa2,yzhou19,hazypensieve
gksam10,mcscoles,matt.giuffre17,ani197,aserrano25,campric12,evejak,saracrane,sammarano17,amikol,kfranco619,jacksonweisman,kmp511,cmt332,nehagreddy,natmaj23,kma542,sasquatchcas
bruce.wang.9484,juho007mon,cheebs,trived,cjxcjx0514,thewayofdragon,just7344,fogarty.m.a,avistel,vincentzuo,andreamorello,luhanjie,yorkie1990,rossleon,jasonhwang,tfis189,x.william.wang,manuel_nanohub
cburis243,paradox116,musicman116,banothu1,johnklord,limitless,etr,vwu120,dvncrtr,neelabh,strasbe1,frey929,rainbowdash,slee118,kang976,jchoi110,ramakri1
pawlick2,fajardo1,yangxiu2,stephenyzc,m0122013,wdyarthas,sam5849208,jiwonp224,mbsilva,bradsnyder,ruichen77,teweichang,oosuagwu,yjongmin,dongkai.cheng.7,clarissa1907,rangara1
deigan2,rohanmehra564,akim77,midojiho,shseo0315,rgoel4,chen387,jungwoonhyung,xcy378543248,lee307,villanovaprep,sqszsqsz,ccody2,banerje1,adamwright08,smtanaka12
banks8,kluczkow,grundle,mmendezrojas,ddellin,k.banoo,andigax,meruyert91,umar2005,knabel,matthew_majestic,ashwinig9,samypal,sks,dunkard,dejansson
mrd6233,rf_carrot,zeeshan.j,mxyzptlk13,jjg5859,doug.gawne,gozdet,pec8120,yalgee,ccluhrs,mattronnenberg,zhang655,julien419,ub2wark7pe,alveenasaleem
samartinez14,vhescobedo,adelreal,cejay,lacruzaltamirano,darkdvnt,jcknight87,jamolinamonsivais,htshearman2013,svasquez5,lauupadilla,jcdelao,aalvarez13,dbujanda
yism1030,elsys,boins95,kyooho,flypsj,mrs347,ddambread,ceilidh1,tristan.deborde,csy8259,jschen123,sungjin.choi.3517,blkeliehor93,zen84i
rdkim,doyoungkim,dsorenson,jdlachenmyer,qvdoan,haven_tran,tolwin,hlrosdail,yjhong,ialtamirano,ssmercado,philipnguyen,tdvenrick,franklam
jerrysunsun,hardeepd,dnplascencia,lpdelosreyes,justinchen,clphillips,mgcarrillo89,cvtamayo,nbferrer,knwilliams,dsmelvin09,johnsonle,jsoliman21,jtchilds
ajith1235,sdurski,shuajmac,sgs29,bamcnally,weibings,mems711,nursalahuddin,mudanais,philipm,jagdish.ak,mugsy,athiruve,varlioglu
dysxks,ritesh,axiteen,anthonyc,hsliew,iftikhargul,yuzri,vytla,yueteong,sangya,balavinayagam,yueloongkiew,elainechew985
k04e,grizzliess,mihailkarlovski,crackmk,martinpetkovic,csnapdragon,astrit,lehrymut2,dragan.trajkovski,pchurlinov,patchev989,rade_maja,aleksandarnklv
majikarusashimi,codeman88061,nikola,testhub,maninpat,iseeiwatch22,siddarth.kumart,jaimegood,jacksonborgesjf,sbdicenzo,bilal_barut,stegmaier,alejandro.castaneda
xxjuras00,esrinad,lkbera2013,falarios,dwnam,fogging,scottieman,mohsen.zaim,nafuentes,p4prix,cjean,flashdisk,hsbyun
jkim441,ksuhadi,lamarakshat,farina1,haukchung,niknaim24,kdatta2,peter.kula.9,champton123,brendan.neunaber,wpl911
lcsinet,alvaroarellano,sofiahm,franfolino,alice.liu,haspeslagh,alambrecht,pharizna,lenatokareva,rajupillai,mgarciarui1
pauladrm,natop19,tatiana.ramirezc,gloriae.lozanoa,huseyintet,jospina39,emredoruk2,cristianf.limasr,camila,jonnathana.vaccar
tuqinghesong,gpw256,changyi,hagenvik,hengameh,sufian,bjoernstroem,lzl200102109,kthorkelsson,alex77125
ihcarrasco29,crow33,edromomendoza,agarza12,rjibanezalcala,eramirez24,etome05,agomez30,jchurtado,markim
nataliaortiz,npp378,unalgu,danaesva24,dianam.olayac,paulapi,hfragai,gperezbautista,cincaborras,andream.gonzalezc
daltonmartinpurdue,li835,ahmedkq,ddeluca,sschifer,allen141,huang302,xarune,shreykumar25,zhang820
linaw,ssob,chiriviry,rrdanirr,ffabian,aurian,koalaa,yo,manuelcoffournic,juankabf
evanko,levmil,acespenlaub,v8xi,aec1986,armypunk,cpynn5281,silviach,seanharrington,silentscope
nanophys,stroscio,congb3,uic664001292,psengupta,mikewimmer,sakib.livan,simplezjuer,yunhsiang.wang,pranitak
dmarque2,asarwari,jakekriston,jaimealanram,jond,egutier4,munir1992,akstempl10,meugenis
micro,kumarmvjee18,sarsedacn,pephi,shashank1005,bhargava.365,johngaea,waseem.shaan,admin_scitec
cyliqh,epackicme,liu956,bbayzl,sunyan0106,sswamina,me612homework,smart1231,zeng44
yma5,lukas.hurzel,lbouma,choongho.yu,bneunaber7,raphaelprestes,dillon,qizhao2
mrwhogbin,xiaowu759,gfaccin,domenus,mirezloh,abhijitrmly,cobalt60,bgiff529
alejandra.fuentes.52056,lauupadilla2,svasquez8,zhuleiji,onijak,buyzhuang1,clowlide,kikefreixo
tjmapper,church7,crp10,alex_korr,nakbong,peter8909,haknamu,yunjy
raullaasner,rajaemaster,anveeksh,ddong_li,jaked122,yuuabe,stasloginfo,jianchng
milerma,julienamand,dblanco5,rnevar,bhgarcia,jkg0,mokal_nk,khabat
aswinv01,ninorpereira,tmroffi,statt8900,mcnicholas2,alkamid,cooperj,juanmaria.campos
ymnie1234,gprodan,leks,fascinum,hrvoje,olsha,qxinhong,ilukacevic
azaamaziz,zhou313,reddykpk,itpadel,sharang4gres,preg,amalnnraj
francisco.pasadas,juliblasco,xiaojuan,d.moller.m,manullamas,anton.fernandez,mmaestro
josericardo,aagui,catalinaalbornoz1,cdaza933,dm.camelo2610,dm.sepulveda2246,rafaelsosa2013
olubijohnson,aries2357,berkeleyeric,nmwashton,fouroulou,smaelabdoli2011,majukayh
mcilrath,vinothr,kumarrajesh295,amirfr,jim.stafford,sharifeee01
jtzhang,petiepiranha,mpan1218,dhynb,jherring,yekhalaf
brh7f7,jgdfb,vtty6,jhc7d,ale6d5,jbair34
mrs.melissaannbaker,arunodoysaha,elena007,ann.markegard,lewisac,cakers
abdulfatah.jamro,dhanmaria,dalsimlee,ylao95,thboth,antoniovalletta
nayaz2,priyadarshihinimd,0osgxasfzu,yash1182,veenashree20sun,shreeram9933
qpetros,brahimlag,neozero,sandycx,foxterrier2005,ciacovella
praavi,akanksha123,tsz21,jesalshah,bhushan1990,nidhi25
lipa,microo,chra,martin.sulc,xcucka00,xkiska00
shuttde,shdmfsh,koka15,ohmymarine,breezer,sossuris
stran020,jmercado90,redneck14,vsevi001,mmoli005,jagua004
ayujin78,ericthibodeau,5nerburi,icar,oopsy89,kabolis
planum,lunamyth0126,hthomps,cnnick,deleruyelle_d,jiannandong1981
yeopse,renemeinke,ekatwin89,mmanciu,naruto,susirahayu
vchia,raclark93,mdevoe,efodor,jkchen,mkane
zhubinaa,guy.schwartz.336,matt.weeks3,hahaman.blahman,phzopehub,tylerscottsmith07
fatilucas,nasser.asroun.12,mich.papanikolaou,sweet711,sepehr.1988.tahmasebi,vishal3990
scmarney,bhunter47,asdfg,davidnietosimavilla,zarate3040,vojtechsv03
minimumtone,angshijun,asuleman,turgutyilmaz16,mbuerkle,sadoun
jls87,waterwood_be,cwlai,shuzezhu,joostvdheijden,ou4sdripmv
lskim1,jmlambe2,e23co14,jasonkam,weiasian,kegans801
kissan.mistry,sschneider,yankee,fischminz,mkissel1990
kubiczek,trinom,stitch,tomshon,michixxx
jakubonderka,peca,xhradi12,kiwon,skutchi
fs3000,sachindhariwal16,tizhong,suyog,raghuraj
maria508,maria_c_98,fvalencia,jeffwebb,mariacamila.rincon
cbarney13,elijahecoley,rcrean13,mohitmeht,jwenck
marcaccio,leopold.talirz,slk5dh,nelsonrufus,limcy85
sathish,safiranayaz,i4poaffjwv,manjunathsudhakar,maheshshastri
gggfred,yifan_2013,kimi2013,difeng,facece01
dls1947,guijarritos,jamiltoniano,eucgun,shishkov2011
juand.sanchezo,luism.quitianm,pauladarm,lucg6035,fabianinf
xhorej00,patrik111,xmusal01,kyselevajco,dartblood
salchi13,adityajain,ddrosdoff,munir1,leenacct
chadious05,ridha,phacl,zerenatolm,premv2001
alexcs,nyhls,bamgbose,palvi,yoozy
yqchua1,choushing,emirnury,jtang2,jimmcginty
jwgealt,khaledkirah,wgwstar,jam_27,virginie8
myownnanohub,danieluribe13,uwpstudent,sushi55,newair
mrj32,ujwala,aldougolotti,pmarsha,perry44
pradeepvarma,maheedhar,chgrein,ashuiitd2011,dixiao
ecieren,gdiloyan,samshah123,carneade,nanobabble
sumudinie,yuling,ajagtap2501,ghowlett,jabuilesv
sula10,samart19,oreotime,cedarj27,safreita
alisee,kaninen,joyshubhra_eee,sharnali810,sohini
chants,kejace,haolpk37,smukher1,bharatgajera08
leigu,vanmeche,zit0s,richardmeng03,nano529
jgassens,skankash,cavalierturtle1,rishabh90,saurabhkh18
