perezsarmar,miloaismanis,pvalladaresfdez,abieday1704,pablobou4,jinwoo2,oishikfaruque,paul.aniruddha,olivier.gilbert.paquet,estebanrial,scremin,wahidiah52,sdehoyos47,janeneil88,tyy233,magic_ocean99,gabrielyii99,nadja1,alexisdixon6,m939454,yaseminablacandir,46harunakgul,brknshn,seifhabib,ericrobles,kie180702,ablahsaoud,ranasherif65,va844,brannon44,fred_dion,youssefsherif22,mavanzato0418,farah26,dhodapp,siemprewowthechami,ashutoshsinghhenry6,yansi,kyang37,muteki,ramy_maged4,hafizmokh99,irenehb92,redzuan11,baleko12345,nihaosawaddee,alimatama,akash140410107098,justin.lariviere.25,teoster50,cheokonn,mohamedsameh,eddin21,alifzulkifli99,smrdafdl,acregodean,aengm,lsleed,abbesalaeddine,youxing0309,masonpb2,david.peral.moran,eduard25252598,asyrafaqil,haclarke,tingliang,masitadonmez,retty8,staceyn2,javierisma98,afeefz,jinsup2,farahsamir978,ahmedayman2370,martin32,mrefaat,lukunze1,sanchjai,kimzihuang,samet1231234,fkl217,veronica.mieites,jpmcgee98,sealseal,jarodm2,rooban11,nbs691,tdubnansky6,rahimnoorj,c.a.stupka,zhixin2,gabrielyii,tss3,viratbhatt007,amni99,xxlilmontysignxx,adam562,marianne.gratton.1,mohameeddsamy,physquig,ikhbal,vincentpainchaud.vp,jn1404,tmi211,movi205,hamidausat,williammitchell5818,chengweiheng,jbaggie2019,helenalecoq97,harshini9962,moh.ashraf105,mateocampos,latecnologiameodia,joker632455,syin4,stambo,e1150590,sarapl,ilou,saharoaf,hmoulvi1,jorgecastelo5,njgale01,kerryreto,kie180028,pablosaavedra,elad.d,musabmalek0717,david_atef,zakhwan7,marcosanllo,jipiccardi,hong_gao,s_coriolis,mengkem2,pip29,ahagras13,bcperki2,michael.mechelay,amlibrahim,bassamtarek,mohaballam,taymacnichols,anwar909,juanmacano97,andreadiazgar,amr_ua07,kie180031,ahchehyan,nourananwar123,alberfn,ahmedsameh1698,lauragdevesa,nabilah1403,happyleexin,j.haliburton,je_guilbert,abdulrahim2905,oliviercharbonneau,saegner2,xosegq16,sparshagarwal1009,marcmagdy98,lauramolinosmayo,kaitlinh,chithong,electronica18,baohl2,benoiturcotte,mariz,ludovick.begin,caglanlee,tbryan,virajput299,kason.carroll,guibill10,maramtarek53,akozych2,worldlineusaf,yeejou990318,gxiao2,leejq,gc_1,sandrabashara,kychui2,guoyao,muvafikmelikkaya,abdurrahmn13,mmartinezsanchez,elizametias12,gemma,khazanv2,tonybocadillosgrandes,mjoza2,alancantu57,ramonruiz.infor,martinzapata,ammareltalli,zehuahe2,rkchapman,malgaca,maniphysics09,wowmuchchuck,kie180079,vickytubio,nuanno97,jahnavikachhia,adriancheah,kiruthikaabalu181996,xyz11,isabelmaria.vazquez,melaniejkramer,mjgebara14,amiruldanial99,ugur.cankaya.3718,bharath3,moh.bahaa,noureldin1999,shradhap,soccadelic44,xunyong,pythagoras2,jtorres17,acn562,neuroque,keerthisv,adnanyuceer,omarmagdy,vanesagarcia,bleuminuit,evrenyigit,ffazul64,mohabayman,cloudyoverhead,youssef2042000,kirankumar94,ankit6257,ari6nd,apb5472,pedrosiaba,samashraf1,cbecker413,nihatyavuz,david.garrido,cristinacigarran,manuelsomoza94,pranjal3,nadhnasorudin,ahern0722,njs035,sinasigurpinar,tuberkargan_97,ypp200,prakharbhargava0,mohammedemadeldin2000,kakmeera1999,shuming2,mgk816,mcruces.fz,miri23,ryanboucher,aasifhameed99,rikardberger,bhliu97,rileyroca,reemali99_,aimanadnan,pingan99,kartal,jzhan142,michael2010814,spazos7,carlosvigo1997,hf4,dlee145,nikalyaamani,fathy1104,david2397,rocio,lino13,tuberkargan,sriharshap,ckim123,yjenyiee155,anibarseghyan,emrebuyukkose2,puertarcd,vikazvereva,nowapoca,exjamil,nazimmath3,fcfrancapra94,carlosvillar54,dkshelat,ethanmorse,damlakubattt,amani12345,lderemo,talwren,kirolosehab99,felivitullo87,ales.gajdacz,diamond92,shaf31,jacquelinethardin,facundovia,amrebrahim,anxovidal8,kowjiajin,kalebhilde,luciano.brignone,ryanorem,dcpang2,arifjalani99,melroy_caeiro,danielfernandezcalo,aishu98,kanet1234,sebasket14,alecorti.pardo,carlosbesadaromero,onaam8,vblanco.nico,josepazmartin,aimansyaz99,arrow823,atharva98,amparo.castro.96,michaelsaldana1,aaq,aboone06,prabuddha_888253127,atx203,emilechouinard,jacobzeshleman,guttsfulltyagi,mallen22,mr4425,annahaozheng0606,tamchouweng,saipraneett,anthonyroux,corredoira,berkaydean,ozbunar01,ahmedamr,alidsjt,apascao,janalorenzolumbreras,kaustubh.shirpurkar,ledicia97,ematson5897,maxernest,jaimefookinlannister,camilolcastro97,efrenhub,rishu,nagihankececi,trkmengkay,ozgurkablan26,travisc2,hilisa,khor,bflores18,coderko3,selena,nadanasser1199,dancastaneda,bluelobster,adriangarea,hishamzakaria20,avw2,restep2,nolmos96,svo4321,dhvanil,adarsh123,al4995,omardeyaa,rxtodd,kie180073,shorouk_ossama,kph2,jeanmichael.deschenes,zikrizaki88995,desmondsoon,azizijazam11,yubai,syedzakwan,ammaralaa516,kie180039
wang4150,peter411,ggauthi,ggoldate,jmojazza,sknecht,ryanwest1040,rishiprasadha,mengelh,cartmaster007,ikobayas,jswetlik,mitchpohlman,kknowlto,kentoneriksen,maxwellfra16,imran3,evdaly,nggoodie98,btestin14,kico,herr13,vpope,garret28,acostab,ayermemb,enadler,akreuter,angbecker,eiglehar,scoan,ebehring,jdanek,ashleydavis,albrect,dgreiwe,yeager5,fvora,khageman,justj,ggolla,suhaira97,cho246,ryry1644,asartor,kgmcginley,osborn45,canadaman87,crhodine,tanderto,kskripakaran0810,nt230,rjleach,nikhilcarneiro4,jschorfh,snead,geyerg,bsmrdel,ryan.wiebe,isaaclandstoffer,simekc,cameronfritts12,hkohart,chiranth7954,jacobglvn,claszlo,baker428,lesteryhz,reddy37,srasche,treyfinn98,ellis71,mnishat,tgiazzon,alexdobbins98,lrussell71,kirchhof,cclapham,buck17,jkekre,dsfgdsfg,graha167,singh378,skantawa,rsusler,xy.sean.liu,taylo620,nhdorcy,ebergqu,heinzt,smanspencer,mlinsin,mart1226,nstreb,hkaakeh,dschull,guenthee2020,kjh94425,lakmanligil,jstalbaum,john1886,mingusnate,hyndmanjustin,fahughes1999,aratkov,ling36,thedhowithpants,suran9712,hess35,benoit1,snowh5696,semond,vcotta,bean16,nbitner,fischermben,jskeens,wstolz,robo698,jaggarw,wbaioni,manjaekim96,lise_lpz,kruege14,conner.swift8,cputt,joshuajkporter,cmeiste,shadow66666,george7elias,sweis97,jklaben,munselltom,lmeehann,finn5,itsmemario,cmelchin,oliver67,hungergame34,akonopa,lsailor,mishra59,sahilshah16,mccaul,evandaele3,tilley0,yhoashi,talon34567,goh5,nathanmoore,rodri454,bihmike,tobitrack55,jmacklem,boninim,rao53,zjohnson834,rileyedelaney,hdeboer00,alyssamcnarney,emcdonn,bkiep,alineelquist,jfolkers,mcclure8,landon.glunt,anthonm,charlesma423,rhellyer,lee2370,swttprsjtu,mikecpmonkey77,mcrees,jbartlin,dodge4,yang1206,deyu23huang
masoudmokht,icasper2,davinb,iagord93,mrg31415926,minjares.jesus.ths,ilkaydost,raquelz48,baili19,metalist_kaan,kweze118,diegoerickherrera,caoboxuan1998,ivan0703,ahmad.abdulraheem,wynvlntkd,s.ganapathy.52,lee.johnny.2014,anoophundle,haticesari333333,meni72,jalujan8,mmert.bacak,barrsw3,cemkarts,kellymyers,felipedavidsp,cesarin159,edwardmartyr,teck60osc,mfrounchi3,yuejiaqi1,austalavistababy,walcottr,bnanojeff,jmckenzie,cgmartan,reyesmiguel888,norton.huang,chenxi9649,jarrah_5011,dterrazas3,raib,mattbalisky,omar.sosa.quimica,nimakondori96,chenlingjie38,tarek20501,cmflores10,ankitubc,jpjauw,melike_musal,ronal_denho_931,samiha_hassan,mkrysicki,fdo.glz,brunorodriguez1998,chazzles,dragonswrath,bpbkaminski,alexmartinezzero,kvziwc,vandphil,crysdbz.22,djm1411,odemc,megang1218,mohamedsaleh106,contiveros7,nyazdi,edwardleelk123,gisel.fregoso,dusty5683,koagbita,felipeballesteros1,osacosta,aralbevtt,furkanznkr,carlosmata,shininamuthiora,usuarez11,asolis21,vflombrana,fvaldezroman,geberia,polat.gokberk,cacost919,dakota1268,lmelend1,drhodges,chen.hugh1998,eren121313,hehasan,adhikarr95,mollyrathore.18,jgonza4643,teh,furkanturk1352,baatarb,alek.konicki09,lusiyang93,amarin2997,lrburgueno,fmyurtsever,sophia00,fernajes,elgohari95,jisaucedo,ivan07guerrero,dvillalva21,hm.am.da,lamho,gurindergarcha98,infinity444phi,oscarelozano,joejones143,kirito,yunusbaskan,johngould1997,saminsss,islam_hisham,mmedina340,phonegamepc,varlamovand,crojas7,parisa.esh,eliot9700,alanrayharr,keshavdidi,nsimla,krusea,landa.esteban,jorge1799,gandersen26,xbaca,fatplatypus69,emre_citak_bil,ydeokar24,cynthia.oaxaca3,heiknen,aguade03,oconnomi,muldowneyc2019,waheed.ahmed12,jscordero1,jerryli0711,quinnw115,nmalshammari,omerfkazar22,kareem.men3em,afkali.120,aramirez64,kaya.emrah.26,zubeydekal37,ponchitofam,atuftee,jdcanlas7,daniboy12,paulrakowicz,anieto5,hzlzyuan,yiyusiyang,josborne,laarvizu,willbouns,amevipin,zachfu97,shaffert
lwight,brenrice,reisnerd,myrta,dmartinfernandezvald,rlrob,dkatz4,vkov,phamleminhthong,fphender,ggmorrow,ftadros,annakcha,alexshaw,ialonsogago,lrhamp,artrinity,kartikghosh2008,eraeker,chinmayanandadm,dkfkadbs304,dhruvtatke,liutif,dwangy,jkern3,woodjosh,yfchen87,davisloen,kenmp,kcrawf,s.bikash,mccartnt,mirandamiao,amroe,dmcpher,komen,liannaldo007,ojovinomarques,claudsnd,sayanr,wbumbaca,lenling,tecatetrav,cpassolano,haileymk,qzhang,jcobolopez,serenad,optalmad,asadncepc,ybeeker,ksallans,narceci,msross,yhu55,stapleton3,tobias.m.egle,leveill2,dieguez999,jaketh2,umana2,krislew,nsk2,reedy,lmorrissey,alexzimm,asasa,brdemarc,ollinebg,mayank4551,cdonahu,hgaudin,aalmohri,blanzyt,ollorentemartija,avibreg,jeilers,ccafmeye,anfetre,rotenmax,ssengupta3,kobocc1994,mviksne,ssmate,llsloan55555,racotter,sebmuraru,bebling,shirundo,ldwillia,tmarkiew,ajhorvath,pdstaubl,arehman4,jyhoff,cjbmi,rrwilson,ehsi,ahmadubuntu,ggracevr,grfedele,solayinka,apielack,shawak,ehai1234,mlodriguito,kli47,apdoyle,amandnic,shea.costner,jerry0075566,snahe,deanjac99,jojoco,stu,yzhou91,hteutsch,healyjl,cintroli,rexkhan,jhardi9,werforgerf4life,cdrewery,joseam2,saxman25,danevans,zouhaox,ryougijc,mgratows,shamilt3,higgin24,lmeddaugh,saurabhchem09,dshah515,scollard,iamavash,xzhan147,rishavc,cjmichae,moralist,eescudermilian,tarnsangprad,tbarang,acleve,brokawat,mreed11,maymephilbrick,barbaraldoriga5,frasheski,jbpeller,tdabney,kmaxie,nikaren,aapfel,herrerag,hregner2,allendc,clindn,monisanchezblanco,costalt,malhark,jepi,ychen261,kjfrank2,pinea,katferg,mattfuentez10
jnewman0,saiadityav,ckroger,dokekearu,sai.234,lfeltner,libin17,haroonnishat27,maddiexox25,sophivcool,camilopereztovar,kellhages37,arran.yuan,nkpuga,evd15i019,josephel534,bilvin,michaelkraft1512,rkwiatko,iqrosaura,mbsmith18,trevinon,aswinshaji,spring12,kewlkahtz,wbaioni40,hanmoyuan1997,ashishkanojia50,rashida31,libardo11chapal,wallac68,swift8,champauzas,limasallesdesouza,adungey2,dakshi88,bubleedas06,jolene2,kkripaka,bgh6,hattan.abuzaid,bradsmrdel,pgarciav,k.ico246,richardzhang,premkhot5,groy56450,savannahlutz,batram197,dbbt2015,miqdadraza,royriveraf,wdrummon,ichouqm,drnnmurty,ananddrishyam,stewa263,geravilla,kamranahmed,jacob_just,richardfanchina,sfgdfgdfg,memoir56,aniver,davidgraham357,f2016588,fahimvora12,nmcphero,fenixarn7,bendavaji,draosmail,hannahdeboer0015,festum01,reshmithomas,arnoudonnink,jacobpeterson698,kapoor1439,evyn_routh,paarthparekh2824,ssbasim,amnaya,nowshinsharmily,luisafuentes19,agarw105,k38f273,sandeep4442,liamarasta,ayushkr997,greid09,danielpc76,sammyknecht,sharmarahul1597,aboza,raofthesun,rquardok1,lucasrodriguez,askrobis,ja.burgos,ext2a96,tasnim19,cnichol,gideon01,eddierules001,ikstealth,white519,tylera2104,sasapu,iseguano28,rtsaimail,akriti,esoar2000,akreilein
yuchen0418,paulceralde,jdagdelen,dogancansari1,tangyf,chemnius1,djay_kamat,zhuokaix,zjc710696154,xinya_niu,yuxl0722,wangshu16,kfctoday1121,liuzhenghao,bengisu.sari,rundongli,edjiang,caglar.tamur,ellisrae,clarissa,wyz,cbcb512,fxxku,wuxinchun,ouyangce,luyaozhang420,justinxzhong,pceralde,acrutt,nisarg_barot,jordanphillipburns,jtvardner,nwinner,ryanzhang,yingzhi_sun,dogancansari,jimin_kim,evargo,zhengyanlun,zjadidi,msiron,mpsherb,karafong,jianzhou,dgl2126,km3400,xiaoxi_huang,lym7820,cestellos_blanco,jiwenbo,sarahywang,jenniferdonohue,mattmcd1,abruefach,qixi_chen,normanzy98,zengguobo,espottesmith,yxy960524,chris_shan,zijiancai,rcm2184,samir.hossainy,ymengmandy,sun314618,xiaozhao,mariacfolg,zhongpc,ariannamaj,lichenwang993,aaronschwartz77,alvinakam,jordanpburns13,afa2117,jinhua96
albertodellop,carloscarac,josesoto,rokitocri,carlosbarbero,robee97,juanfran,lauramaz,lamberto,danielserrano,eduardito,ricardodavid,mozom96,franciscojaviern1997,kiarahervella,guidoah,claaudiaalvarez2,ionemanuelmoralesrosales,enrique97,crisalle,pablolgoso,lucigd96,josebruq,mariatirado,belen.moralesvega,jmleyva,cristinitaa23,carmengomezh16,nachoagrela,hikaru,ancap,lluis,adavidsubires,adiaz97,alberto_leon_cecilla,davidgruano,eletorres,isabellopezcasas,miguelangelgv,amontesplaza,nanopablo,jaigro97,tatifersanchez,juanalejandro.delatorre.gonzalez,jesusestevez,christian71291mercado,mariofnavarro,abignu,joaquinhernandez,adrisantan25,rafaelleon,paloma95,jpnaviog,gonzalogbb,karlosjusus,raulghuelma,ruben29,mariadelman96,fernandodiaz,joseantoniocuestareina,malena23,juaniandujar,javier7,aloptor97,fabhuecas9,theresa5000,pedrojjs97,pedromf,espi
culver9,yaly,thewireddj,jcerimel,park736,jemcmill,zthai,hharjono,singh509,jschuhle,jpothula,seckart,kgarret,mchmielo,klieu,meyer236,patel357,oojedara,ddelaure,nfantasi,pwhitmor,sumamah,wilso967,kjbolek0826,nseiber,mfeitosa,ndonorio,bjagielo,davis693,john2272,atramm,saltamim,deshmur,shannah2014,tverhoef,mgrande,rainswor,tlemonds,mhierlma,sshivapr,agrawa77,jroar21,jlebrun,jdewavri,haines18,novak35,amaghare,clark477,cheng236,ekachel,aardigo12,brand9,jang144,smeriam,mckenz12,rkitchin,smit3426,akirtley,kalward,dcaples,amaheshw,rralston,davendra,bird4,cmoneyro,green248
kramer71,bjendrus,jbarsima,myers283,zyma,post10,hali85,dbai,cheeseballs99,brenna13,sgudeman,krishn75,batram,cho160,nfschadler,sdhillo,jtonges,fmuehlem,atamvaki,knies0,awassmer,lin814,kole.mcginn,jmeneze,vma2324,haoyangliu,marcusgunyon,hriddle,kim426,rauche,kswiatk9581,smit2805,hardisura,singh386,stewa207,wscottharding,burnet19,sundara6,mmergent,jlueck,ybommire,aharbin,nschlei,zooks99,jtwaddle,azalar,anthonyjameskramer,matthewguido,cole141,slagles,xie317,soni12,danphoenix,spear1234,ali85,pererak,dast,aaryanp,ni45,bfielde,vpatel,mmulter,jboulayd,ianbernander,klein61,mmoulin
vaishali18220,paras15154,anchal18155,sagar17115,subhadipporia,sarthak16190,ankur14019,sambhav14158,sagar15167,mridul15149,nowudontknowme,adityadiundi,rajat15162,shivam18214,ashish18157,puneet16178,tushar18218,jasmine18202,shaikh18213,surabhi18217,manshi18207,akshay18193,anubhav15128,liusyang641,puneet15159,pankaj16176,abhinavg,avdesh15135,neerupama18209,hnspoorthy,saumya15172,tttakoglu16000,lavanyanadarajan,smartvedi,prateek18211,rafshezani,aparna18196,shubham18176,aminah,kumari18221,ehtesham18199,feraj.husain,aman18194,michielin.alessandro,saurav15174,emre1344,dhaval_1104,priyanka18169,gurpreet15140,shubhesh18216,elliott.rill,vedat969,tarun14168,shivam15177,shivani18223,akoglutayyip,arij18208,kunal15145,maddineni18206,sambeet15168,juilly
preet58,jose.trujillo,zh1246,oogii1998,ac7431,sdyfbew,liamjthomson18948389,gizemkaraca,navjinder12,loisonchambers,as12033,wndgml3370,lh2754,davyn,fjj5032,rsc5261,arunparth,cesar.sanchez,adfoz,cjw5647,jaw6297,erick.padilla,ytsong95,tornado_u,tsendee,rc2975nyu,mauricio.lopez,luz.valtierra,kevinberwick,manuel.guel,weekmooz,luzvani,naharin10,armando.martinez,shubham.mahalank,tfs5093,yaozu,siao,nymkan756,dsm5388,grhu996,bgutierrez,djb84,jesus.lozano,swagatam.chaitali,emilygroves18908496,tingbiao,hkz5032,sgu20131429,daniel.camacho,navaneeth.tp,saa5966,dfl,cannansong,mikeyu1997,luis.ascencio
lorenzolaveneziana96,s264651,luca.savigliano,cubo96on,saeed2428,amatodanilo95,alby.luzio,frankcapone95,eddodavalos,nichrh_95,fefo.cardile,massimiliano1995,xiejin,mariaclaradicesare14,riccardom96,luigi1996,davide.fittipaldi,giulialuparia,amirgrbn74,vittix96,fabry180,politecnico,agustingiussani419,michelemorani,chavezaugusto2,fabiopastorino.1993,a_giuliano,wangshixian922,abdujalol.usmanov,armankianirad,maria.fazio,andreaiadarola,gasgas300,davide123,behzod1996.06,guochao,beatrice96,marco.rave.mr,gabriele.c396,flaminia95,cuiguiyang,mr.hejianlong,s266700,ilariabushati,martap95,zhangxiu000,carmeladfr95,annapaolazingarelli96,mazzoni100,giacomosergi96,xale95
wgmoore,astrong,chiyuan97,itparson,simba888,bradyrob,raetaylor,asdsgsg,malba,saway,aleckschwartz,pgcarls,irphilli,jiaminch,kaigoodman,surfingslow,dpsnider,jkmason,ytaeyang,ericzz35,coll428,aflorman,avignes31,bjamadagni,jbuegel,ziraza,mswin,ohyli1997,mdengquist,shenghan19,rjbalbin,saffrondon,alecr,ehvicta,nshlesin,jewski,jms094,kganesan1,priya9598,edstone,ethawsaw,cmsmudde,jsputnam,birdboy,makoli,adlwang,markwang,louzhong,dmolivei
abeld23,rafe45921,ryanprescott,gapittman,abloftus,aaronbar918,kevindestefano,amberhawthorne,tawalker16,bbenzenberg,oliviabrandel36,smagpantay,amb0516,laurenlester,brandon_gould,paycinena,genesisliang,lsigmund98,e.e.ladron,pedro.munoz003,anthony7131998,jake2849,victoriawilliams1234,niturrioz,ria97alyssa,kishanpateluf,jbausch97,eric4707,woodsnib,nbontems,kitts4114,joshuajaime,k.schmelzle,flyingcodfish,christauffer98,carsonallen704,rschrope,vonh8704,ariheyd,mfnaviag,colleenweller,nmiller95,argho7x7,zweisblatt,sgulguleu,mql,gandorofthewoods,ibean
srb2,ssutyak2,astropino,omarma2,jgruber3,hjr2,joshuas8,chanmin2,arhode2,mblaauw2,mw21,chguo2,shirani,rhalton2,anunez38,chatchai.meena,txyang2,iflueck2,jungeun5,wellyson,jtkach2,wkeaty2,edimare2,danayun2,lsienko2,conanw2,jjwilde2,kevinjl3,ablee2,marcin.d.gajewski,naisong2,wsuk2,domanus2,peerawattn,vtagare2,darkzeroman,tz11,cbo3,jkubota2,pittges2,gcangi2,wtso2,rvplank2,tsehgal2,anirula2,pwalke9,qiuhuic2
nishant27102,mahi97,abeyer,aaro.lankinen,slagernate,f1hrishi.borate,kabirsinthi,riditarahman,ratul,sreechakra,fahim78645,frankccchin,johayraprithula,kvpshastri,smural23,prasannajit,no6,radahan,rivnatmihaf,shitalnomi,boyang1724,swadhin12a,misbah3229,sebastiangurgul,panchalamit270894,nancymaryrozario,dbsoni,kiran1997,tahsin2239,m_maks_s,ejskoge,emaminejad,abirmamunurrahman,davod_nodet71,akazad42801,shrouk.e.zaki,sanjay53,shannak,milan2019,mazharulislamshuvosikder,granielharneabrenica,santanutalukder
ee17btech11025,k.vamshika,maicol41093,rakshu.gade,ee17btech11012,sumanthcherupally,yogeshubbu,raktim,amritpal95,falconrider10,prag,siddharthmanu500,loris_ee,ee17btech11040,ee17btech11050,enricobaiano1,dheerajracha,pranjalshiv123,hassanmughal92,ananth7121999,es16btech11026,lorenzo.mazzoli,ee17btech11036,federicozg96,taruntejreddych,ee17btech11037,karthikp,ee17btech11034,yury_matveyev,124guna,yash6499,alhawajri,ee17btech11013,pradeepmoturi,ee17btech11014,ee17btech11021,parimiamrit,knsiddharth,ee17btech11016
rzouf,mackintosha7,fatemahkhaled1998,heba.30936.aum,eng.nawafr,gooz1915,ahmadshamsaldeen96,nada96,atoooma18,saroom96,fatmaaalsarhan39,aishah,shaikha.alameer97,shaikhalameer97,hjyagout30936,moudhima,ritaj345,hawraalsahhaf,sarahnano1,asultan1996,anwarekhrais1,kabdulsayed,fatemah.aleid37,fajeralanzi56,shahadalmotairi,hmdmyabb,mariamrald.2169,mjmutairi,nopha96,youq8_1,aahmadi71995,akalothainah59,poyaka619,shaikhahboareki,fabualhasan6,alshammarih96,shaikhah30121,fatemah96
donthefalcon,ms.alqotifi,rehamalrejeebah34,webballen,hadeel.lsoc,malekderbas122,nano_particle,kaboagiza,daiyooona,zahraa142aum,yousefalnafea,rtalturkomani,lujain26428,saud80,mjmutairi6,shaheen_098,mariam6697,taifsaleh22,ghadeer,anfal55,a7med0galaxy,mhd148,sarah9966,himepi96,ruqaya30aum,ebrahim,alaa.ekaram,boomboom3abod,esmarafi98,duha23,huda98,alialjuma,hasabelnaby92,ali996,abanoub_ibrahim,zahraaismail35928,yousefalali_
gaross2,xzhan445,awirkusc,jesorian,rgerbino,kpuncha,tethingt,trsauer,maalkha1,coreymlh,nsoderbe,tienvo1,kmangers,wtenniso,jhern148,dlirwin,jasanc28,stweston,baberge,jstewa20,mfelixca,sterry6,abertra1,bhscobie,jcpowel8,ksenturk,jjgreen2,bsweekly,gkim50,bpsmit20,ealmesri,jdan2,amjorge1,jdsmit60,nsandys,ttmccart
jmweinstein2,kevindavis11,mimiwilliams,hanchuan,abhishandy,victor.chen623,dkzr2015,jnlloyd10,pena.carlos056,willil13,dang4213,kubicf,m8porterfield,delorm,les,pmehta97,parthbhide314,keblinski,keslern,atablizo6,stormermatthew,quartincz,madigc3,yyf97,iskatel42,tgrounds33,alexperkins828,millerp97,alicechiu1126,schasen97,ryleejc,apecoraro,hovhaa,yangd9,alianna.maguire
g1715023,eldarsido,leica,onigiri222,g1715016,g1715034,og,maru1012,mazuuchi,g1715103,kobataku,gantzumr1229,g1715061,aaaa,g1715030,tatata,yusukeokura,g1715029,koji27nc42,g1715056,g1715102,seiga,kazu171,g1715069,fo_ryo_u,inout,kotamiyake,ywyw,g1715033,g1715001,g1715095,g1715111,qqqqqqqqqq
aghazari,yihong0807,xinranz1216104,mtmaccc,viraatsh,frankpan96,creichen,uclahuangxin,osgarcia,derekrsdhl,ruoxia,arthurssu,davidkelly,boyao,murlocking,judywei0101,oleon95,neelb96,jameskpenney,jameslewang1994,yingjied,yuchun7,qianliu0120,shikamaru0922,curtis804,ksanche32,zy111693,robin1221,gibbsfree,kfitzell29,chuang5679,pshir
hclee0908,victor15af,sylarsan,victor.avila18,anandbhujade12,yweng3,ecantand,vibhav261,giannissp,swastiksinha1997,taohidbinnur.tusher,pouya_es1984,victorjv88,huang_yuelin,js3452,haripriaganesh,hansungk969,dard980311,jalassafi,juanfecazuluaga,jhbernil,nchopper,shellholguin,omarbello,hyeonwook,jaw419,goldubra,alejandra31g,brooke93,zshi,shantanu.rpe,chola
courtneyradz,ckotwic2,congji1999,dawson87,mgalvi11,mongkuwuratii,rfinerty54,gmodano,cjupina,galboum,dwalsh23,akontrimas,mbicknese,ecorazza,mbrett4,nhabre,tzhang01,nbuchwal,graceembrey,kfriedel,tfannin2,aetim,sculloo,bbode,mgreen32,tmurra21,lmcdono6
ae.penagoss,maria.a.solano.otero,nanoxzapata,sebas.villaba2002,uniandes1,solerjavier7,apqc1998,felipehdz,nicolash025,niko_abril_cruz,gonzaloemr,svitery,jufepas98,jeisson1299,kevinbernalru,fabser7,cceballos1003,juan98,s.villamilp,mugnier,julissa.vigoya,ma.mozo,df.pena12,jaardila,alesk1208,v.cardonac1
rohityadav7787,mica55,goap23,gohari95,vyasatnanohub2015,lovro.markovic,djogot,watson,mihovilberam,mmatic2010,dominik76,az49711,serag,mica5555,ipetrovecki,ani.s18,sagun434,ivansirovina,ahmed_moustafa_94,dariosirovina0,matej.cinderela,skymasterrms,matijapucek,mjakovc
rutujakamthe,kajalbhoite04,omimore24,aditiramadwar,prajaktathorat24,nicket9,pratikkul26,piyamodhve,pjkarmokar,rahulbirwadkar123,bhai0045,prathamesh.shivmare1,juileebharate10797,pranjalijadhav0911,akankshachandoskar1198,adityakini21,joishersweta17695,shripal17,sourabhkothari16,hsnnalwala7,pnrs.pratik,gauribahatkar,pranalikothekar5
rms.maurya21,rushikeshrane27,saritav.9600,bhandarepranay9208,nikwade.damini95,ardalvi85,siddhesh.soyane,runakshi97,zainabshah181997,ajinkyasoman,tanvipalande,shantanu123,verma_34dh,sanket.r.makwana,kalyanisahib96,priyankasingh754,durgeshthorat4,urmilabachate20,kaushiksawant93,ovrale,aishwaryahiwale97,seemasaini282,nageshjaiswar11
grier,jinl0723,tess.van.d123,ksuman.d3,nic,krishnamcgill,tristanrenondin,omar23j,durnanoliver,quentin_norris,marwanchehade97,savvad,garethdpeters,yaqingxia18,mehdi.akeddar,marwanchehade1997,stevocan,anon5678,nizamdelhi25,kalilio,mahmudul.hasan.aust.eee,shelbyjnk,annemarie.zaccarin
takassa1986,wdze1001,will.salmon66,kiranpreet.birdee,e.desroche,sofiaarranz,ajfriedlan,14ers4,cookiedabaker,tmosh5,toto_bssnt,hadiyamadi,carmud,raanapooshimin,reing1ub,juanmanu04,laura.burchell,turnergarrow,sandracheng,trix012,lzuluckti,mohamed.balboul,jakeerickson
shwo0146,cije3835,mast4941,tygo2823,brki4304,juji9496,jeongdiana,seet2841,azevgolatis,erda6022,miev4575,jasc6140,jajo8985,rico4091,ryni0948,chva6514,sesh9366,dyho9085,ruva8462,vezh9312,nuum0371,behe0119
ibrahimabdelrahman,moontasirsoumik,ashsaifullizan97,amrelda7,mouxingyu121314,kie180029,fairuzzamzak,18081357278hjh,wanwan1103,kishen260499,aminnramli,izzat2774,tsluk,juneeee98,yuchennn,chenyongchang,aaronmanning1999,wanchin,ahmedgemmy123,karim7_albaghdady,adamalfian__,aesaraismat
mharshakishan,vishal.sharma.17csc,pnarasimha,rohit.sharma.17csc,jsiddhant12,tumati.praneeth.17cse,nikita.agarwala.17cse,kakhil201,kurmala.vishnu.17ece,imkrishh3,mansi.malik.17cse,yaralahruthik,agarwallakshya,zbrzubair.akhter,anushk123,nikita.arora.17csc,rahul.kalapala,nkonsam,codexas,tanishqgarg,m.ananya.17cse,naushik
glloperenah,laylet.rterrazas,frankie.hdzfig,augustocesk2034,esauar,rjimenez,geflores343,karinamadrigal,luismunoz,adrianrakes,salmacp7,dabuce31,sergio.alejandro.pg,orgp,luisv33985,cielo,aida.mir.cor,alan.ramirez096,joseluis35,mario_fernando,pmuxea
alsallamin,palmore,almuhib,giozaffar,kblandel,cli841,sal133,pguerette,ianbakst,giobarc,akshaytexas88,jkadoko,jab13877,markopeterkovic,gil.goviazin,jonathan.tran.rmit,jackietung1219,genevieve.kunkel,tworonko,qinzhao
gregorynoble27000,jesseschimpf,tic_ticboom,kevinsaythavy,kendranoneman,jadamsmiller,monetalberts,tylerwebb508,claireadams,henrikunold,oliviamaryon,alimustafa,raiflyon,arielweltner,hunterg54,nathantokarz,jameslamb,chrisjones,jasonpowell1,jiheonkwon
mandejan,anavarka,abhivictor2,zguilian,zhan1337,mill1914,bdw19971231,zhou646,samantas,ncummock,vdharman,ddmckay,unitas,kswiatk,ma130029,jlburn31,sandracore21,alotaibi,zhan3294,peter496
wan52,xng,davids19,gmclaugh,shaw108,jrohman,tthieles,aguyre,jkueche,eforti,mcdona85,vwallema,smit3180,caldwe29,cbischof,nramli,rao75,cpiepen,muelle77,nafandi
kartikkanchan95,vitthalkhatmode,aspal.rathod08,shruti1161997,khamkar.amar2016,shettyanish1294,anujchhabra25,72parab,rutuja15el,ridz21jan,swara37,uppalrishabh35,samir.kane143,anishsagvekar9847,nehashinde631,thush123,sushantbabar2396,shishirp97,asifhb21
priyankakunde22,divyassonawane,javedptl,max_mercury,rasikapednekar20,akshatask,sukanyajadhav1997,owais11,anujmdeorukhkar,sonalikharade5,rajashree.pimputkar,sanjit,rakeshpatil9271,prachi.mujawar,arpitgodbole7,salvir481,adisawant333,prathameshpatle13,ashnavirdikar.av
katharinaaa,nano_jack,praram,tactyle,evagasser,lia2708,susi,kzojer,millner89,yacine,jasmin.pfleger1997,michael.gobald,valentin1,t.chadzynski,martin92,nixmoke,elmar.aichberger,michele2,flipgard
hmfei,ljm79541,yu123,hujinding,yuziboziguang,xiaoyuwang,shushan1,mhn0830,gerrywong,cifer,xiaoyy,limengxin180493,zhaowenjuan,jklei,huijunz123,md0318,jinmo,qisha,liuweixun96
shujahrehman1,samreennazeer,hadia.fatima.ach,hywong2,zeaghamkapco13,sajid72hussain,abs133,rizwana,nbutt,aminah87,shahzaib75,arish.adil,mehrwaqar786,reebaraza,shahzad.rida.rs,sohailnagra127,onlineclass96,kaynatalvi
ja.hernandezr1,isabellasalgadopin,al.indavid10,vilmistirado,salomon.ulloque,alvaro22martelo,nlozano611,jcac0908,jhon,jasonvazdel,dhcomas,jcbuitragoa1,ad.gregory,andresvm,jpnaranjo20,anfedepe,dr.sabogal,danrako
qinaixin11,poojamstry,kabirsaidul116,sraboni0015,ahmerinam99,starlitnight,ibeeey.a,rahuljai8267,mahdieh.shojaei.baghini,mazeemkhanreal,chimuelando2005,wenhairen123,gupta,a00517122,shweta2497,mistryyohan550,sheebaishtiaque.102,asadhussain765
critcha,samuel.j.super,andrew.albert,zachshue98,liptacj,gw014425,jamese3,noyesjf,mark.s.mckee,basilefg,carlsam1,ericshanahan,jamesmkirk28,dana.bandi,rehraa5,boucheag,bballben417
driss.aabour,younesghafiri2001,medoubella,ayoubmardi,mohammed_drioueche,skyzelda,relmac,youssraderraz1998,rachidardouz,elrhomariy,youssef_el_kantri,ismail_laissaoui,sourakkata,mohammedch,zouhirs,rizkiyounes8991,houria
agnessanjana,ruchibagwe,thanat.t,t.bhagyashri,lokesh_mt2k17,varshil01,ajitesh,nasimghadyani,vinaykumarreddy1221,yeshwanthbugata,bhagyashreejoshi,ushah,raveenavijaya9,btl,vasuramadurgam,tkm9255,jlinxciv
abhay.kshirsagar,pvk,sachinbavdane7,vipra,rakh9000,2015anvita.rai,narayananiyer20,2015rutuja.patil,amruta.molawade,csangar,pravin_bagade123,kaustubh5354,itsme,2015sagar.baviskar,diptikarani,hemant29
woal7949,alh277,cl2563,dz289,aixuanas,spk52,whjj1942,rc564,atif47,vsroba,prof3paul,sg742,zhuoyi92,ruiningcn,bsong25,yd366
dadaniel,addkol,atourk2,adriengimonnet,yigitkuscu,recep.kubilay,bharathn,hit_zsj,derlet,ymeier,elegoas,moisesvazquez,matmat,agiordan,cprakash,valentinlafondrive
mar4557,samuelpedersen,andrewarmstrong858,cataanderson1103,chemokine6,stevejohns,timphero,anupra.chandran,sjriley,michaeleppel,scottbirks,tragon,embersikorski,jordanvandegrift,yeetus_deletus,addielupercio
kievdixon,jonathanshoemaker,natefarris,almastosius,tylerjpoulsen,kyleelay,tanyalu,lynnkarriem1,beckperrine,samuelmcmurdie,austinmello,dallash,bradygarringer,steve.r6531,michaelhansen95,paigeskinner
neilwang,raullaasner,bravicor,sunbowen,xixi.qin,tryeazel,williamzhang0821,fanzhang0815,throwthisaway1975,xieyiabner,turley.connor.j,azaleazheng,abigail.mrvos,cforsythe,jepatte2
aneshkumar13,maxaplas,rubarasheed5678,jsunp2,jaejin90,rmax04,samiyajabbar,ky,galanlopez.oal,douw54,s_huzaifa,ksie,pbehera2,yhsia,mr.x1375
danielamedina9937,jf.cuevas,kevin_ceron,ivanfsalgado,sv.rojas,miltonesteban.reyes,stephania_suarez,perez.l.carlos.a,joshuakelev7,alejagarzon,marianak.holguinp,da.ramirez14,juliana.jaimes.27,mchaparrobecerra
syawalnaim2102,tuanaiman,shahrul_iqmal,derekliew7,hakimiikmal4,juzairi08,peng123,wahideen_wbk,syahmikml,liya,aqilazman,jaysaw3,shenvern1105,thuvaskrishnan
sumner3,oaljowai,mzentner,engineeringkenyahub,julianjros,carpediem,jmeiners09,amagro,tauhid93,pmarepal,smoinudd,cjlee328,prasad25,sandeepnagar
shreya.sonal20,mbrasil14,matasoyu9,celinespathias,mschooljian,kilian.liss,vkurichenko,komogortsev_sergey,bmaranville,dmurphy60,kylewang811,tnportone,librandt,olafvanterve
manny405,ladykamcia26,nathanddave,jelto,yyatscu2009,devinhu,xzong0619,thilpert,imaad1703,dongyanliu1991,buct2009080015,xyttyxy,m.akifr92,nkatyal95
sayli8898,2015soumya.chinthalapudi,prajaktapatil,2015sudipta.dinda,tanviwagh,2015dnyanal.berde,tejashree.khirawade,aartimaurya5,2015bhushan.jadhav,2015prachi.kothawade,lairai9,2015nitish.nayak,kaushal37,2015anuj.pakhare
davidegallo20,abdulrahmangalal,ettoremasetti,lorenzo.benatti,riccardotassi,enrico876,yyogi,stefano.righi1994,lisha11chris,tommasodegaetano,dimuthuo,aymansaadhack,rcmyers78
dch_1018,msalerno,kelly.corella,feraya09,cganser,josesanchezmoreno2797,andrea.zu97,dgsandoval,arisansol01,dwc200,luisca1968,huihuangxia,arisandi97
hemant.wakchaure,2015harsha.kumar,aniketozarkar,tanuj.udani,rohit24k,dhairyagada1997,varunswadia,singhshashank97,aakashmeshram,2015soham.sawant,pakshal.m.shah,shreyas.sshende,jayesh.bhosale
m.dawson,mamonarao01,hamzaanwer,daanyaal,syedzainrock8,saqibkamal,aliirtaza98,hnihallani75,shehzad_ahmed10,khurramahmed1997,habhutto2015,hamzaq44,hassananwer1010
emilyg3110,ireland.gentile,abarbour,elliotthook,matthewhyder01,simranc,a_4cash,adflanaganlfc,angelaes,barat.abid,kd3591115,hrkillian97
jkbkaczmarek,chaitanyapasupuleti,cruiyff,cxy18,matan.bh1,sourabhjindaliitr,jianyi.gao.1,vineetkotariya,vkumar21,rqp5233,sj,ejg5281
sankalp8055,shivanianekar13,yash.bhatia,2015radhika.angolkar,2015sanika.pathare,naval29,abhi97,zobe97,2015vipra.arolkar,2015manas.kulkarni,2015rasika.wagh,2015riya.maheshwari
berkanaydn16,sudekoza,emre_krtn97,furkanefeyuceer,cihanbuyuknacar,onurcanozavci,fatiherdgn25,kganozcan,ulasgorcelioglu,elifisparta38,yilmazberat1997,melisozkarr
noorulainfatima15,chinmayi.kashyap28,shwethajayakumar97,meghasg898,biotechnologybatch.2015,noorarfa09,shabyashachi,bhavyabr2697,subra.aishwarya,manasashettys97,sssmitha97
youngs2,mshassan,ajwhelan,atugman,soali,madfain,jackclar,eliphil,gcantor,jkrzesni,maxgruen
shriya.h.joshi,riddhis2411,agarwal.gagan5101,mananshah30137,rahul.pradhan1997,ckargutkar96,viraktdoshi19,nande.manasi16,manalighorpade1697,1jyotsna1,akshayrita20
dionizio,methz,gabrielmontoro,joaovictorlemes3,tainaracescate,bikash.patra,vaibhav.gupta.mst16,guilhermeazevedofis,menglingyuan.jlu,gabrielsousaez,stefanyoofontes
vallurureddykhaja,yogeshsingiresu,ee17btech11048,amballaavinash,tjtasu2016,ee17btech11043,ee17btech11030,sachindev91,ee17btech11011,ee17btech11008,abhishek462000
suvankar94,sreekanthsp,padmavlr01,nivedhita123,elsa.george2018,divassingh.dagur2018,monunith,mdjunaid071,nikhilsai79,ds1akbarbasha,saipriya.tummala2018
pkulkarni,jpweber,slamotte,mbolognese,kgeorgadarel5,astam,fengsun,jinyoungpark,rsepanek,matthewdonne141,zwoods
dkilgor,rice103,jwoon,amckeska,gessnergezzy,sburmesc,waters22,hgasper,sueprasad8214,rrahimi,shaunak0304
backster7915,pjrinas,tochimailbox,giri,sinto8211,dayuff,psqkr0283,bigstar0107,oribibim,tjdgusdbs8810,rnjstjdgus5
camargome2013,rsotadoy,mabigirco,chris.png25,faizanalibugti,bplamondon,kausarsaleem65,kashasan15,bwilson,rg3brevverv,afnanmazhar
100vichare,tapan.garge,supriyasingh1230,rakeshpatil3019,yashtanvipalande,joshinirmit,ashish123_,welingnamrata,vishaltalari.vt,bhupeshpatil98
shivam10,shivalisshah,josephpatole23,megauripawar,tanvi2881998,aqibkazi10,gaurav.kolapate54,morechinmay123,omkarjoshi403,rohitm13797
yulia_20397,pereverzevaan17,nykytas,kosincevxx,yul_20397,celepharn,sasha61,artemivanov1,silverbeats01,yobaniywaggon
rawesh123,mahmoudphysics2016,rajdeepbehera87,lucaominh,lillalf,beauchampb2,elimeister,mahmoudphysics,igorjrd2,tjshin63
yutingchen,xyzzhanggan,hhonarv1,sudarsan1995,zxu45,darshna1604,jthakka2,sshinde4,shuaifeng,luvpreet
metalian8,leonardokrleza,pgazdek,sabinadzafic1,cindric19,mfilipasic,andrejkontrec,avidov,aso
senlen09,paranbarlak,defnenazguler,hknucakg,fyalcin,dyagdi35,firatyalcin,naz,enessaitbesler
debosmita.b,urmil1700,neha.hg,jinku5454,arfat_24,rajas.b,aditya.aher,anushkumar,bendalneha
lehman25,ailer,oabegund,kfindley,arturotrevino,bbaskara,rwiebe,agrawa56,wu795
ynan,yazaydin,jogando,iserrano,jinyuanhikaru,michael.arundeljr,satvik,kathleen.dwyer,tahseen.alaridhee
pranay.kesarkar1,roshanpoojari31,neha10patade,vidushirazdan1308,a21shivam,kajaldevake30,nandakale98,shelar.chetan4,ranajay1997
carmenvelazquez6,henawho,gines,moreparaya,angelg844,rociosg97,pedrogs12,abalro75,marinac1997
osama_adel7,zlj.nuc.hust,bmp4,leonelbojiko,benjamin.mark.powell,xzao1023,sjzanjani,dbosnjakovic666,longfei.ye
bpitcla,earchambault,nsadowski,ruining2,e78yui,chakraborty.84,pvlams,ascherr,ferrario.andrea
rambrose,franpastor,fredhills,dressler.reid,hamamines,ch630183,bauer96,mccoombs,xibfeng
salea656,dimasin29.5,bar.zamed,lyle,jennyb1130,avirammm5,sapir,roby.zeevi
prajaktakolekar,rajvee.theultimate,prutha.atre,darshana.mehta,shreyagupta0807,rajeev.moghe,amey.mahadik,sandesh.jain
vollstedtjoseph,sam.mattingly57,jake9903man,clark472,rodri576,crdieterlen,kramer73,christyt
vixsnair,priyu0964,mani.mandude,aadi,rohitnair77880,ajayphroust.ay,rockey.anths,afsarkhan160
priyankakamble,susmeetsukte,sohammhas,rahulkadam7055,rohanotari21,ashu0497,dilipramgir,aloksardesai97
jesusestevez1997,xandar,pablomartinhigueras,antoniocaceres,luciag,pablitoelfantasma,marguiitar,ramperrub
brunnagomess123,ppawelski,rjdavis0928,mcgiesoi,carleydavis,hermanakagla,jjdemiguel,j1204jason
noguera,miladtakhsha,wangyu.mylife,michael.david.higham,yoyo.hinuma,cliddell1,vyurkiv,yang1494
michaelgi962,treinha,li1853,samt.buller,asartor7,camach10,ahmed66,ramos39
beatrizsp,francarpio96,josecarlos,ireparsi,juanfran974,anthongomez97,adrrommun,jesasa1
alexis.perez183,lgnbdnr,maximelemieuxtanguay,jonah.mauxion,dpayne7,arturocastro94,andrea.masili,trevor.tartaglia
jesusvg97,marina17,angelamgodoy7,martaveegas,elenavilchez3,irinamezquita,elenams1997,olgajimenez.ojn
sandrarodil,nanobite,omonteiro,lafourcadep,junghyun,samden,eddyboston,miforrester
smond016,satyou1990,chandrapravesh,jaszqd,nfenger,xunzhang1990,rishikaran,heliocbortolon
arshan.ansari002,ankitagamare2218,gabru1803,saketnaik,msawant869,shraddhagadankush1998,siddhant8291,mayur.manve4
yektaozhan,ilkin.keskin,manikandan5110,dberube,barth469,varshika,bushra278,spohnheimer
jppalafox,tnk.wonglakhon,alex9753,cui19910326,zrashid,thakreneeraj,liujialin.buct,avinashpalodkar
yashivinz,swapnaja73,markfds0712,ayushibhtngr96,adityachachad,dalvi.mahadev33,mikhailppinto2828
erickg,craizk,spencer.travis97,nathansadlab,siu853667486,maryesperancia,michaelroberto98
kg34,latha,fbackl01,vincent.philip.fitzpatrick,boyax,quanquan5530,juangimenez
jagruti.patil,rahul.ys,sonali.gavkar,sanjita.s,smita.n,vaishnavimahukar28,nikita.us
salarymm,aakashdaswani,aayusharora48,achoos.29,sanugo,tim.f.fischer,maaz777
eneapar,a00818133,zykanglei,mse227,franzjk55,yingxinfeng.yxf,peter_thissen
mayurpashte97,swastik2,arushi.yadav,akshaybhore7,deep.patel,sagar21,inamdarshreyas5
k_umapathi,arper12,olivier37bernard,romarickabre,haldevincent,jonathansherbrooke2105,brokk
beibeiw,bauchy,hardtail,msenana,feng55,andreas_ms,ruben_fritz
imrajat,dheeraj15138,vishal16207,harsh16150,rajat16182,parth15156,sahil16184
js3774,mainur4259.mr,heinolouw,fakrul.mist,joacogisbert,rzim,takanoriakiyama
alejandrorivelles21,dguemes,carlo176,saraquaini96,isabelgopa,elenalp
joashalonso,jm95,augusto.perez,orhan,pauliwu,mazarnou
gsw,cbzk,mqadir3,jsltradecorp,c.k.ishino,ec3136
sokhna97,tazout85,radcirclemath,hana2000,imanebougrine54,ch.meri98
xiaokong91,aageo25,wenzhao,duanyunruisdu,tcheng.gogo,czhao
ishayadavie21,nevilpooniwala,harshalisawant92,pshindekov,swastikadigha31,ankitwolf14
inder0691,simone.cuccurullo2,rxb380,dietersuess,akbein,thekingtiger96
hrichards42,pglynch,jarebstock,isstevens,adahik,rewiley
pgy0130,biswajit.ju,hosyadav,proteusamoeba3017,stn424,zonzhai.ovo
mallickshrutik,shindedeepak129,smahamulkar1013,shreyahonagekar04,sheetalwings97,umeshlohote
ichesser,graceml2,sjtuzhanglei,raphaeldu,nothando21,vishwasg
andervish,baszczu,jesszlu,eyupb.unlu,albd,ender.forerunner
gnivetha05,haidermoter2018,junaidmd1996,q76061036,gsombrio,osamaamer82
paguado,echo570,nataliapinirtzi,wastefellowfollowsraji,elham5661,robbiemorrison1995
sidved29,shubhangi6,aadityapatil77,mrunalb1497,shubhamyadav,patilvd7511vd
tell.your.world.2525,saytt0923,shuhei55,yusuke_hamanaka,moroikohei0529,skkohei1102
msakamot,lswentor,ecronin,ksjolund,ehonebri,psumner
windwhisper.yu,xiaowei_xie,adetolachadash1,bransom,shyamamuraliyhp,pchrostoski92
goude005,ttundy,jagadish.aditya96,provisor1,wramer3,georg.ramer
basem.ali95,ahmeis,mhesham2018,mohamed.h.mamdouh,mohamedmsaad66,mohamed.ah.omran
appleforever,allen_94,zwj0408,jak15077122,gonza476,alexanh
cvlahos,cheekubadshah82,alirahnamoon,ibasu788,dbhatt9,masterofthedroid13
hnobarani,atoghraee,zhufangjia941010,waleed97,nsperger,alecgantar
sebmartinie,palmquistnate,mseas,jahee0740,adrien.vaysset,connorhreilly
ehsani69,tmaser22,mcnallyh,ssamant3,cobe15
jaineelnandu,ameysawant25597,himanisheth98,sachimalkan,yashsavle
sadiyevelioglu,augusto.mohr,ryancruse730,ganey.2,anu.manhas15
msantiago,willem.thooft,g_pfeffer,vdjerek,pkmzyx
pmensz,jovannytovar,mmc1611,skkemc,aam8677
simpb97,pstock,ddaenut,brandonporath,simpsonblake
fareha.saleem,areeba_khan,daanyaalnerd97,shalalkhan18,farhanthespy
cabraljuniorrr18,danocampos,siraque,pg53967,junior_cabral18
scott.martin,raminhoodeh,useability001,jskiftun,tanim.120105033
ali7of9,anandputhirath,jessylayton,ajs030,henning.galinski
yvy5250,jmc7066,sxn266,jmw6448,rqm5425
jasiellira2017,emilgillett,jdoubleu28,anahita.darvish,yxu68
rachel318318,afalkenb,radhakr3,agalema1027,kevinodonnell0878
bytianping,vinagr,lauf1905,tsouchien,hzhnano
jbhernadez1004,luisca1925,pwalke23,marissacerdas,evyquiros.7
jose2020,changyue,zorica,aithal,nonstopjackfrost
ruthicaf1,gaguirre11,jakeemadrien22,bunch95,ntt5100
mphilbri,agambi,spelliz,rajpatra,leovall
kk27co,hitesh76,bcm9356,tinmo,blumer.12
snjohnson1,gpkelly,jamccauley,jphiggins,sjr0031
ck322,redwan,youzhou4,xixi,shengnan.han
mstreit,wrheinhe,apleumpa,sachdev0,pkabra
s.louerdi,navneetcdl123,unaldegirmenci44,jgong2,mengan0618
lucianavalgas,tom1nano,u0290085,kwakdowon93,vinson20190604
agarw139,jckot1,darshan2,lucas.grosjean,rp3
xarkangelx,tasmitasmi,bchen026,lc1d,rostak1
eaydinaydin40364036,sunda098,sashasokolov7,leon19900921,vincent.liang2010
jiwoni1024,murad99,yzhanxu123,h.alipour0523,trav
teabo,hrushikesh3505,drcalculon,ann.kukol,nancyfor
yil2017,alma.perrino,rthigpen162,hustlicx,malmajha
