yangle1821317,yx,yanguang123,long0401,huyuancheng21
shaikziyauddin17,sivananda993,haniyya117006,pramodmartha15,dineshgunji154
chakradhar1,shivashiva7264,reddyharshavardhan24,gnanak9,mayaluru1999,8309642056sagar,bhuvanachandra26
abdelrahman98,amy,havocvictor20,zazotop31,ashraf_mohamed,bassam,saraibrahim,abdoelanwar99,youssefsamiryoussef,samaar.said,salmasameh980,mubaraktharwat,gengergogo
uuganbayaro,tumennasanbuynkhishig,bburgilmaa1202,duuyaduka89,muujig1
sevenkevin,wallacejc4,jonesjd26,bruccolern,vallejora,youngpattans2,ordonezc3,hossindissoms,ndoumiesey
gwrgzs1,zxie425,kennethong,linfengli0512,pvenkatesh22,adrianacosta1,dsrinivas11,salina408,taylorgsmith,sivan01,alvinyding,akim58,jhwang92,miguetorre,weslyn,sidsoma,kmv0216,cperry27,albertwangchuilee,joshuageronimo112398,bobo181999
enhjinhanabi,tserenkhand,bayanjargal.sub,j.manlai0411,enhmanlaienhee,shagai
oyesj97,sungjoon.cho97,sungjooncho,wjddn308,b615011,choichoi1217,yermin3196,kgj9056,gunstux,hoonny5343,hj980217,wys142,jkj9316,man6787,mindk24,qudgur96,zparkwd,geunwonjeong,hcha71,paragt1026,comebacktome,cactusnoh,jeus63,hwan10353,younsk666,bagpag0412,seobstantial,also0714,yeyeye1,yyerim,yuseap1111,eb32862
oyesj97,tkdgjs68,9704psj,hee_jun,b615011,hoonny5343,qudgur96,zparkwd,ohjeremy,yj_choi,seobstantial,geunwonjeong,hyeonkims97,yongsik,hcha71,kgj0328,paragt1026
antiapc,evakolmel,javivilladamigo,miguelcb,miguel.lozano.gonzalez,jequito,anapv177
isloes12,aizquierdop310899,noelianavarromoreno,espe.ruiz1177,oscarguerravinuesa,inesojeda98,rospalhur16,juaniito82,marparbal11
iagofacal,analorenzo,evakolmel,javivilladamigo,saragonzalezmiguez,antia.santiago,costasdiego97,cibranlpz,saradiazr
martinotero,ainhoaab,victorlopezpardo.liceo,hrhlauraa,lgv
ivancambon3b,poorar21,jamesjuansierra,martin45720,jako91,tuvieja88,anxooo,guillermo99,lctasende3,ogandocortes
antiapc,martin.mg98.10,evakolmel,saragonzalezmiguez,ainhoaab,miguel.lozano.gonzalez,jacfomg,noeliaff,sergiomartinez,tomasx,javivilladamigo,josemanuel.alvarez.perez,ireneduinkerkenrodriguez,giorgiayang,ritav,sabelamv11,beluso13,juliia.ou,anxooo,cibranlpz,stephania23,antia.santiago,borja.bayon,jlcjuli2,tuvieja88,lctasende3,saradiazr
jesusmrquez96,fernanmorales99,luciafernandeztroncoso,carlosmaperez,maegol28899,adribetid99,hanaamehdisefiani,lucrodsil,aurobarroso,joscebtap,alesfc4,carlotaarojosato1
antoniosfarouk,sherifms777,mayadamarie,shadenshehab,samselim
ivan1,giorgiayang,moshelem,jako91,saragonzalezmiguez,davidruiz,ireneduinkerkenrodriguez,anapv177
tomasx,martinotero,braisblanco,victorlopezpardo.liceo,miguel.lozano.gonzalez,xabierdoural,lgv,mariapl200896,marcobaleato
david.correatski,zihuijin,gunta72,andreasch95,imdad,kafka2339,chizhang,baseteamfans,w2698919274,chloi
aldolp2,jiapeiy2,jkelle30,allibur,alexmf2,jornia2,jll4,hmpatel4,micahpr2,jordanm7,aswett2,ziruiw2,vvs3,noahrh3,dl20,pw8
loutris2,luketk2,asyang3,pgardo2,kacperr2,bremig2
stephania23,andreairamas,hrhlauraa,nuriamjusc,xabierdoural
mmartinezsanchez,lauravicente,analorenzo,jamesjuansierra,jako91,braisblanco,sarad12,pawpe,lidiacarcedo,cinthiarodrilande11,pedro.montysen,miguelrecuna3c
jaime_milla,romero,mariatenllado16,mariana98,elenaperez,061962588x,sac99,antoniojcor,mareksznitko13,061972018x,qiqizheng
ssmith3,bly185,hpd723g,davidgmcintosh,jessfish
amaliamp,silvis_rgomez,amaliamperales35,patriciatr,sac99,rominaabb29
phq,guoxinyan7,k2m,zhangning123,bin08,yq1252273029,woshihuanmouren
negipa,rjain1302,mahimasaxena1267,kanthineelamsetty31,ashutoshsingh987,aseem.tiwari2018,shivam25
harisbhutta07,husaintariq87,tawhabinnasir100,bilalhassanq445,mahnoor.sy.2000,somaabbas494
jjfxcm,ks29c,sjw72z,jabg3c,daskng,cdpdqf,tjsnmh,bgkd5d,mrmichaels,rdbbhc
dbatides,smit4083,carrtj02,jdamle,mahaja25,capecepurdueedu
cecook9,jkinkea1,mhabdulg,nrosenb1,nlvaidya,kepears2,mgoryll,kkuang1996,jrbrow41,tconcial,armeza3,crivas9,aricha47,sahmad16,gbabic,tradloff,jalope67,wguerre1,cdsalgad,alopezs4,ihoerner,ebburrou,pbui4,jhum1,jlwill52,gswerdan,hlecker,nhlam,cchasta1,zalockwo,kingheim,afmascar,jrporti1,aivergar,hstone1,yhzhang99,cboughaz,mtsai22,awitthus,kbosley1,bbrown24,kwelch10,gwarner3,xbrennan,jebaraja,ericab,cschaire,dmarti66,nhanelin,tbooker2,saalatt1,hanunez,acontr25,cjlee29,ciaguil1,kmpullia
shaddenkerstette,devynduryea,nileshmanker,brentgroulik,rushmitabhattach,meghanaendluri,wesleyborie,kcantley,fatanehjenabi,alejandrochacon
jkinkea1,nrosenb1,jrporti1,jalope67,afmascar,mgoryll,tbooker2,pbui4
nrosenb1,gbabic,tradloff,mgoryll,wguerre1,hstone1,ihoerner,hanunez
tdsmit37,spicard2,mjwood2,lajack15,jgshaffe
konstantinannenkov,evgeny11,karina_ght_,budartem,nhoup,viktoriatarasova
glike1,lwen98989,syj010114,wh2685155115,yjy,zmf99,huyuancheng21,llllllnian,gordenxu1573,tang.n.q.1.5.7.9,yanguang123,hzhu294,yx,yuqunnnn,asdvbnm23,1286970040ren,yangle1821317,dqqd,long0401,jnu2297151157,zhq123123,zhao,sy815955,syj0114
megala97,syafiqah97,aimenfatimah,azrulaiman,fadhil123,huzaimahb081810113,eddie97,famirk65,dharmindran,nilamsarib081810464,tasnimnasir96,tafa97,hziq97,nurazwab081810444,sham1997,azimighani,nurelmiera99
azrulaiman,kelvinho0313,famirk65,nilamsarib081810464,hziq97,muhd_amir97,sham1997,iven2020,hln_04
20mv33,jenef_98,krl.ece,nishanthinir,20mv34
inderjitsingh,nishamanzoor.18,venky98j,saurabhsahu38,prithvikrishna0,sateeshdivergence,swaroopbhogi,funuploads0401,mohammadsajid,rd8515811,sainishubh4697,ateebnaseer,musaibrafiq51,sprabhat,ashishphogat1801
ambuj.sahu.nanohubiitkgp,20mv01,mehboob,manojchittimoju98,sheshu.nani007,utkarsh_jais
h20200181,ramaraju.34.apt,kirannevaskar,soniadeendayal7290,noelprashant,noelr
jryang333,chiayen,phhuang,alan69475a,chen861024,osteven5706,olipeoplee,jiff560,arno.yu610168,qixian8765,hj65419811,darkfalling931002,shungshung1219,weihong,unolily,jack522577,peter341007,weiwei30619,yzyx1998081052,frankpeng12345,ytliaoncu,edward.yen88,a6634141009,kangyan884,cmrr32171,kang1216,vickyy50536,zong_po,ha654321ha654321,aa097879089719971231
khw971011,homme0214,h980703,ojiow,pongdong2323
jimmywatt,ishamor.reid,kimc,matthewgerstel,erocha,jake.julia,c.ohalloran,gcioffi,michael.neswold,cholber,johnmorin,cwoodahl,juanrodrigue,hugo.gomez,ihvojnik,arnoldkenneth,michaelarena,colebarker
juncheng10,kang453,hshandil,hamastahir19,murra191,choudh23,malhot23,ananhe,kodurur,zhan2536
crdavi26,tdmcgow1,kgupta42,jrsanne1,nmohrkub,mrplatt1,dokbamic,mmblaes,mkurecki,rlmabry,sdahal4,mkhadley,tlvo1,tlovell2,chattend,mvkimbal,bpovilus,hcquinn,ijsxa,rwtheilm,mesmeral,ksantos5,djdenzer,arouhand,mdlevin2,jeaniekim,udesarda,raranade
oih8uyhhhkiihif5slpiojj,bdalhsynly324,fatmhdnan47,sddfasffg1223,bat66ool95,hajer.m.almalky,nad23,alif76592
sebuchaspinzon,j.mendezm,d0kma,mangel.hc1109,martindanielrm15,crishanderhr,sergio.gomez,alejandro21,santiago856,alizarazo1204
dongmingli,jamesdoty,bmirzapouebe,aabdelmaksou,lkipfer,mmei,senayati
krusso448,fas49,chrixang18,nfs44,tudimubunmi,eyobgrainge00,kaynegalie,keidixhagolli,zepfan026,jef325,longstreetjacob,ji335,nevinjaison
ptodd,jfattore,liamhehir,mloparri,okenna10,amonica44,cpuc,kjenkin1,debinger,mfantini,spark48,palermoj1207,evanbeers,mfeeher1,jerfaj,wcrites,apietran,asteenvo,ejones32,kheist3
ramybabagha,smday2,tdsmit37,awsmit21,spicard2,mjwood2,lajack15,gsamuel1,rchang8,jgshaffe,mtyarter
pokhariamonika1,dewanshid,laxmim,prabhat123,utkarshs344,sachins
devhkell,fkurtog,simplmerc,tshanna22,fanbsun
ronnesha.wingo,kiaramcclue,tomekiasimeon,leah.cunningham,tbosie100,maia.bush98,mayamichelle19,tiara.hamilton
rlilley,jirka5599,arcticvenom,j983612,stejam130,geogibbs2000,messham.peter01,annacatton,abachsh,murdob99,ddug
alkallimus,xriabo00,xkondy00,a.a.,bobo4ca1405,xkuklo00
simek,zumicz,tf.pakko,hadi.abdallah33,petka.dohnal,xtoman36
shurtugal,xlevdo00,marco_miskov,lada.kazimercikova,xbubni03,xarbei01,xspina01,sindler.matej,tf.pakko,xdvora2q,petka.dohnal,xvlasa12,xdolez83
pravallikaa,jayasooriya2002g,sukkrishvarvijay,varsha.jayaprakash2019,missionajay64,sanjay_s2001
natasa,mstrizak0,aleksabu0,sladjana,anjatanovic99,dejanmicic16,boundstate,skalaandrej7,vincilird,elenakjm9,potrebicljubica,tesovicdragana195,aksela
sahar.g.milani,brettrhenderson25,fouquet,aadluri,lindsey.frederiksen12
alsalea,sconkle,jhaddadc,haejik,downeyl
amannodi,sulli256,jvergado,mfarnell,gcarnal
kim2978,snholcomb,apopper,dgormley,gupta479,singer15
munkhbayar518,meiiqitang,heath.wells.esq,aravindh,mhanvey,uozgur,smit4225,altantsooj,dlincoln,aingles,chnbtgaldanmgc,everaste,turnera14,kalilio,adiya.enhadiya,dolp,waldropj24,jwarnky,vallejora,uuganbayaro,huan1318,geert,liriyanyan,bburgilmaa1202,g.k41541g,dietzelcc,glenhwalters,marco.apolinario.l,lillianchiu,aymar,j.manlai0411,charlie0513,btmn5698
ejazarmeen,firasat,talhaashraf41197,syedaurooj562,muhammadahsanah786,abdulsamad
zhao979,fruane,tprati,hollowr,achungma,bodhiscott,ejobe,tvulich,llefebvr,sayyala
lbruno22,tassanpietro,epeloquin24,arielar,squadbuilderzz123,bayanjargal.sub,ordonezc3,duuyaduka89,tchk6,langfahl,youngpattans2,everaste,turnera14,jaiverthadrian25,dolp,anudarid,quillel,sherifms777,lalfaihan,enhmanlaienhee,ssorobay,taylorolp99,tbpurevnorov,dietzelcc,jpbarrero131,glenhwalters,booradley,alejocibe,kocher1,sidharth1994,croberts21,muujig1,slburkett
heaton4,shannob,drake38,bavenell,zhan3108,kocher1
santmc98,vargasautocad,juansebastiancorredor12,alexh1000,arizah0707,acordero,dannielmoreno,nicolastrivino,dianasalcedo,davidsantiagomoncayo,gonzalezcamilo672,j.morenos,jaiverthadrian25,santy015,gotty,luxion,lcarolopez.lecl,manuf.vargas36,juguibavi27,ruedasan,caiceseb,j.padillat,sergioneuta,id.escobar,federicoberbesi,d.posadap,michaels,cristianjulian132002,juan10eslav,felipio32,juanpa12,camiloarango,m.vieda,juancreyes201,danielvillarg3,j.acostac,j.mendezm,karenpolania,eric.klozr,estebanboada,alejocibe,c.escobarh,sergioneuta3002,maidy
voramegh18,niyatibd,dashita27,devdutt,diximehta99,lalita,kshameen182,psmit,param.patel4399,shreyagirish09,sejal0022,minimicro,s1ddhant,yashsakpal0504,banerjiank21,sim.pawar,riya.s.shah30,sharmi9947,ayush2310,pkothari0910,nidhi.joshi,lilscience211
eshanshah,swarajmthorat,rutikpithwa,sohamshah,vaibhavi_sonetha,mokshavora66,pranaleerane,astha.mehta28
do255,juanzapa,juansebastiancorredor12,arizah0707,acordero,dannielmoreno,felip3x,nicolastrivino,hughmcguinne,asahag2,aidanlloyd,dianasalcedo,everaste,gonzalezcamilo672,vhernandezp31,jaiverthadrian25,santy015,luxion,manuf.vargas36,ruedasan,sergioneuta,id.escobar,d.posadap,cristianjulian132002,juan10eslav,mjupina,juanpa12,m.vieda,jpbarrero131,j.mendezm,danielvillarg3,j.acostac,juancreyes201,shewlett,karenpolania,slburkett,eric.klozr,mbedollah,alejocibe,c.escobarh,s.angarita,maidy,joseestebanpenalozameza
cnianne,delaneymcl_2,nateserc,maxwellb,shewlett,erikgren,eobregon,matodunn,lbw,abisram,klacey23
jacob07,leduardo,oscarmunozcuamtzi,deluisfloresfranciscoa,erika.tecupacho_sanchez,anaarenas,mbedollah,hoffnungcleaver360
s3697331,dvtruongson,lamle,s3821185,s3623343,s3695275,s3678595
mwielatz,hvantassel,kayladunnuck,rosenblumj,jwingen,sergiolopez,tmomplaisir,dunleavy.patrick,rnowak,bethany.baker,jahyagumbs,justinwalsh,manaschaturvedi,andrew.montiegel,natashapolito
robert.murtha07,kginter,cami,hernandezv,bthompson2,cgettinger,bgartside,perry.bechtle,gyeomans,serranoh,cnapoles,argstanton,roy.mesa,glaumchloe,docejo,jting,s.alderman,nlopezmora,morganwilliams,dyuna.soledade,tyler.mark,rios.ceduardo,shaynedagostino,jacksonpartlow,olivia.bergmann,wkirby1,jrabosto,thomasdonovan,jherreracarrillo,brianlien,rebeccapoole,vallen,t.van,bklein1,gavin.drawdy,kylelackey,j.cardenas,8223freret,joseph.johnson
meiiqitang,lauriezaccarin,sundaelover,sydneynetto,melissahawley26,andreahaniak,aymar,imhotshotricardo
harri827,ejobe,mcalisto,ebinkle,hodge20,agarw190,adoxsee,jperata
crussell2021,calderon.p.carla,elyhines30,ryan.grady99,khokenstad
robertkaufman1,mcarreno,brandongarver,nicolas.yanez,kyle.james,joel.cruz,exirinach,rao.mihir,a.santana,glorber,zhewitt,jake.julia,arodriguez30,frankvigoa,sophia.corrales,sgandhi,kayladunnuck,btreacy,rsanchezcereijo,walter.sanchez,m.mcguinness,ksantaniello,jweichselbaumer
millero,m.horn,alainagordon,rebeccapoole,amaldonadomartin,caderylands,yassinlabichi,jeffdemetrio,8223freret,gyeomans
jvanhsy1,kssolovyeva,jwoody3,jsanto22,rlibros,chungyanlee
lnava,eric.bodnar,lianettpineda,haquem,btanguay,carson.mcneely
hvantassel,nguyenk2,nicholaspech,ashleymitchell,j.cardenas,johnmallari,diploadrauu
nowen1,dwasko,molinay,wkirby1,ehecht,mariecrosby
adesinajoseph14,masonch32,danflan21,jh13585,dchambers0019,tonytchou08,kdavis21
siddhiraut,debanik,sunlovesrahul,akshta.kalekar,shivani.bhamare,sanket.bagal,rishab.shetty,arpan.kumath,shilpa.kand,hussainzaki,sarika_bukkawar,yashpatel,arnik.gala,sara.shaikh
manishabalani2001,rahul.ec.29,hardiktyagi007,rpitfootsteps,jackrayn48,kumarisidhi24,btech19eskec009,pratieekksingh05
mulkit02,btech19eskec110,tanvinemnani24,btech19eskec115,sarthakk2881,soumyagarwal1751,vidhisukhnani44,raghavagarwal,btech19eskec119,jainabhinandan86
sxqian,rodrigofreitas,kaiguo,ckiel,ischen,ambred,ssong64,eryn,aedecilap
anasnajeeb99,afifa555,ahmedjogiyat,irfan4007364,sana.312
emlueck97,nk,karsan100,colguin,bquang,hmorales27,arriaga1
usiomoujadughele,huseyinu,atmarquez013,zhaowantong1968,emmonteith,cdsalvador88,jrh,jtovar,pvdepur,julsnguyen1,hmdecker,briann
briroest,epeachus,jdtschir,julisanc,mbow,nmccar,lboals,virgiljw,spraveen,dylanae,jpmurph,kamkbetz,rgast,rnalbert25,nleginza,krishabh,kli_macks,dukelau,cjrome,minseok,wesleypa,cablood,eparlow,mfparr,mooka
wkorbitz,aross24,kquillin34,myoungberg,emhoward,veyssal,ejwilling,eokeefe3,ssgopalan17,bafflerbach,dgrinnell,rpolavarapu,jlacy2,babaumann,hdurfeeiv,ealmousa,fairach
cschlag,aegomez1,u1168279,karsan100,bquang,zhaowantong1968,xavier.m.rosario,emmonteith,cdsalvador88,briann,jtovar,pvdepur,julsnguyen1,hmorales27,andresd1,althea.marquez08,hmdecker
usiomoujadughele,emlueck97,nk,karsan100,colguin,bquang,cdsalvador88,jtovar,julsnguyen1,hmorales27,andresd1,fd3499a9u2ja,arriaga1,briann
minseok,wesleypa,jshangraw,mbow,kylievittetoe,spraveen
mjn9,nollett2,lct2,nadyarw2,malonzo2,dcudzi2,cjmack2,maxro2,mschulz5,bremner4,efs2,aakashg2,hanlinw3,suhaas2,fbaysa2,eduquet2,kirajm2,kkang14
apielack,qiliang,allendc,nadvorak,haslamc,cjmichae,wenxli
zvarley2,mochsend,mjwilkin,bmglaser,zyang2,mokamura98,ziweny,jcaulkin,bjchung,eaholm,anqiq66,aprudnik,jtarnsan,tsibley,lauraksluk,jsterank
dreihaneh,arashakhavi,emiliochausse,madiglozer,mbkivy,matteo1717,abirken,ajleida,jamesshannon,mpgrant001,kmlochun,ncgalardi
rotenmax,acmoy,tbarang,shihkual0918,jgoe,ajcharm,saxman25,menonv,alammari,rrwilson,zhuhao,sfrisone,zhucongx,euiseop,wenxli
bcar,estonkevitch,qyshu,nsmccabe,junwei6,nwmajor,zhaik,amirlabib,yleho0,apereda1533,hcastillopinto,haonanling,yuhaili,yangli,jlohser,nshussain,indronil.ghosh27,staylor,zhuwenli,alexagomez,dabraham
yangzzi98,wjdtjqvkdvkd,estse21,cjswo95173,hijw97,qadeersial,ykwon722,rina,fireshoot12,frog9596,chlee1579,join97do,ski03243,dlgkxor759,minsik4594,qkrwhdgkswlgjs,popian99,rladmstn01254,jsh1254
vrhea19,christianjulle17,zbijzz13,ronazoeyyy,shararose.ordejan,rojellyn.baldago,angel.perante,munioartanthonyz,echotypist
lihigold67,avi.shkef,k.sem1996,nadavgvili22,lshliom79,michal.balberg,talhaim11,orelhuta,amitsh,vano4411,niks10
gschievano,angela.griggio,chiara1,davide.tasinato96,leonardo98,nicola.marigo.3,bonaldo.daniele,francesco98,robertino.pilot
kj0918,s2031189,tanchunwei8681,yijoelow,zuying1204,u2003884,noelng0112
iskandarsofian,zqchin26,tzeron2210,mfnizam27,zalzikri,shahrizan01,ain.tyra01,saiyedharith18,shenni,u2003990,um17206869,khawlinkoon,yijoelow,ikramnasir7,aqbarshaiful,yoanesyeo,u2003919,u2003882,yewyung,shameelhamid,bryanleong1126,haziqian,nanododo,17202739nazif,yusankoh,s2020494,chiachenng123,tangkityee,nida20,fidadzli,tanyungwei,shihong5270,theezzy,ohwayrc,yungwei.tan,teh_mint12,iron52bat,muhamadaiman17207593,thishen,s2031189,amirul,chinkeatchew880,tanchunwei8681,aliffizham,syamil123,aiman01,zuying1204,yinyong0427,harera,adeebzikri0,nghaowei613,noelng0112,u2003956,azimpaan,zamilmuazam98,aiman2001,leewenjun,shafiq__,nuhaa426,kj0918,kw01,xydemekiller08,renyi0912,u2003884,abdulhadi,jaydenhon,irfanzahiran01,wei622
lanlibsu,hayesneukom,caydendoyle,tommyblank,audreyparker,jerrymurphy,codylacoursiere,carmenwu,hannahbyers,oliviamaryon,crystalbb123
johnmartin3,oliviamaryon,arielweltner,terramillercassm,kaeleenovich,joshuarussell,jimmyrushing
oliviara,nhafid,munozj,jcaban,cortiz70,trua77,qosias
dhalbroo,jadhav3,prasad40,wxie,ajacobth,gupta431,mbhatasa,vvivekan,lu565,mohanp,msadi,liu2568,nair40,hao66
sorens10,yifanwu,li3221,hess35,hu518
lindazeng,szhu234,yrhee6,hyin55,bafflerbach,harrywangyh,rpolavarapu
nthakuri,leebh_purdue2021,bstegma,wils1006,shi368,kodurur
cardonamarti,josseant.flores.cruz,jonathan.victoria,angierodzvelez,dianarodriguez.croem,bujosala
rgeorgi,dfarache,mfarnell,mcclurez,mmh
jteng4,norayang99,merazalfonso,kdolar1,kcheung22,qmurrayconn,sbarber4
psycho231,rzwart,paulamieras,eleut,asterberova,claaair
alice.kazarine,meiiqitang,michaellableu,banaruion85,sundaelover,dafneculha,jonathan433,neroliko,jppl,melissahawley26,lillianchiu,ju.sun,kalilio,yhabib,eogjs217,laraghanem99,imhotshotricardo
ys3376,qgan22,awe2112,bshen0908,ma4160,bhs2142,rav2144
danielmoore,enriquemasa,yitaow,hyunsol,jbmcduf,tjacks4
dahelle,kahale,akb2,aaron_lafleur,sasteph,tzhou2,yitaow,hyunsol,ohussei,abamick
li2760,everly,nwojcick,lrdavidson00,nicej,eunoiayvonne,jennin25,chadha11,pagand,pei13,bpoinde14,goode5,ddinh,jmunshi,olson117,zrust,james147,sshishik,mprislus,apascua,tkrout,nguye413,montoya4,flint3,will1865,caterahamilton,reedyc,santiagg,mdukeshi,zleung,dhoogerl,mstrezov,rwilfong,fzaharia,azami1,cemsley,lgeorges,jwat,hweilbak,mvankle,rrennick,jgrams,jmboyer,hpletche,eschultheis17,ahads,bdrevala,will1995,gilligm,kbakhle,reed296,patel801,young558,reppertm
wdelacru,gong113,mreuhs,will1865,kico,jkeuneke,zrust,ddinh,stofilsk,aschlutt,barnet42,mart1543
nafandi,murph417,nkielkop,akmaksim,leal6,artierenier,stockerm,jnylen,lopez347,wagoneb,tan213,hughe234,thoma805,wrigh413,bdbowles
michael1,sarahattab5475,wcfowler,emilepm123,amirnoor,zainabkhann700,alf,ssmylie1,sarahattab11
gyt1099,jmrondinelli,ymore98,asb5032,gracex,dmd7352,jad1842,njm7663,shc1518,aja5269
knutas26,rcc221,priyamancheril1,diya.shah,mer317,asevak25,desai.misha,hanningy
hmasif.int3412,danish.msee141,muhammadbilal00751,gul.hassan,hammad.phdee36,basheer.msee162
vivek.parmar,jiten.shahh,jjb,saikat.duttaroy,raj.raikar,srathod6,sushant.devgonde,dinal.varma
kshitij.gaikwad,narmada.l,bharat.chavan,s.yerraguntla,rahul.sharan,bhavya.shah1904,kalyanikhamgaonkar,sharma.ms,alok.mahanto,priyanka.imade
rajareddy9052,vamsipreetham10,jonahjoni7,sakethchinna424,saikumarkanisetty525,vikasshreyas517
hugo512,e.guerrerosamu,pablogarra,pradosabad,mparody,salva_ugr_fisica,e.jaimecanovas,sanchezbarranquero,jesusgarsan,cobos
mohamedeslam22.me,omaryasser3110,mahmoudredaa358,mariamhanyw99,nouramin2000,scooby1,habibafoudah,arashad129129,ahmedhegazyy,fareedadeda31,moodyhatem2015,nadaeleish,rahmaahmeed4,ahmed.mohie7,maged.nagyh,abdelrahman99,mazenkhaled123456789,ammaralaa516,farahelgayar,ehabk137,nurasakr997,amr171
ian.press,pniraula,vshiwmangal1,skylarraewilson,jvillanueva1,matthewjager
jryang333,jiff560,chiayen,cmrr32171,unolily,phhuang,alan69475a,kang1216,pojung,zong_po,olipeoplee,ytliaoncu,hj65419811,edward.yen88,darkfalling931002,vickyy50536,brucelue
jiaxinlim,sawweiliang,teikkhim,sylvia_chieng,shrey2018,sutherdrogba
evilina.gh,monicazaki89,nwayerr26,mahdialeid4,confusion.vacuum,janano,maleid,nadakh,kwking97,a.alfahad,alqasba,abdullatifjarallah8,rawandashti,hka,q8.badoori.11,ziadhany,zahraa123,fatmajamal,bader31,bilelneji,hqassem93
bilelneji,someone811,abdullahalmohammed1,abduallah4454a,bashayer.almezyan,danaalmutairi,abeeraljassi
d1s2roy,hamadalarjani,bisheryousif,spring2021,dalal327,hakemahussain,halwarea,otaibemn,setstall2,hassanalmeirza,maasoumah,someone811,ahmedsayed.elec,rayaanalraqibah1,hqassem93,shiruwan,111icoolboy111,danaalmutairi,reemalb22
shunzhilok,sayeem1818,zh18,zixianchew,nabilhaziq,z.wei
mvplatonov,oakutovenko,ivkrasikov,far1997,amgubanov,edzeest,ivsemerin,pasytko12,max374001,mikola170298,aisosnin,konyshevyuri,poslednyymc,vvzunin,olegkutovenko4,savochkin.vlad
ganekrasov,komrakovasofya111,far1997,a_klimenko,max374001,savochkin.vlad
isratmni,abdullahsohailas994,farhanaakterjerin,sakif04,ryyan,nazmulhossain,ooovvviii444422,saifewu,rafiul21,sadman,inasrin220,nazmulhasan,jesminakther
mohanchokkalingam,krupadanamrock98,kcharankumark143,adarshrag,sathikrishnas18,srinandhini
dmitrii,mazohaka,ilyabelor88,pavelspaliv,valerii,fmpk_john,sekur11,stanlox,romashudow,vadim_mankov,atomfti,alva150
praveen210,zraymond,soni1,hzhan141,jzorcik1,smousav1,aelhada1,mlanders
nurulsabrina1910,weiqilee02,eng.anwar.aj,imanchow2,zafriazman,othmanhanafi
chokyongsheng,syasyafarina17,adibmddan21,tzekianooi,daveclifford95,zhengyu951108,khooshengxuan,yuhchyn95,leeshuang,soonchong2013,alankhng,shunxiong58,clphuah,zhejie95,weiqilee02,yapyoonheng,tanzhiwei94,najmuddin,syazwanazulkhairi,teohting,nxddymuslim,nasyikinr94,bpng,jimyu,prashanthpoobalan,munirahshamlan
hkdewa_01,dvtruongson,saumith,quyennguyen,s3743258,vinh_le_quang_1999,thien,s3754338,s3759671,s3746851,tinggf,sachin_wicks,lamle,s3697879,s3821185,s3695683,s3716309,s3695275,uyennp99,s3678595,s3653997
seif177205,marwanhany255,salama420,ahmedshakshak01,michelle991
rstaples,bbondi,fruane,mihsan,rhentric,armour1,ksagar,ojonas,wagoneb,stuff,sweene26,gfiedler,ander966,cohland,mfangio,pate1082,hmcguir,adoxsee,cmancini,jennin56,akmaksim,bird12,rcalistr,ellis125,nrentsc,dbhagwan,okeefee,ejobe,sinha54,ander939,boninl,mragei,feng233,thubauer,amelia.markert979,wnorton,cleveng2,gconer,gzanutta,hodge20,pan229,rdamle,nfransen,will1941,nixon21,chris260,voorsm,liu2442,abirkeme,svendsen,zhu741,stockerm,connoll1,whollan,csrafin,jcavage,mngaglia,li2701,snathell,sayyala,kradde,mkirsch,beers2,marykirstenreilly,cliffos,artierenier,jyounkin,romack0,gagnonn,jgerstei,zuckerma,hughe234,tvulich,jmestach,tsriram,carls127,smahipat,hollowr,sharlow,mcalisto,bgrytza,weber164,elamewon,jnylen,comer13,llwan,zhao979,tprati,mclassen,wdobbs,nrrobins,bodhiscott,lopez347,ebinkle,sbukzam,single0,thoma805,john2345,afirkan,hollej,skunduru,jcarre,achungma,mannin15,agettel,jmesa,afarha,sharp82,lin1297,harri827,ncivitan,bkoszyk,kyendru,downeyl,jperata,llefebvr,kzingaro,heaton4,pbhaske,dnocon,lritchis,agarw190,mock6,allen482,asyrek,murph417,ndroessl,obriencaitlin20,ahn87,agf2018,mikav,mlannie,kbrayto,jade.m.meekin,russe162,jone1616,lukehendriks4,mmatteso,kngupta,funkhous,akurumba,rtrafele,nkielkop,mprue,danie140,bbarale,hawkin98,lopez344,kong68,zhan3108,nafandi,lvelky,efrancoe,aalnas,nortt,jmontbru,chfranci,srajarat
mart1390,pweitzel,nherbert,armour1,meyer292,douh,nrobb,jiang650,see4,costel12,buhland,tladner,reddy62,rhodes44,toboyle,hsakiewi,brow1511,kjabbar,moeller4,markhodgkiss50,aquinli,michae19,chakra26,wood164,djodhani,sinha54,huan1346,zaly,bwodetz,ewolfla,evans251,hmcmilli,annaleichty1,lange35,baxter26,harvey83,pmansour,adshowal,tzadrave,smit3400,duncan94
john2345,murph417,pbhaske,mclassen,ncivitan,esuer,gconer,sbukzam,lvelky,kyendru,pan229
victoria.miller,christian.chiong,miles.kendall,dominicksylvia,langhout.jackson,banks.lomel,cgandin,morgan.gunter,jmayer1,kadenelson,evidaltorres,benjamintmarc1m,grudzinski1,efranklin,matthew.daily,erinvolpe,victor.suarez,c.ginter,mcalderman1,t.calvert,benjamin.anthony,i.mejiaruiz,mmoralesrojas,dschechter,glatham,c.rineer,akash.ram,klupone,annahuber,rhennig,mitchell.w,peytonriley,villarta.jabulen,alexandrabarbosa,a.manibusan,nsonet,m.poloske,nwilliams2,t.clavijogarcia,jsweeney1,noahcaracuel,summerhane,justin.geils,ahernandez5,bresnockj
jbucknor,ckrest,whiteh15,lstepbac,quezadab,hynesm,astruckj,sande117,gentry9
leoncastelino,omkarshirsat5143,8268ashley,crce.8457.elec,crce.8279.elec,anjana2444,swapnalimakdey25,swapnali,8262sakshi,avidrishik,crce.8255.elec,8122vivian,7611ashishyadav,sebastian123,crce.8254.elec,8082aniket,omn,8275joel,8455shloka,jeetsumanto123,crce.7866.elec,aishwaryaparulekar1,8305anmol,crce.8300.elec,swaruptsaju,8463maitreya,yashkane,7903ambika,crce.8250.elec,scriptujeyarajan,bhagatmounita13,jui,rocketman99.sc,temulkaraarti8,lokeshg109
crce.8284.elec,siddhant.shivdikar,7876noel,saurabhm1996,8464komalshinde
younseungju,gee04143,jwooch7,dawnclass16,midoco,dnjsdnjs0219,onegg99,dlghgus020,ekfrhkd1708,sookim.kr
farida.fk.fk,eslam.tolaib97,abdel_hameed_hashem97,mahmoudsherif2305,abobaker
diplatmech,rylanndoering,jacksonuhryn1,kevans,mackinleylove,ty.sebastian,cpatski,eddie.lam155,reimaximo,sarahforman,smirti.pokhrel,justin308,tylerkiyonaga
thubauer,tschoste,weber171,cottonb,baylessl
kmizuish,nwhaynes,cmserrao,smejia97,cmack,seraphineliu,mkanoi,nioxject,ajlayton,rohitm99,kcortez8,acastbar,sliu2018,averyga,jdzhou,sg630,pcrao,jrgraham,wwinche,matt1251
marionagy,bayoumi,omarashraf,sherif.arafat,muhammad_soliman,seif.emad,mkhalaf,alihassan,alaawalid,amr_nasser99,mohamedfaris47,myounis
monika2001,krisseskausk,zero1112002,mustafacannacak55,just_krut,dominykasspammail,ryteliu
ashuffin,ragrawa,elicmitc,evogelsa,mnsaxena
dayana.acuna1996,carla.gomezquiros,pamequesada1216,abxelvc,caro.vargasz97,jquirosn044,smadrigalb247,ainhoacalvo21,kristelsolera,lf1810camacho,adrianacorderoretana
a01027592,a01026877,rafael99,a01657045,lucia_lopez.p,a01026692,abigail.corts,ayax.hernando,a01023042,libetancur29,erickamc,alonso_juarez,hecticcoder,a01022671,a01022623,a01025509,a01026747,a01021862,a01656014,freddy_rd99,a01026852,joaquinbonavides,chrisv212,aldosolis86,maraimas,ricardocastillejo,a01022745
tmsbmc,rml5gd,empn6d,jfmfx7,ampvdc,smsqn9,atbqm9,dlipke
nk13,msolis27,niharrm2,malonzo2,mrc13,jheaton3,hanlinw3,ryusuke2,ssibi2,zainab2,eoh23,efalse2,torsr2,hyunbin2,fulcrum,jalies2,dcudzi2,ryanlim2,wrishk2,sali93,benvau2,aaguero2,nwa2,juliawp2,jrange23,iajifo2,bnw4,boyazhu2,aleahht2,ddejong2,kirajm2,jacobt6,msiddi60,dhamill2,shawnc2,jinyang9,chyu3,yuchang3,anm9,jaredf2,xinzhih2,sendres2
rsears4,jrange23,simong2,iajifo2,vic4,maritza8,pc20,sopfeil2,ssibi2,marialc3
ph19mscst11013,anagha234,ph19mscst11004,devendraq321,ph20resch11021,samalmukesh276,ph19mscst11005,ph19mscst11002,mukeshofficial276,asgharhusain,ph19mscst11012
oooooxygenhsin,lrhustc,baykal,baochendi,verapan,llk199628
mailen.selzer,m.tecco,francomelica55,omarlinarez,fer_fushimi,broensmartin,ferfushimi,vfuertes2020,martin.broens,smselzer
fabripusiol1895,francomelica55,francisco.merlotti,fer_fushimi,broensmartin,martin.broens
sesh9366,etra4748,sota2668,dish1498,sasc8473,xuze1932
sumnimalimbu,jirka5599,ammazshabbir77,geogibbs2000,messham.peter01,haggisface2000,cormican.cerys,j983612,jackjohnston165,stevenren0911,raffbowler17,ddug,joebray1232,samimab,tiaansell,stejam130,annacatton,ellie30122000,rlilley,jafd,arcticvenom,fmartinmartinez,nicholasrady,abachsh,murdob99,cjh1903934
margheritabruno0,vincenzopioelia,chidzahi,miriam.piccinini00,edoardo,frakkio10,alesdu12,culumusciu16,giuseppe00,barbarazacco,giulianaberetta,ilariaferrari,davibarbero,silvia00,frac98,kevinetor.piccati,lucanepote2000,simona_zetta,tausenrico00,christian.bodo,eliabronzo03
giuseppe.divincenzo21,enricovalentini,gerardo.castagno,gervasio,antonio.ocarino,giubileigaia
ilariaferrari,marcocapuuu,mv.matteovinci,mattebogg,giuseppe00,giulianaberetta
margheritabruno0,silviacapozzoli00,leonardo1,miriam.piccinini00,frac98,culumusciu16,giuseppe00,giulianaberetta,lucanepote2000
margheritabruno0,leonardo1,edoardo,frac98,culumusciu16,giuseppe00
isaacdelpe,danilo_cammarata,lucanepote2000,davide1234,edoardo,frac98,leilarizzo,giuseppe00,pietrog,lara.laganis2000
madrose,taylor17,kariascaria,lautman,ck2514,nj233,kzbioe209,nenright
xxs.m99xx,abcsibeian,juli_cc,julia.20va,angel.salazar,mjeg2700,manuelagiraldo1611
bangyuliu.c,sharon0426.cop09g,adsqwxzc.pt09,eric870116,zen.pt09,steven60517,bernie1902.cop09g,lab518assit,cheaster86,s878072005.cop09g,yuhang980503,benny0705.pt09,wsr870120.cop09g,vernalchu.cop09g,ting.cop09g,joehsu.c,panda980122.cop08g,chenhsien.cop09g,miami34345,yuwei.cop09g,kb02112000.cop09g
hrishikesh.gawas99,swaminiaher,bhaskar.vankala.bv,vishal001,omkar1999,devashreedas,pratikgodbole,shivambutere,aakanksharozekar,adishetty9988,coochiemuncher
jtxingcuhk,tktkwantao,arthuryimmm,austincst0630,kwokkawa21,gamerdavid898,oliz6845
dshin25,sarahmathisschool,forman,jarmatag,ahuffma2
kramervc07,yavuzceo,kienbaumjj30,lewisgf20,grafap24,savchukol20
daddysexual,jaycwilson23,caseyamick,heatherleaf,pkj71794g,jbonez411,andrew217usmc,jeption2025,stiml1144,jason.earl,anshshah2011,grantmorris656,johndoe2341341243,berrospidavid7,cheeseybacon,pspiotrowicz1,sandip83
cameronframpton,johnganiban,hlong262,sbentz,i.lutticken,kellen.wise,8223freret,lobsterben13,annikadasher
oktayhalitekinay,stsaw97,1967hamzausta,abdullahcamoglu675,testeremre70,omertrbzn6197,asdadsa,sonerkar,murat.kolcu.1926,aslanersin32,ekicifatih0,serdememen,haticeterzibali,mertkaggle,altugyaylaci,tahademiryol85,tugbakoyuncu99,oknky,seher,yusufacoskun,kadandirf,edakartari,aliikazankaya,flzkdndr,alikanadli7,goknur.derinoz,ozcanguclu,ekim.coskun19,ozumkocaman9,berksaldr,karaaslanmustafa4534
d33r00,rynk.john,mollykole,charles.dambra,jsanmartin1,nickm,burnett.william,clizarazo,liqizhou,sholliday643,maria.irausquin,rylandkate,johnganiban,nguyendaniel,wingitalways,i.lutticken,thomasspradley,matthew.jones98,madisonmiller,alexander.lee,alexdallee17
yunusyeo768,ceydabayrak581,talayhalil2626,tugbakoyuncu99,mumiock.1067,keryfly,burakalperen87,ftah,corezyadigar26,mmozcan4,lerner,ataozirmak,ymenekse1,fdirisaglik,emircansimsek,panellink1
halilalp,onurerks,aydoganaali19,ranaoztemur,1967hamzausta,furkan552senturk,melikedogru22,bertansafak,murat.kolcu.1926,byzayh13,yamakonurcan,anilboran0671,kaayaa40,arif.ozkan5806,ulusoy2006,furkan12,furkan069906,salcaburak,mrtmert98
nanobeam,cartermchris1,u1250344,u1109841,aaroncoonu,u6007941
jhahn95,cameronframpton,dicef,cacuy,nguyendaniel,lpentzke,vritota,wingitalways,jrobinson5,kmerino,abaringer,liqizhou,nfranzoni,lobsterben13,annikadasher
arianebarreto,v257028,r207733,gabriel.pzanoni,f215766,leeluanling123,m203442
krusso448,cninja99,me569,nfs44,jef325,cjr368
lorenzoholguin12,edcast,santosalexis1817,jimenezph,garciacarrillojudith,sebasmarquez90
omarahmedgoda97,saramohamed571,farah171125,ahmedibrahim,abdel_hameed_hashem97,ahmed176877,abdelrahmanahmed780,abobaker,a7med.dawoud,mostafaaplanet,abdelrahmanalaa333,refaey,michael.hany.mofeed
akampert0559,kavyamendu,nherringer,kirills,atiqur.rahman
desai61,tshidhor,franceesco.danzi,sawantk,mehta127
marcelpakpahan19,alanhk18,dahaidar,bobo181999,brysa2000,fallenmithos,denphi_gmail,naufal.nm,salihyanikgonul,jre31
jotaviosm,dshin25,sarahmathisschool,ktuzinowski,turban.,forman,thanhongphuc,jarmatag,bobo181999,ahuffma2,faisal_01btech17
siu856031918,collincurtis,siu854104358,cspencer88,nicolasfp,jackmings1,benelectronics,wcmelton96,jhorio1,jsathanand,jackajarman,stephenberg
2stranger,jacoponicolini,raanapooshimin,lewisgf20,darhodes,roydouek,nsh0004,kienbaumjj30,recaro13,hjgogoi24,jgarcia141,savchukol20,guofu,kramervc07,jmendez100,yavuzceo,turban.,maxguipil,vtagare2,grafap24,martinolorenzini,rflores46,damoldov,brrmatteo,jackmings1,ktuzinowski,aildefonso3,breddy4,ivans,biagiocap95,rollagrad2012,wkloppen,hammir16
sebarraza2,crpantoja,lggalazcarr,mortega27,alvalles2,vhcastro,nruizlopez,edrodriguez4,jecampos2,gponce5,alethegoat,cerva015,aarodriguez26,rflores46,ncruz2
susannareggiani,asdksnfksfkmd,martin.mg98.10,danielclapp99,ronitronit119,cbandel,joejfranzo,johndoe2341341243,cheeseybacon,damianonetto,kodurur,rynk.john,durgaprasadkhatri2011,fedele.penna,lorenzoholguin12,mollykole,npatta.1986,pkj71794g,magnoliajasper,chastintruelove,maxiasensio,murattdo,burnett.william,hj980217,fpincock,lenoirr,guillermo99,sholliday643,terje,u1089358,maria.irausquin,aaronrivasterron,poorar21,ashishchr,hlong262,maxguipil,rosadourada9,nguyendaniel,anshshah2011,reuben90,grantmorris656,i.lutticken,m241617,hcha71,iuri,mahnoor.syed29,mtynski,zepfan026,jdgerling,ana23,j218711,jhahn95,wdeaweqwdas,paezjuanagustin47,bmirzapouebe,jeption2025,dicef,jason.earl,jake.m.hall876,k.hildenbrand,u0916393,alexdallee17,8223freret,santox2000,tudimubunmi,pspiotrowicz1,mos_noob,plaggeme,rossop,d33r00,nicoladegiuseppe19,newele,cameronframpton,aravindh,a194117,santosalexis1817,philippeblaise,amandabrum,miguelcb,lpentzke,fabio.aragao.santos,lerner,fafrin2,jsathanand,kaynegalie,marcantoineduval,hjlim9612,tomasx,testeremre70,jsanmartin1,andresaraiva,sebrobarts,joshuabush,raul292,mmei,jequito,sabe425,ogandocortes,mrbunnyman,olga.casals,sqlim94,syoonhan,aldanafloyd,vincentdoucet22,jack522577,c195673,ge.6cg7,sd226,fredysanchez2,nbhat0792,thomasspradley,rakaiit,roiaso,gazerlo,ethan.caballero,matthew.jones98,martinotero,retrewtewrt,kyenyarkolemuel,halilibrahimtiken,jako91,alexander.lee,haren22,garciacarrillojudith,ulusoy2006,josemanuel3,nuriamjusc,drogalski,kmerino,ee17resch11016,asif0047,omarloay99,blane,sungjooncho,chrixang18,v257028,cancetinkaya1201,f215766,enhjinhanabi,xiaokaizhong99,ftah,ege.ert7,burak9836,aaroncoonu,olivier35,mstff.1clkk,eschruba,anapv177,longstreetjacob,mtakcali,s16c028b,mangabera10,daddysexual,kaiseale,nickm,ts992,sbentz,yesimcakmakc,cdutreil,wys142,t224622,clizarazo,mariapl200896,abaringer,pmcnutt2,julianawallgren,ncm0007,xiaoyuzhang,pw8,elel30182,kst48,tg2016,zse0147,johnganiban,octoman1080x,jimenezph,moshelem,stiml1144,jschewinsky,emreyilmazel1996,choudh23,avivlavan,d093641,amrita_lovelace,jef325,sandip83,deguirejasmin,cactusnoh,davidr27,nmorgan1,hamastahir19,arianebarreto,krusso448,r207733,andrew217usmc,spazos7,theurgeboat,trivellin,madisonmiller,arif.ozkan5806,lkipfer,u6007941,jrobinson5,also0714,justiejoseph,kellen.wise,yyerim,lctasende3,hjp44,fatanehjenabi,caseyamick,saradiazr,baqer,sungjoon.cho97,oktayhalitekinay,heatherleaf,cninja99,evakolmel,phhuang,cartermchris1,sabolton,hrhlauraa,ainhoaab,lewisgf20,vritota,kianamon,dolaydemirel,yorkiiii,lobsterben13,sebasmarquez90,aingles,nsh0004,felipemachado,huseyinu,charles.dambra,semmi.spado00,jbonez411,l201843,u1250344,arno.yu610168,ol_ac,liqizhou,man6787,costasdiego97,alirose12,ogu0001,annikadasher,rylandkate,kayleneechong,briann,dongmingli,j176601,uuganbayaro,sarah.youssef,nanobeam,gabriel.pzanoni,emani,elena.gnani,wingitalways,lokesht123,anxooo,ervndgn59,smontero,julianyordano,berrospidavid7,leeluanling123,anujgarg939,cibranlpz,thboth,jaycwilson23,rajsingh,jeus63,s16c045b,cacuy,tserenkhand,psuzhouy,borja.bayon,mrgiraffe,nfranzoni,panellink1,m203442,eminasuljic,mrtmert98
huseyinu,aegomez1,karsan100,colguin,emmonteith,talinesassounian,briann,jtovar,pvdepur,arriaga1,althea.marquez08,hmdecker
azazimalii,cancetinkaya1201,rdvanokul05,enesdinler1,ogu0001,mtakcali
onurerks,halilibrahimtiken,murattdo,mstff.1clkk,dumpnit,raistlin,kaankuncak
emlueck97,nk,colguin,hmorales27,arriaga1
u1122975,paulbrown,yorkiiii,u1251024,shaunmckellar,u1096218,u0582779,u1250344,jac3888,u0614258,nanobeam,u1099799,u1201149,u1109841,u1250307,ddyreng1,u1083849,u1007283,yoyoyuan,ran
jenksmi,plaggeme,rossop,newele,topliffd,yougourthene,genordg,matiastp,vanderty,janickec,espinozg,kaiseale,joshuabush,phamngo,logbrown21,lenoirr,noahmarron,duelllu,brownlog,dixojosh,mancinad,oldanif,zacharushu,yasser.daraa11,healym,haren22,nshutimw
deguirejasmin,audranp,myriam.blanchet07,jeson,dompm123,fredericberthiaume1234
shenni,u2003990,khawlinkoon,ikramnasir7,aqbarshaiful,luqmanhakim,myson,shihong5270,student17202315,weimingquah5,tanchunwei8681,aliffizham,zamilmuazam98,aiman2001,jaydenhon,wei622,tzeron2210,kl.chin0622,yijoelow,u2003882,bryanleong1126,nanododo,tangkityee,fidadzli,theezzy,teh_mint12,muhamadaiman17207593,chinkeatchew880,u2003917,u2003934,adeebzikri0,shafiq__,nuhaa426,renyi0912,u2003884,jxuanchia,irfanzahiran01,iskandarsofian,zalzikri,shahrizan01,afiq010507,yewyung,u2003966,17202739nazif,s2020494,chiachenng123,nida20,iron52bat,thishen,syamil123,zuying1204,yinyong0427,renyic,leewenjun,kj0918,kailoom,kw01,regangoh0728,zqchin26,ain.tyra01,abid01,koayzhengyin,saiyedharith18,yoanesyeo,u2003919,haziqian,aiman_nazri123,yusankoh,tshihong12,ohwayrc,pd0s__,s2031189,aiman01,nghaowei613,noelng0112,alfin01,abdulhadi
susannareggiani,jkelle30,spazos7,aswett2,pmcnutt2,pw8
brenneryaron,kostac2980,alonb96,shirartzi00,shaked.bar,matityajohn,liorisaad,ronb4,amitsh,amitm,yaelm
billkiller6,dinusha,bhaskark.pg19.ec,aildefonso3,cristina95mo,abdelrahmanalaa333,tifalord010,aisuluu,maaroufmuhammad17,jh_nano,abdelrahmanahmed780,abobaker,abdulhadi,luca.cappelletto.1,refaey,mohamed2050
liuyulun,wxy678,bin08,hyp096,dazhichao,sxbsxl555,yq1252273029,sy2677618424
putrinurfianana,irfanalfarizi07,fariz,riazoldik,lfrancis78,asd12amien,eduardozw
mdlord,dawyman,mtahir2,xtang22,knambig,nmahmoo3,tcoia,bsennik,apragya,naimi,ychen242,dkiryam,zwang77,namin3,hcdedmon,hmei3,mhossai9,kmmumtaz20,szhang53
cliffos,mihsan,romack0,bodhiscott,ebinkle,shagaman
yc2647,zw582,tl787,hs959,jw2586,fff28,jpm445
oykuykaraman,alekberov752,suaydartar,yareenerozen,baharcigdem15,tecimanirem,melis241,firattan7,ozmenne,sevcan.1168,banugencay1998,fatih.ozefe.2,soneerkarabacak,ezgivural93,g.yesilnacar,ilaydamelekyirtici,tugcee416
oykuykaraman,zeynepaltan,zeynepsimdim,dinckalsanem,g.yesilnacar,anilozertural
dani.karakuleva,m.tashulova,kitanovski.anastas,mac123,monss0676,darkonushev
yoona8,vktmxk5190,pongdong2323,rldud777715,jin112,elel0505,ywjwns2,ojiow,ksh97050310,ji990120,swcho4983,hilsong,mindk24,robolex,janggyusang,yoonwe00,aodfkd,dctbelieve,duswl2510,seongwoo,dff123123,zneet456,seunghun4757,namgunhee,yhuj0215,pty3111,dongsun9781
ysc722abab,jw7yong,cjaeyeong1023,jinge032014,dudgus2009
donna412,whcks10,tjdrua456,jw7yong,jiwon6224,grit,0909hfn,aqjemrhf,dudgus2009,kimjaegon,wjstmdwls9812271,a000828ok,tmdgustn11,leejungeun0310,lyj200345,rmaejrgus1,kfo110513,rotorl144
grantwt,mcdougo,gherasi,gillesk,picentj,valvon
minsong0313,dongsun0801,raw1250,gaeun0215,rlafbehd3,pongdong2323,jisukim0423,kim980407,llssmm9710,hhw3481,hjlim9612,poby,tpghks9708,nkm4095,leesijin120,homme0214,ykhykh3587,ojiow,smustudyaccout,ksh97050310,youjy1105,hilsong,jungmin0322,sse09137798,rlawjddus6825,yoonwe00,okjaegeun,duswl2510,dctbelieve,imsad,hee_jun,dff123123,ekdmss31,zneet456,seunghun4757,wogml622,yeny28,chubbypet2,yejun990721,tuco96,kgj0328,paragt1026,guddnr6423,skyxz123,gmlwn4897,haseungho,rlatnals874,wkwjsrjekffk,juyeon,seobstantial,yongsik,guswo50,recomendneko,dlwjdtlr97,potatochip0617
12tmdwn,shalsrud9,indiahong1,stujh00,yjiwan0913,thdus1442
maxpasbru,marcoswgomess,thainamacedo22040318,arthurdfbn29,felipesantosalbuquerque.fa,victoriagabriela,olalekan.freitas
maxpasbru,hiagozogbi,stefany022002,bernardops02,migueloucao,thainamacedo22040318,arthurdfbn29,marcoswgomess,analaurabm,hugobastos_02,carolinayazejy,thainamacedo2204,jeancostta09,hdafelk,anacarolinalopesdecampos30,g.secco
mansoorahmad156,zaman,ab.irfan5,nbutt,iqra_kiran,ahmadrizvi,muhammaduh1997,moazzamee16
fromero2019,smohammed2019,ralsaedi2019,mcisse2019,yalsaedi,vstarikov,mpokharel2019,dndeye
drarcade99,stuanm14,bhr27,cindyekang,vs467,sohlbergk,mitanoshi
sabolton,seongsin,eghackett,swaksharsen,fabushakra,edeepaknaidu
nanodark,aloptor97,guillermocam,simbon98,tabanto,pedrogea08,fmgomez
crislb18,anescolar,jesuspiriz1910,abarjonac,josecarloscorchado,lmejiasm,jadrian.antoling,angelajorge50,egallardud,pemorgado,bgarciags,aucantero,mbarrosowh,delpozo.alicia01,mbarrantie,anacristina01,nrodriguev,aramospf
gzjzb0905,chrisdavis367,mastrofran,burrow.damon,xiexiexiewanrong,adrsto,dalelee2008,jane.peabody13,nicholasbhimani,advsteelers,hl388,jdthomas2000,xdshiro
mouny_pi,fromontmaelle,caip2501,rivardje,andre.jacques,elo83.robert
prashants31,18d070055,hanifc5,18d070040,shubhampatil2.107,nehashree
krusso448,nfs44,jef325,ji335,zepfan026
e.teresalc13,e.franfer99,pablovela,marcoss1,miguel_jimort,e.jorgetg,duenas5a,rubengijon,auberonlc,kevin28,josemi,mcbsam,josealbertoap98,aliciaroblesp,edumontes_98,pradosabad,e.sanmillandp,jaimecanovas9,e.josemanuelrxg,sopa_de_sobre,e.jjfm04,pablogarra,cristinaa_gh,guillehermoso,jesusgarsan,e.santaella99,e.estelacalaforra,javihjhj92,javiubago,byrey2,roasdgo,arturosirvent,lydiam,isabelpascual,salva_ugr_fisica,folgoso,juanzim,f.morontam,albertodelmv,safaa261298,e.javipostigo99,claracd,enriquearroyo,santiagocw98,guerreroalonso,e.rgeo,belenalvmon,e.guerrerosamu,e.juangarcas,davidsanserra,azzorini,jose.lop.mol98,carmenarias,alvaroluque,fmgomez,pacomorales,clarasansau,marinacardenas,carnage,evajimenez,nilsvanesostos899,e.javihjhj92,alejandroborj,hugo512,ramoro10,javigarrido.98,josemarivm,delgado.espinosa.sara,e.myeste,sanchezbarranquero,fidelmuriel,guillermohc1998,juninhojuan2499,ivancamacho4,david1998,p3drillo,alsasa,cobos,wignerpeckart99,javilunaquesada,marinalc7,juanrocruz,ivancamacho4a,e.jaimecanovas,martalanzac,gtorresrios,danivisa101,gaasll,rubenvv,setarcos,jorgecaba2000,fjr,e.pgosorio,luciazapata,mariadelmarsanchez,yakoirusta,juangoye,sergiopozuelom,mparody,conrado,e.francollado,hannan,joselux
e.silviagarcia12,miggalben,fransanfru,e.estelacalaforra,e.juangarcas,a.cazorla,e.jorgetg,danitlo115,beacasasola1,simonbonnal,kevin28,laszlotg,ivancamacho4a,lydiam,aliciaroblesp,folgoso,alejandroborj,danivisa101,ramoro10,lalaugoms,albertodelmv,josemarivm,delgado.espinosa.sara,davidjosegg,e.javipostigo99,saullopez,fidelmuriel,javibolanos,luciazapata,jaimecanovas9,franciscomontiel1998,santiagocw98,sopa_de_sobre,ursulacs,e.jjfm04,mariadelmarsanchez,yakoirusta,josett,samialsmadisegovia1,belenalvmon,p3drillo,luciazapataechevarne
sanchezbarranquero,gtorresrios,juanrocruz,carnage,hannan,e.javipostigo99,claracd,byrey2,azzorini,josealbertoap98,cobos,rubengijon
chrixang18,ebyrnes99,ronitronit119,justiejoseph,eschruba,longstreetjacob
chrixang18,me569,keidixhagolli,kaynegalie,julianawallgren,zepfan026
vilekha.ghanta.18ece,vishwakreddy,digvijay.singh.18csc,veeramachaneni.saatwik.18csc,venkata.saisreekarmp.18csc,amarthalurupaavandileep,kanavmittal,paidipraneethkumar,garvit.vijay.18csc,shreyanshanchlia,shivansh.khera.18cse,sejalsomani,mamidipakamohanasai,arihant.jain.18csc
pranshu.sood.18cse,akanksha.gupta.18csc,mohammad.daim.18csc,bipinelmat,saijal.goyal.18cse,manas.yadav.18cse,adarsh.upadhyay.18mec,honey_bhardwaj,akshita.2,shivam.kumar.18cse,bhavya.tuteja.18mec
garine.harshavardhan.18cse,saivenkatlakamsani,anirudhnannuri,dhruvakrishna,edapalapati.venkataabhiram.18csc,penumetcha.sairahulverma.18csc,motupalli.saivamsikrishna.18cse,anirudh.jilla.18csc,devaharsha06,parikshit.palsania.18csc,pramod.vangipurapu.18cse,nallaparajuraghavendranagavarma1,yeddula.suryateja.18ece,mamidipakamohanasai
nilsgerke.ng,s.argiolas17,stefano.lai,lorenzo96,gallus1997,gc_unica,f.marcato
chandasingh49,sreeya_suresh,krishnapriya111tl,arunsamuel2002,harikalatheeswaran,saleenanand,ervimala
antogent,lucafrancone288843,saragigliotti,s_288604,s282872,paolotrt,hajdariannalisa,ezzzzzio,matteo.fasano,giuliab,s288299,ivanballiana,grossoelia98,giuliofiorita98,stefanomusarratubi
mair_bot,anastasia.a.mavrogianni,phrap38,konstantinos.kons,mpourlakis.b.dimitris,manosxfn,thsachlas,adamantia.koulouri,sotiristoulio,sofiastefania123,kleterpos,konstantinakaramitsou02,athinak1112,tassosgr2002,chrysoulamichou,basiliskontos12
sen29,fudengha,xieyan,meltonm4,whitee35,msretenovic,linyuhs7,thunezac
qyshu,bcar,staylor,hcastillopinto,nsmccabe,indronil.ghosh27,yuhaili,jlohser,amirlabib,yleho0
rjbecerraorozco,lucachaux,kmbashay,cyzeason,atmarr,rohanr25,lenalana,ah2989,blsaetern,jcarlosr,pkhang,bwbaxter,sibi,rmochizu,kimoreno,fjvilimek,mnorm123,luzgmz,skutney,smg2,jlday,lilmil17,atumu,tbmashor,gaurav01,esim01,rkharper,bpli,mojubran,ychang76,lozigins,desmonh,arob2019,talp711,diana5a,nguyan23,jjdd1228,soccerderekturn
ltoda,rearentr,sktao021,dicadena,yimzhang,dldavalos
gef45,mt779,jna39,ljr87,aa846,ml2328,bem76
beers2,asyrek,murph417,bbarale,mprue,lin1297,pbhaske,oditto,achungma,lritchis,liu2442,llefebvr,sayyala
