fabianchibuzor,fieldsmb,flurphurpadur,guitarfx,rudmandj,buckleah,haroldtmcgraw,raafeh,matradmz,kendyll117,quigleka,izaninn,scullymt,shiekhsm,mohamadhafiz43,htomtom,colin.j.ogrady,ricardoherrerac,ahoofnagle,villattj,devsweitz,taylor.s.larsen,emribbeck94,beansbp,morcotkg,aisyahareena,th4ht,copeladi,reneeneel,maymur8,pralhlad.arumugam,tammatrek,huanz,jastew1011,enochsjd,gw014425,mchlglllnd,alecmyszka,jonathan.d.hinds,andrewvoss8,bmkyster,cabelljn2017,mdridzka,dzhrfaqlh,nikosgotsis,jlintoff,abghapa,valentjg,azfarhadee,emily.a.entrekin,malonemk,timmyg73,hboyles13,gogators4494,zokrins,zulkipas,taylor.a.gutierrez,ericsohng,ariffima123,dustin.c.howser,trenton_is,connor,arthur.t.binstein,nicholas1robbins
mats.est,majadroyli,sofieberg1,backjoonho,mhlabrecque,pchan,handrade88,haller.jeff,kahadi,henning.kaland,arifcangungor
rajagopv,debnath,xue76,sun174,vsuresh,aankit,rcerdas,sandy8111112004,tang96,etopel,cquinker,skubicjj,ksingha,johnathanw584,garg58,allredj,roy1,saha11,fsevergnini,ewilson000,amingcha
ksingha,myannell,garg58,xtee,allredj,vsuresh
dulguun,tsooj_0117,ssodoo13,baasantseren11,mugiimogino,tgtuugii40,ggtulga0744,baasantsereng,dorj_tsek,dalanbayar,misheeldorj,by.gerelmaa,sanchirelbegdorj,ganzo_0306,baasanceren,ch.byambaochir
pramod.kilu,nehr1991,monibanwar,marcofratus,sam.sum41,daiki.k.1211.graupel,makku82,theodorakarin,hrykaens,robinhood15031503,bjornchristensen,bellmanz,cleomaloos,matheus1618,tianheran,saurav.puri
mingye.gao,kemehan654,17staru,mchang14,mmkurth2,jeoneil6,gcnelson33,mingxu1128,shoppe3,a.schleife,jinpeng.zhuo,buhl2,sdhanak1,amber.snil,slipperyjack007,fkosasi2,vasyltheonly,warpins2,ndunlap2,hugo17.wang,mpunuk,qiujiezhao1994,bjanice2,perozek2,zachary.zhai.1,slbecke2,mchu5,shoughton625,mlandi6,pakelti2,emfoley14,zhaber2,emilyturner,hsheng3,jxiong7,jonbaebae,jkim561,gracepakeltis,zhoffm,adbrown3,fsalman2,drew.wise.10,trgordo2,xlz.287,ecyoung,zohair2,cnlopes12,histoscienology,cwojtan,ychu18,mehan2,ychen254,willwheelera,zjcszzl0615,dsch33,dpfoste2,samhalpern58,jjacksn,takekuma,samsrajer,ramansbach,teng10,lafaye2,qinglin2,harrisian84,jylin4,alvinlvalysa,mbmoy2,kagebei2,reisber2,bridgette.lafaye
irenestor93,emma_seiciu,germancosanof,davidpg94,eddu12,gruponm,martin_axt,johnnybananas33,mariauro,natipili,lucky_seiciu_07
snehal_1511,vhp3953,zhangxingzheqq,jvd2512,sdurbin,gjd4238,charpeterson,ymt5052,nandan2805
prabhakar.radhika3,zhangyuuc,alabaolumide1,cuddalkv,yashmehta23,wqx1331,madhavsn,ankit2492,achu0393,09kramerro,jhbahk
bonecrusher,tulika91,guibinsong,xchen215,kiehlgroup,am7155
n.vidhi09,prateiknanaware07,komalparmar19,aishwaryamehta95,riyakhetan15
dkbathe29,ajaykumarjadhav17,neharane2665,amolsb,aks94
mendozaj,jpanikulam,amissiego,ndirocco,sanchez.franklin.27,eoberlaender,ndiez,znw2,khalidalzayed,anvera0513,linglin,brikman23,skit13,teddyj
lhossain,stocknerd,nbiekert,jyh063,pritesh1990,eeggooss,yay079,chh162,georgehma,fahykt,p1jain,rfukuda,yyg0102,bix006,raihanbd89,zhelin.sun,brettkercher,uditparekh,kevmoses
richa.chandra94,shipradas03,akshatagage51,mohitingale5,dadhichpatil,ashwinichatuphale,prafull.13694
bhabalsamiksha.12,shettysachin824,mohitingale5,avinashsakore27,mandarsgg
azambrano13,juanma.lovera,nan123214,toromateoc,phelep22,la.avendano10,anonimomath,crisdavbed08,mangomela
venkee.ramesh,ychandrashekar22,vivekvictorious02,swapnalikitha,swaroopamaloth19,krrish2028,sankeshi.supraja,krrish2025,vijendhar335,suchan.naresh,begarishashidhar
cjfoss,pramesh,aksamija,xueling,rkwende,abhishekkuma,vdusetty,asaranat,jagujiobi,nupadhyay,dgmakris,cmerola
xsykor18,mareksikora,adelaid,sejcek,michal.talaba,xmusil54,xsediv9,kolar.michal,ondrejbastan,xkraus09,xdolni02,xrysav20,xkulha02,xjakou02,jirkajiruska,lukas.kuruc,bures.fr,frein,xbrynd00,andor0521,xrasto,dwayne007,chytil92,adamek727,xgerja00,xparik01,luk.kupka,los_machos,sslenker,xnovak0n,quiksilver,tatranka01,xtoman27,dareion.legacy,janmatej,mlynkovabarca,pavolkrsak,diavel,tkac.peto92,pavol_mnan,xtrizn00,xzagra00,benesl.tomas,majoveri,rezruc,xfilka01,xsidor00,xkubin21,pecekl,xsmise01
valik,xgalma00,xtomek08,jarmolsky,xkrist16,lesik,kuba.streit,xkudla11,xbolek00,xhrusk15,nuginy,fikus333,dixie223.555,sehny,havca77,iveta.ustohalova,picikato,xzachm00,xproko28,vojtech.vladyka,xbakli01,stavji,konecny.tomas.93,xgregr04,voda.tomas,michal.0007,stano,dan322,konecny92,martinkobath,janda.janousek,daliborxxx,branislav.repka,xdolej04
robertivans,maheshreddyerri,claraqqqq,mahfuzakhatun,ajallen1289,christophergreen609,aumer313,karishmae105,cjstanger1,kcantley
porpia,coolypink,suwimonzeza2538,paphawarin_k,jennyzaa76,lalisa_b,salikapas,kittirat_k,suwimon.32,pondzero1995
prim_smile,supergt1,frestmeat,pop33254,than_c,kittirat_k
rangsima_j,miracle_jungza,phanarin777,supergt1,cool_night,natanawat_y,rangsima.mt
kurmanba1,jdolins21,operabc6,blew2,hmtaylo2,ecyoung,cychan3,bomcdon2,mengwu4,salman2,ndecraene,liupufan,nethert2,ychen22
himalidhaduk,veeru,manalipatel,rahulenukonda525,nishat1801
sapotyuk1995,nicnat94,ihorpetrov22,artem0709,stryker.95
diwakar.singh121,priyamalani30,rashmibhatt27,ghatulnikhil118,alydsz5,amit.banda,pawarpooja10,joshipayal78,anumolsasi69,kedarshekhar7,paragbhandarkar,lokeshk93
seema.gumbade,tanmay_vjti,deshmukhprashant23,milinddatkhile29,lokeshk93,nadafatik
hthaman,isabelle,dfavela,apaine,asalloum,est,rabajaj,unwin
sangeetarout1988,holee3,j.a.flowers,cansuon,samikoutsares,monee.kieran
yibeizi,stevensmith,jaisimhasai,p62038117,srinupunyala
gaga,alex58tj,ericklerm,mezarojasenrique,sblasterg,alain_gonu,sebasvicaru,pedro.gc18
alejo_cendales96,simonjaramilloc,jm.iguaran10,sebasmxq,camon93,fabianarchila980410,dapabon10,luiscaro,s.arevalo26,lawra_93,nandito061097.mfsa,sgrf05,jeberdugo10,piperojas0618,felipe.forerome,phelep22,victordaniel11,carlosaenz.26,crisdavbed08,menesesleonardo,torito_9696,potterdavid9,jj.garcia10,nico98rocha,ce.luna10,jorge_iguaran97
igna94igna,nuriaconriv,arabel.lagos.prados,carberrom,pauvelmoy,ana.voltes,antmaqber
anderr.santos,danielram1234,dianap.roblesa,monicaa.segurad,alis,danielaroserob123,fabiana.bustosm,andreac.solanos,marcoska669,juanc.escobarj,mariap.castrog,jose_salinas2210,jonathanotalor,vivians.otalorag93,erikalanturir,andresnino95,mariap.marinezn,kalinalopezblanco
mttwra421,thengodkar.sanjna,chrisaint69,oni4deals,sumedhkandarkar,deepakrafi1994,ppadhi40,rockersharp,rohanloke222222,vishal.gupta25,padhipriyanka88
pkempler,eyan,theslayerxxx,hanchueh,dekamayro,ahsank
pragyapandey08,pranali_23,shaikh.atiya.13ee5013,geofjoy,praval203,gyrajput,amrshinde025,me.trupti12,pranavpowar,ashishmakdey,swapnalimakdey25,sushmakodagali
vijayvishal9751,gauri123,mtinu,nibha29,ashwin,kit.km72,ravindrakhorwal28,devendragpt8,shantanukel,himanshugajare.2016,sukanya93
sachdev1995,darshanasankhe78,adiarv94,nairpooja1234,swapnalimakdey25,alimariya05,kalyani.aye93,likita94,geofjoy,ps22ghule,praju.geet,mona94,chetana24,jamdadeparag,juvika1994,darpan.bagwale,suraj348,pendkeomkar,sumaiyya.kazi94,devendragpt8,nikhilkachare46
ps22ghule,adiarv94,viraj.pereira,manishakolekar1994,mkshirke94,juvika1994
likita94,darshanasankhe78,nithya.yadav,chetana24,tiinnovationvesit,ps22ghule,jamdadeparag,suraj348,vanita.ahuja,adiarv94,projectcrce1516,deepika.muthukumari,darpan.bagwale,sumaiyya.kazi94,nitin.kadian
parabmahadev34,ryadav03,suraj348,milu21111994,sshinde04,muktat20
nimita20,tiinnovationvesit,payalfuria7,ashutosh.singh,mayur.agarwadekar,saurabh.bhirud,anisha.das,anujaras,jaikishan.yadav,nish.270,abhishek.singh
break.007req,pankajsalunkhe23,nik2191.main,ameysalvi24,ryadav03,chetana24,patilmonika681,shaikhrehana14,kushwahasachin90,mp12121234,tawadesiddhesh1994,vivek.gavhane1234,devilchester4491
nithya.yadav,saurabh.bhirud,ryadav03,tiinnovationvesit,varun.dua,madhav.hingane,omkar.prabhu,rupali.patil,abhay.bhanushali,prerna.jaisingh,nimita20,ajinkyapadwad,sshinde04,kanchan.phadtare,vinita.vachhani,nilesh2551994,mohit.kulkarni,shaikhrehana14,kalindi.deshmukh,suraj348,mp12121234,jaikishan.yadav,nikhil.divekar,muktat20
mahadikchetna,preeti.wadhwani,sumeet.kotaria,prashant.yadav,raj.sawant,mayur.agarwadekar,saurabh.bhirud,rohit.rawat,zahran.mhaskar,batchbd16b,tiinnovationvesit,karan.sonawane,tanayshah007,rutuja.shinde,rahul.patil,varun.dua,madhav.hingane,omkar.prabhu,ajinkyapadwad,mohammed.qureshi,spshanbhag602,chetanraj.pant,vinita.vachhani,kanchan.phadtare,priyanka.ghatge,unmey08,mns.dinu,ashutosh.singh,nestor.lobo,hitin.23.11.1994,mp12121234,nish.270,prathmesh.sawant
i.totallyrock222,unmey08,ssatam23dps,betigeri.amruta,mns.dinu,spshanbhag602,sabapasha87iz,sonawaneseema93,swapnildaddikar05,sreedharan.akhilesh,abhishek.singh
dipanjalivishwekar,yajeet60,abhishek10223,manojyajamanam,siddharthsheth08,shaikhsameer.sameer9
suyash.karle,mahadikchetna,sayli.shevade,mayur.agarwadekar,saurabh.bhirud,urvashi.chawla,swapnalimakdey25,akshay.gadhave,jeet.bhanushali,priyanka.kulkarni,hitin.mandhani,priyanka.avhad,samira2308,arundhathirs1993,bhatia.jitesh,batchbd16b,parth.mehta,digvijay.singh,natasha.gurnani,tiinnovationvesit,karan.sonawane,pooja.karle,pournima.amondkar,nikita.gurnani,sajjan.jha,ulka.patil,jayant.parab,rutuja.shinde,harshada.patankar,shubham.pounikar,saniya.hans,sweta.ghumare,madhav.hingane,te.tronics2012,abhay.bhanushali,prerna.jaisingh,nimita20,richard.noronha,ajinkyapadwad,dishantm1993,chetanraj.pant,sona.dhongde,kalpeshshukla11,linusassao974,abhay.kshirsagar,anisha.das,akshaya17,kanchan.phadtare,vinita.vachhani,priyanka.ghatge,sanika.pandharkar,dishantm01,preeti.suryawanshi,singh.priyaa36,kalindi.deshmukh,darshan.bhanushali,komal.gaikwad,ashutosh.singh,mahesh.magar,mp12121234,akshay.budhrani,amdheepikaa,sonia.naik
chetana24,rutvijmm,linusassao974,rahulstary,batchbd16b
raj.sawant,swapnalimakdey25,jeet.bhanushali,hitin.mandhani,bhatia.jitesh,abhishek.valanjoo,shubhangi.waghmare,digvijay.singh,koltechetan346,natasha.gurnani,karan.sonawane,pournima.amondkar,sajjan.jha,rutuja.shinde,harshada.patankar,kratisethi511,bhujangmethe,rupali.patil,shreyas.pimpalkar,anish.gupta,dishantm1993,chetanraj.pant,meerabai.patil,kalpeshshukla11,chinmay.vad,harsh.shah,nimish.parkhi,nestor.lobo,namrata.kolapkar,sukanya93,prathmesh.sawant
koltechetan346,richard.noronha,ajinkyapadwad,saurabh.bhirud,anisha.das,swapnalimakdey25,harshada.patankar,kratisethi511,akshaya17,sukanya93,kanchan.phadtare
missboubouk9,nanofast.lit,mrbenjijunior6,kapeck2,jenniferjlien,mqsu
raphael79,sobh1,hlai10,sghosh1974,nimadms
osobh,hayleyosman,amanda.haes,nhooshmand15,cnmelton,louql,alan.wang,sobh,jeremysmith244,kalliewillets,g.h.sheetah
joannavale93,bieitodlf,willdelmas,fanahabte,jcuevas8,bserna,kylekaba,mattwilson5678,nzahbihi
rfbeier,spencerbruno,chenqizhao,stanley.yuan25,agn9,cassidee.kido,layhercakes,cdawge93,loose_hotshot,in.young.jo,amh80,ahakaldor,kalgul1234,qazwsx,akyker20,eeyi.oon,aulomorini,brunaliborio7,tfis112,chuang93,mcfolgueras,golfomania,lash81,parkjeehye95
yejin2244,vcgds000,jiayuan,qamar25496,lvyue,shenglisha
nano1234,wenting,dwc200,wjg234,adithyashankar2017,kendra618,spencer.j.gellman,arungopalan2020,slm156,pvk382,mlm442
wmbah,dylanab83,marrrrcio,ksmith,ambresoub
buehler,tanya_lewis,ethan33,amoridi,diego.lopez.barreiro
cchen313,s.danti,rajdeepsharma2006,elderr,dshattuck,johndigiovanni7,esxsol,shima.shahab,ana.pasalic,jbeem,biplabsr,neoceph,akkacz,seid1983,elisabudyn,lkienker20,ssignetti,marse1
abelliveau,kaichung,ckoshnick,kclarevalentine,hyhbrigitte,krjustl,ashelyug,hyhbrigitte209,etconley,was2220,renanlribeiro,ponds007,zhangph92,tmurrey,zhuweidi,licaichn,sg630,camason85,khoke,cyschang
lgao7,karansahni14,ksahni,chenlin7351,qhe6,mashuri,moralist
egager,khhsu,ajdeller,ajfici,mofry,danjz,dmontiel,hhbyles,kavaidya,bskoog,haslamc,fleck,patmccau,umjihgl,cahefr,alanxu,pmforhan,durisine,shaupt,nchiu,brahoffm,erowell,jmriel14,johwater,hgugel,ashms,masonab,ymhuang,dorali,arecker,ajwilli,jwhou,colettev,nschnitz,escobara,cohnr,dongzz,decobrea,yixiangtang,maktariaymen,rickfreedom,rizzie,rkeinan48,ezwier,carhuber,burekand,yangpan,cadelm17,geraldla,saisiva,jaypatel199531,hallekai,jeeholee,chancy5
lgao7,jcao16,chenlin7351,dmontone,moralist
waryoba,mingdeqin2,emeryjdk,gann.reddy,valexandrov,afchadwi,jguyer,dbelsito,mohd.malik1992,akononov,aerielm5061,ajs322,wband,ck921125
arturosanz,gonzalezmarinoangela,ramos,jpedros100,pilars,pistachita,dlasmar,jandres,vgarvin13,ignacio86
wdickerson,tkps333,tomhoekman16,sharifsadaf,bgcrock,wangh1692,goobie,szkopek,miracle92
soccor.ghuy,festivarian,daniellenichols,alineelquist,rhunt,stevejohns,lnukayaheady,aaronbartz
wdickerson,tkps333,michaelkleinman,tomhoekman16,sharifsadaf,bgcrock,goobie,nachiketk92
lopez86,trc1695,lim155,aianlo,kim383,jackmlopez
jalshaba,zyc0504fly,schalljd,ndcarver,j_whitaker,bcui,crtilli
nimmyloving,nihanth1209,speddint,dwyman,mchua,anivajjh,yasaswid,aniruddhvishnu,arvaidya
sujatakumbhar393,swapnalip.kamble,kalakesonalisnst,pritilatajadhav,tukaram,parittejaswini399
israni_kamal,ashchu_24,gyanan2007,arjunnambiarkn,ashbits.jsr,evinay.tel,rdbabu75,abhishek.tg04,ajaybharadwaj05,vivshar10,namratasp3,pc.nithin82
jknec002,alupe001,rjcroman,fshaw001,insong,ankurjordanryan,jlee326,helenwoo1103,brountree
crazy4drag0ns,ryananders95,stevennoyce,chenqizhao,1234567_890,fangfeieasy,zhuseashell,jessicalin2001,flipflyfall,dev926x,shaoqing930428,wadewilson12,tavonwin,jinzo.dragoon,kate_price,joeyandrews9211,lash81,mbattles1307,naivednmy
mariogp,nishat123,ali.ajam,justinkellogg,sirhc27,hhuq,junaid4433,ergonzalez,mukheshkumar.koripalli01,gerika623,jacastillo8,haherrera
damla.dimlioglu,msolis,gc2662,bl2584,talha008,aa3780,aa3559
ahmed_refaat,ahmedhatemelkady,sherif__hosny,mazenahmed09,raniaosama2015,mohsenraafat,a.hesham,esraa
bjin2,tljungb1,prateekshadas,oasif1,yanggao,pegahmfar,ayasuna1,soconno7,yoyoyohe,jkeegan3,mcalama1,makotokawabata,dfisher5,jpatel22,goginenisnehaja,alevitt2,xwen4,jonmetz1
tymashov,fmpk_john,whiterabbit,nowsan,cthulhuchgk,andrey23542
gsudevan.gs,sumitshukla871994,amishkeniya333,punnu,manasikarle22,ajaykumbhar63,mhatre.saurabh8,rakshitkamath,aakashpandit366,mac.16feb,akshaymg29,luxcozibaniyan,patel.maitray31,vivekkalambate002,sanket.shinde,siddheshkawle1994,anuragsngh517,foramvashi18,raghavandra1403,anuragsurve94,yjain3105,jakshay357,bsonparote,sayli.220894,variajatin86,aniketkumbhar20,rathod.anuj13,sanjajt,sy16778,pandeyshivam816
siu853513556,maaraken,jenishasims,bsam2015,siu852490590
sanyogeetadhulgunde20,pomkar55,anut730,sahilkabdule.org,karanshh30,dgauri26,shraddhapatankar94,amitsunildhamne,shelkesagar29,niharikasarode,amol.marathe93,chabhadiariddhi,pratham201294,lokhanderaj55,mugdhapv8,gajakosh.sneha54
dkbathe29,abhishek.bs,pratham.chavan37,himanshu.jani,ankita.bhoir,vidyutharyan1995,vijaychawla44,pritish.das,adarshr21
gsudevan.gs,yjain3105,ajaykumbhar63,siddheshkawle1994,sy16778,akshaymg29,te.tronics2012
neel.shinde.14,ved.tawari,sachdev1995,geofjoy,sonali.bhujbal1,mandavkarnidhi,arunimavarma20,kalyani.aye93
fathisumi93,tanmay_vjti,arunsamuel2002,joshipayal78,kurhekar_abha,aksasatkut
oqlzpb,b0958532978,sung5318,boyd5566,wuchihchiang0517,jyunren1230,simulation,hiippo,intruva,sadfgh,ms0465807,tiguantsidsg,rossiwu007,kongxx1023,markf12764
awestle,jftraynor,skinnern94,ddvalles,bmsuen,haoxian
wood67,smithjared1994,kaiser17,spschriver,davidjohnson,nspear17,sawa,horner1,gscofiel,czy121301,hallowj,campb122
barnickc2016,pajengrg727,hannahmelia,faltens,nejhnsn2,bbnelsonchee
moukhtari,shankha1990,xiaoyu_dai90,fede22,alitehranchi1,shzhang,ryokbys
pchemlab,mwalters,itolu94,bharris3,melissam8827,dummdog,jlaszako,abby.brooks2012
agentxyz7,rcarrai,uvasep005,edofflemyer,sfiorett,mtovar,pyfromem1,meredithsnyder12,wharris2,umwsarek,melissapampel,cmarche
kanderton,def82,cmean17,mhill5552,qasdfgtyuiop,cafigg09,liyanaarachchi27,buttathelord,sunidhi001,daniellefagnani,blairaweaver,michellenolan,rahwlchatterjee,jlusk92,djm0017,figg,gt2199,sunidhi,farhad.r,rncarmean,poranzi,heredmond,mef231,ttran1,delaramq,lmjdida,atpastore09,johnnoia09,aravinda1879,noranzi,ljirmo,kinglionrahul,mpbuteler,mnolan212,ccolina,jluskin92
davecrole,ruffa1,mallacd1,deckerg1,golem1,billmerr,catherinelee16,kingofegypt123,soccerking907,lamontp105,guptaa5,joebaker1980
pardhasaradhimtvlsi201404,s.ravi.369,ravin.s.369,ravin14.iiitm,thakurranu.1992,yashwant2614,rahul.ver131
cheng5,obolonduro,konopz,jahearneray,lotteb,tanjiawei100,howarw2,kinef,alanmshaw,leibakbak123,yanh3,andrewehlers1994,yuey3,eveillette,zach.baierl,iroq8flyers,piettt,tsmith13,emklaski14,ramesu,wholea,reny2,lauren.j.oesterle,jamielfreitag,erinev,olaf.bergeson,moralj3,blake.stro,aronmarkle
zhouz4,emklaski14,michalkabrian,konopz,olaf.bergeson,jahearneray,trjrfly,milles35,ramesu,duch.jonah,portep2,libbybrundage1,khonds
mchang14,berglun2,reningr2,hallorn2,jshi3120,cdeegan2,slohman2,hugo17.wang,fiszbei2,dzhang37,liam,zohair2,kuo20,dexterballou,aladd2,dfrosen2,cnsteve2,vkhanna3,jhuang84,yaoyao5,etchiso2,slee503,wtroth2,pbehera2,jackylu2,crickettay13,nuanes2,pross4,thiruve2,jsshin3,akim102,jputhuvelil95,zafar3,meiselm2,rwlandi2,jonbaebae,sapsfor2,cmander4,echoma,trskwsk2,xlz.287,mizhou2,dcschmi2,kjnnngs2,ychu18,ellenhuang,zzhan134,jkim526,jhmead2,scorchnoxap,rzhang80,acao5,hzhan126,toriyam2,jeoneil6,mckillo2,yiyue.luo.9,liyirou,sdhanak1,jytan2,ncadler2,jakrogst,jhbaker3,alanwu3,zlong4,zjcszzl0615,jconfor2,jacob.dutler,ramansbach,sbumbles96,bridgette.lafaye,mepaul2,balung18,maggana2,mclawso2,aokisang,ychen375,jlstein3,xsun45,nayung36,zhaber2,arovgno,goszkow2,tcalder2,drew.wise.10,mtschro3,jzhan142,amogharavi1,yhuan127,cwang112,harrisian84
ag7,dgueli,augusto95,ecs5,zanewjcarter,mlaubert,egendreau,thebrink47,andremacedoabreu,samjam14,ricknoberts93,dlipke
ag7,dgueli,nde1,augusto95,ecs5,soccerjoshua711,zanewjcarter,egendreau,jomav8,thebrink47,andremacedoabreu,samjam14,ricknoberts93,dlipke
yddhanuka,sujataborale8,advaitchuri,prasad.gaikwad25,ajay.prajapati2691,nitiiinbaranwal,avdhut.bhogale94,kartikchakole4595,kalpitnarvekar,dipti.darvesh040
pratikkavale11,smsayali79,amol.marathe93,mugdhapv8,gajakosh.sneha54
shamika,mathureshruti,shubham.mohite7,swapnilshingte504,avdhut.bhogale94,surajmore009,sayaliw212,deepti.bhosale189,vedarthsave80,jadhavmansi999,chaudharilatika02,nikinsaw,akajadhav1,akshaykharat563,kondeakshay94,phadsujata59,rathodavinash09,tanmayayre94,kagare202,aksha0103,kintali.sasirekha,vrjs.29,saurabh.medhekar18,tanmaypatil18,borse84kiran,shashwatssanghavi,aniketvidyalankar,pranali.kokate9
o.essam17,yousssef,vamosrafa199795,sarahmahmoud129,e55,muhammad_gamal123,omarhamdy1995,tote641,mayarmahmoud,nardine1011,aya.noby,asallamuhsen,hagar26hossam,elhady.body,mustafaabaas,omar_khaled880,shepherd_96,ahmed.asaad.elkafrawy,tasneemasememam,ahmedragab,mizoomazen,sana.ilhussainy,kareemwaheed,moamen3001,hendatef60,m1o88,ashraf_372,mahmoudelatrby,eemysoma,eng.mahmoudreda96,hakim2222,michaeluhu,a.ramadan2014,randa.riri1996,omaressam20104,amany,saber2011,mirna29,ahmed72671996,ahmed1281996,abodaelgammal2018,junction123,catherine.amir20,youssefelmasry1041996,m.samir12345,fayrouz.yehia98,yasserm.ali1,eslam5khaled16,achrafoly,aga19,amrmedhat311,ahd12,omarmahmoud333333,ahmedola88,ramymamdouh,sarah20162015,lina_eissa,omarabdelwhab685,ahmed.mado1996,ra,eleia2796,marlin,mernahesham,mo7med3id,maioya_613,ahmed_elanwar96,ahmed_ghoniem57,rana.ashraf1001,abdo.koban,body_magdy2007,ahmed.deeb5862,khaledadel25,zeinab.ali96,m.magdy5042003,ayman_tarek,yoyo_ashraf22,sliver31115,alycool2,karimahmedalaa,fatmareda93,ahmedghoniem57,areeg,heshamalking36,dido.anwar,myadazaki,omar.aadel58,manar.ashraf373,sinderila030,akramestta,mone.2020,ayaghobashy,belle1996d,yassminsabry,nora.morsy97,abdo96ali,abdalrahman_gamal
ryanparker012,embrasley,adamshick25,nd333995,mg346292,danaaylward17,essentially0rwhatnot,jt333864,jb336049,dm332306,rsslymn,kyle18williams,cn331612,frankcastle0314,jtamasy79,dthayer21
shooten,minghan.chao,artoscen,samsmith,ajaykrish96,takeshi847
glingyan,nandersen,siyang323,noojan,g.nicol93,davidphillipschwartz,wenjunw2145,aruskey,jiamyu8403,nickwindt1,jeremychin,nikiebc,timoooshy,aidin,zekria45,shirleyx2000,vicki_7714,danielle.leclaire,dingdingonubc,acsikos,kyle.henderson181,abaltazar23,michaeltraaan,martin_frapp,mchose3,vtranner,bobob,jarektan,abelozerov,tophamjohn1,jgmhua,scottlawsonbc,pmacbeath,rdeiaco,ardyferg,twong1985,tehpatrick,brian315,mustafacc,kimia.jahan,elviajero,thatguy123,lcarmichaelpowell,smarangk,abajwa94,brenklas,ewiggins4011,felixvanoost,alexabulnaga,reubenpaul34,ulamog,jonas.ordman,wgron94,wslufu,wilson.to.18,pat.wells.93,queenrochello,wenjinjie100,bardia22
aholguin13,lesandoval,amartinez108,luis_d_hernandez,matt.brame,icorral,dgarci1558,dardy43,cbombach,omargb9,aispurohector1,gaabe_4,agrodriguez8,oniric6,amartinez156,aisolis,raymundo.delarosa1,sanchez.ebe,samdoeswork,jrperez5,mjalvarezcomas,michael_mikhael00,lcoronado,edgargomez1996,lasanchez14,tomasa03,amy.paulina.7,cflores25,steese2000,torres.mac13,alanmangobear,christian.rivera,lnsoto,roherrera,aelafuente,calcantara,odsalazar,eliasjef762,raulontiveros.607,mavelez2,3enrique96
slocumat,hoffmrob,cabdulciise,nestella16,hockeymanpro66,borcharn,zachzak,jiaolh,fernera,midimaster21b,cy9160,tolmanm,idemama,jilote13,weberc2016,johnsky2,travisfcole,maddmaxamofo,nick371
angel145,magalu93,gcmar,sarabermudas,jotaeneeme,anamelon,antoniorm93,riloac,clara2692,anareina,peraltafran23
jkorad2843,sks911017,rarami55,dangshiggy,gohny0115,dnlwd09,kdj406,zxcekrud
javiervelasco,victorseven,jmrm94,f_ogallar,sergiojsancam,anajg
joseesdiosdedioses,sandrota,naruto_miguel94,gcmar,jotaeneeme,anamelon,danijh2108,josefpretel,mariogalle,aureliojgc
ashraf,ckmiskin,pdak,ryyan,r.asadpour,jandler
josemserrano,juankabf,jesrr1,javierjffisica,gpaz,franciscolopez,fmgomez
tkc5157,xvz5249,sxb5654,amb6037,lkp5147,sbs5576,monicaroy892,axv939,jxh488,jhl182,cfm5250,rbh5070,szh200,mohamad.makarem,mav206,lxz1,mxk5602,hxh5226,kxz142
mmum_adam,smurfer,tenji,novak45,hagrid054
nagasai,neeturaj,deeppatel092,pallugullu,tushar033,muralisaiavinash,nishat1801,rakeshyadav,nawaz316,achala,pavan.malay,manojtalluri.93,targetrishi,p.rathod,kevinharish40,razavi_nader,patel.akash102,teja999,meen83,veeru,802769935jj,rakeshvandanapu7,pritipatel,pruthvipatel1992,manishareddytera,ravikiran19,vanimerugu,anusha555,sathiriv,sanketdesai14,marneni01,venki09443,anoop1992,pallavi90,perumallakavya,saisatwickyadav,aartipatel,sha6070sha,chinthalapally13,hem.metalia,ramyanaine11,nareshmangali,santhosh.y,eedupuganti07,kruthiperumalla,poojatrivedi,tatikonda,parikhchirag29,adi250491,bansari21,trinath90,poyani_mehta,harshpathak,harshavardhanvarmavegesna,akshaya1512,himalidhaduk,sanjaymenaria,anveshkankanala,dharanidar123,dhruvil,mekalamanishyadav,mannamanoj1,ritvik03,shreeyash6,fardad.falahati,kavyathokala,engpeacock,manivykuntam,narapa,ramisetty12,nader.razavi87,furquan,mohithakshay,nikhila_banda,kashyap09ec71,srikanthr9,muthu35,geethesh,pavan51,manalipatel,rahulenukonda525,shobhavaddineni,binayb175,mahalepriyaja,kancharla0113,pallavivenkatesh,chandusravanthi,pritipatel59,haritha93
munjal,ad3572,rm4293,smf552,vs1638,nsl278,niketheace,sp4012,munaf.qazi,nap412,ruturajpujari,atb386,chloemw,iamsatwikpatnaik,asmharbi,golivikyath,yw2106,ew1238,aashik,bl1854,sbk411,iamash,acj311
darshanasankhe78,akshay.d21,swapnalimakdey25,manishakolekar1994,girish.rancho,kalyani.aye93,likita94,vijayvishal9751,koltechetan346,vijayaher0211,geofjoy,swithin.ds,praju.geet,chetana24,jamdadeparag,komplepriya95,shaikhkarnekar,shakti81,vivek.gavhane1234,juvika1994,himanshugajare.2016,shvmsingh93,shivkumar020994,prashantkhedkar.sakec,kiran.hemale,bbirud,gauri123,sagar.mujpara99,nikhilkachare46,sachdev1995,sudhanshuapte1995,mithlesh.kxsp,viraj.pereira,ps22ghule,omkar.bane13,mona94,devendragpt8,anjaliashlin,vidhi123,mohnish.murli,ravindrakhorwal28,adiarv94,nairpooja1234,abhisheknavlu,rbiradar,ved.tawari,ibrahimarif950,smackthatjohn,zak1010,prathu93,kumarrohan64,ashishtonge94,greatabhi.jathar,neel.shinde.14,suraj348,sumaiyya.kazi94,ronakraj93,mayurgaikwad1293,abhimodi4321,priyankasingh754,raghu.shirodkar,meraj025,mtinu,nibha29,ashwin,kit.km72,akashrana861,tikareshubham9,ruhi20salvi,dipeshghag4u,niki.mohod,darpan.bagwale,jitenbahua,jagrutinagaonkar,pendkeomkar,vapande3006,shantanukel,ameysalvi24,sukanya93,myra10me01
greatabhi.jathar,sachdev1995,pushkarvaity,mkshirke94,manali,bbirud
cs7,ssatam23dps,anam,abhimodi4321,dhrv23shah,ps22ghule,lavanyaramnath,mrinalini20.shah,manaanshi.23,kishoresaldanha,prateeksharma0627,myra10me01,akashrana861,mmodi296
skasad707,aayushjain27894,mvedant29,shreyanshsoni05,aakash3194,jashshah171,sunny11893,rutvijmm,karthik.oct94,sneha.jadhav,udaychhatre,nimishgujarathi
dipanjalivishwekar,abhishekvelhal94,komalkolekar95,sajsunny6329,sonawanesushant1
sharvaridalvi301,nishanth1101,mayurgaikwad1293,swapnil.dalvi811,ambicavenkatesh2009,thoravekalpesh,thefreeliar18,peterteres67,girish.rancho,jatindhakad420,akash.bolke83,prathmeshgurunathparab,vijayaher0211,ibrahimarif950,thysontharun,neeradisalonika,chisimeybijimchigmomin,ascharyaskumar,sapnabhandary31,swithin.ds,zalakdodecha,kuldeeppatil201093,karna1995.kj,rgole02,ranjanjadhav1234,rupali1891994,ashwinnumbrat94,anirudh0000,kritikasharma261995,vshrivastav,swapneil.hirulkar,zak1010,priyanka.chavan.s.pc,svinina,dipeshghag4u,nikhiljadhav.jadhav40,darpan.bagwale,anjaliashlin,khansaif94,amit.madgi,gharat789,sumaiyya.kazi94,smackthatjohn
govind9867129531,aismon2010,patilmonika681,arsh.raina,sahusoumya.2010,rbiradar,reubenalexander2010
kapsesainath,manojgfn92,siddhant,pomkar55,anut730,akshay9594,amolsb,pratham.chavan37,kambe302,kmpar1994,7prashantjagtap,jankip19894,chinmaya.k,nitin.mishra,abhishek.bs,aishwaryamehta95,shelkesagar29,shindeabhishek97,heenal0708,sanket.d,parth15,sanjay.s,krunal.v,vsagvekar,madhuravalvaikar1208,abha08,maradiyadhaval92,more.amruta25a,neharane2665,ankita.bhoir,pritish.das,vnadar,vijay.chawla
richa.chandra94,rohit.upadhyay017,avinashsakore27,ashwinichatuphale,swatimote9070
kingofskills.sagar,more.amruta25a,prateiknanaware07,kmpar1994,amitsunildhamne,abhishekparab13
mjcarter83,zhengqm,ahn,zhangjianhyper,ian.a.carr,zhengqm92,nbatista
hzhengxi,duthuang,xiao_2052,xiao_2049,xiao_2050,xiao_2051,xiao_2048
mamun.113.cr,shafiqul.eee.buet,krishnaharsh123,nev1953,sakidja,dybn7758,captainchemistry,zachleuty,kentlouis,hines057,zid07,kppalpa6,bn0627,legendarypolynomials,shfiqul2997,am921,samiul001,treygrimes,delower,smitra,jhollis67,gavin0531,mehedi_123,ap2009,lim0722
liuzhao1225,harrylu,yuhongzeusa,andyzh98,ilestcree,lingyun18
megbern,lucasnukayahead,soccor.ghuy,daniellenichols,carterwarren12,alineelquist,rhunt,stevejohns,jennidomski,aaronbartz
ssrandha,crdeloof,schalljd,mlbelche,grandpa_miller67,raman1590,jblumline1994,e.jankulovski
mamun.113.cr,hines057,shafiqul.eee.buet,bn0627,nev1953,legendarypolynomials,sakidja
gchon436,ajmillir,rwkeefe,anhochst,alisadeq,zlholme2,jfendri,jwfrenc2,yzhang59,zgdavis,emalhajj,ajmilliron,ajrigby,nrhawes,ajlountz,jakuhne,sidonald15,kdwatso3,saba96,bxruther,seklug,emharri5,zackk12153,tbhubble,mkmoody,npschult,jaconno2,jlbrodie,npschultz,sjfigurs,wkharri3,tnpardue,obartman,ajsquire,tafagan,atberg,mmalsaft,bfgsweeper,ajcoon,djblivin,talitaoliveira53,jpadams,rljacks8,mjdeal,taleona3,jarussel,emmills,gq_xintong,abmcgin,amcorbe2,csbarcla,sufczynski,hahsain,mmkasper,hnparey,syan4,gredden,jrmcgarr,abharga5,mgbate,edhill3,sanielpatrickk,cthudso3,tsavey
syan4,seklug,yzhang59,edhill3,mgbate,taleona3
raz26,yus51,blessyou0901,lishuopitt,abg30,mow10,s.sharbati,cwf9
pol93,luca.binci,marcocolang,soumya_y,mar.comm.93,sellierh,segantini_matteo,bobmaurice,nelloliguori94,phanthom003,pierre.edinger,ciabeca.who,lutz.christophe,alessandro.pilotto,daphnee.bosch,phelmaxime,edo.cuni,pone.fede,federico.panicco,mara.vlcak,sammycerida,giuliozorzi,chiaracatgiu,andregemx,michelepezzarossa,marcello.palumbo21
ading1,sxy4869,arthurfteelee,jasonlp11,elp15sbs,xuhao1209,wli34,hswyxym,zulhilmymohamed,elp15yn,bxu11,ykn2814,premlal,demose,nawal1516,sunrish
sxy4869,jianzhao,xuhao1209,blroc1992,demose,nawal1516,jasonlp11,jzf1326962549,zulhilmymohamed,jaosnlp11,lhao1,q1091551527,nanbo1,sunrish,lksh1993,hyang31,hswyxym,echoshuang,jzf132696254,bxu11,liuhao901008,jzf132696254969,wizardnumber,wuzecheng2,cs24451,lksh1992,jzf13269625496,ading1,nanbo8,arthurfteelee,wli34,elp15sbs,elp15yn,wangshuo0514,ykn2814,echoecho,echo1993,shuangshuang,littlepandayan,atu1
khan106,wmorton,mviers,eprussac,andorner,redwing,teeads,yang837,kadair,alichlyt,mkrafcik,colbertk,nmacke,cvieira,humphre4,burgosn,ouyang6,hobson7,logan8,hweldy,ning2,mgolm,mmuschar,kohlerc,mudaipurwala,mbodziak,kkingdon,aoffenb,brendenh88,ngaurav,carson22,welch31,abeckle,courtneyy,an49,smit2323,fbokhari,mill1023,hu347,zhan1823,campos26,richtern,imclucke
colbertk,mviers,pan112,zhan1823,hweldy,courtneyy
kolispeter,rafatulfaria,blissm95,hctest3,runvacheck,hctest4,ddelhoyotorres,mshisheh
mfigura,robin198,kelseywells,williamhenken,swilliams13
