tool,start,end,mean_lon,mean_lat,user_set,ip_set
0,2009-03-27,2009-03-29,31.25854274204799,30.059671674455917,"{'mahmoud1983', 'yousrykamal', 'ahmedgad', 'h_maksoud', 'hattem', 'mohamedabouzied', 'minagad'}","{'41.153.234.231', '41.234.250.151', '41.196.171.235', '41.235.241.219', '41.232.93.56', '41.236.229.7', '41.232.79.145'}"
0,2009-01-13,2009-01-15,-86.79199981689453,36.1515007019043,"{'nass_sare', 'reedra1', 'crimsonvaliant', 'dasgups2', 'gtengland'}","{'129.59.26.25', '129.59.30.167', '129.59.34.135', '129.59.83.137', '129.59.93.40'}"
1,2009-01-16,2009-01-28,-86.91701019510317,40.429185442778554,"{'mumbly_joe', 'srikarb', 'rexhuang81', 'ssadeque', 'icmyselfinu', 'chen314', 'sjmen', 'msalmani', 'ashraf', 'jjallal', '02paiks', 'prwest', 'jain28', 'askiahill', 'loke', 'amoham2'}","{'128.211.178.252', '98.223.231.226', '128.211.251.138', '128.46.209.242', '128.46.94.87', '128.211.201.56', '128.211.251.132', '128.211.179.241', '128.211.178.174', '128.46.209.124', '128.211.249.129', '128.211.179.135', '128.211.252.208', '128.211.179.119', '128.46.209.195', '128.211.179.73', '98.223.110.68', '128.211.178.164', '98.223.111.27'}"
2,2009-01-30,2009-02-11,-86.91543354119462,40.42639207135794,"{'lokeyh', 'srikarb', 'dhruvsingh', 'ssadeque', 'icmyselfinu', 'ashtone_rose', 'sjmen', 'msalmani', 'ashraf', 'onurucler', '02paiks', 'prwest', 'jain28', 'askiahill', 'amoham2'}","{'128.211.174.109', '128.211.171.30', '128.210.192.145', '98.223.231.226', '128.211.251.138', '128.211.251.132', '128.211.170.244', '128.211.178.205', '128.211.179.254', '128.211.179.241', '128.211.249.129', '128.46.209.124', '128.46.209.197', '128.46.209.194', '128.211.179.73', '128.211.252.208', '98.223.110.68', '128.211.179.209', '128.211.179.92'}"
3,2009-02-10,2009-02-14,-89.2156982421875,37.72019958496094,"{'dnbakmaz', 'richenk', 'dler', 'williajl', 'banks', 'digregor', 'abknel', 'kbarringer', 'tyler', 'eclark', 'pbstofko', 'chashivche84', 'jawadz'}","{'131.230.194.119', '131.230.194.113', '131.230.194.115', '131.230.194.118', '131.230.194.114', '131.230.194.117', '131.230.194.116', '131.230.194.110'}"
4,2009-02-15,2009-02-19,-96.77519226074219,32.80689031427557,"{'kinto06', 'chrislavery', 'waaraa1331', 'obgob', 'odc081000', 'runnergirl87', 'royce', 'ngc1892', 'averice', 'cen', 'chadrichards'}","{'129.110.241.42', '76.186.234.115', '129.110.241.73', '24.27.78.79', '76.186.216.238', '97.77.48.254', '129.110.242.7', '76.186.224.110', '129.110.242.8'}"
5,2009-03-08,2009-03-12,-96.3636640542801,30.657457204056968,"{'snoop15', 'luckyhusky', 'goebwer', 'battlebutt', 'bmw32373', 'jayj2510', 'sush1812', 'lugosch', 'xzhang1', 'arl437'}","{'165.91.172.235', '165.91.166.195', '165.91.174.186', '165.91.89.126', '128.194.17.66', '165.91.174.187', '128.194.72.120', '209.189.245.114', '128.194.21.20', '128.194.76.128'}"
6,2009-04-05,2009-04-09,-96.32651495518019,30.630565261882015,"{'snoop15', 'luckyhusky', 'dam7850', 'goebwer', 'lugosch', 'magicdigr', 'bmw32373', 'jayj2510', 'rroyler', 'jorge_rey16', 'sush1812'}","{'165.91.175.81', '165.91.241.142', '165.91.10.6', '128.194.72.120', '165.91.241.158', '165.91.10.32', '75.111.128.197', '165.91.89.61', '128.194.17.66', '165.91.174.236', '209.189.245.113'}"
7,2009-04-23,2009-04-28,-86.79199981689453,36.1515007019043,"{'nass_sare', 'reedra1', 'crimsonvaliant', 'northofnowhere5', 'dasgups2', 'candelbm', 'gtengland', 'mabadri'}","{'129.59.135.156', '129.59.43.206', '129.59.83.253', '129.59.28.70', '129.59.172.188', '129.59.152.183', '129.59.30.167', '129.59.83.124', '129.59.83.165'}"
0,2009-01-20,2009-02-07,77.0,20.0,"{'amma', 'amrita6', 'krishnamboori', 'amrita5', 'amrita2', 'amrita7', 'amrita1', 'n_krishnan', 'rajasree', 'amrita9', 'kripamayi'}",{'210.212.244.133'}
1,2009-02-10,2009-02-11,77.0,20.0,"{'amrita3', 'amrita6', 'n_krishnan', 'amrita5', 'rajasree', 'kripamayi'}",{'210.212.244.133'}
2,2009-02-21,2009-02-25,77.0,20.0,"{'amrita6', 'amrita7', 'amrita5', 'anumalaparamba', 'rajasree', 'amrita9'}",{'210.212.244.133'}
3,2009-03-21,2009-03-21,77.0,20.0,"{'cb105me136', 'amrita7', 'rajasree', 'amrita9', 'kripamayi'}",{'210.212.244.133'}
4,2009-06-25,2009-06-28,77.0,20.0,"{'ashish_g', 'tevatron', 'anirudh2', 'yuvi', 'rajasree', 'amrita9', 'anirudh1'}","{'59.92.104.131', '210.212.244.133'}"
0,2009-02-03,2009-02-07,75.58110046386719,31.32469940185547,"{'shweta', 'roohie', 'tarun_agarwal90', 'kukkoo75', 'auatai', 'khushboo', 'kapilvkjain'}","{'220.227.156.7', '220.227.156.138'}"
1,2009-04-11,2009-04-20,126.95410311522244,37.55044473999668,"{'future2121', 'kumaryu', 'kingofyoon1', 'lovecoms', 'pgkwanjul', 'sm2mr', 'coolman7910', 'akelohre', 'tndydakstp', 'kapsu', 'rydghks', 'ackear', 'thehits', 'liho2010', 'picturelover', 'rins81', 'hunybebe', 'beatronic', 'navid', 'jungildoo', 'reachvast', 'nystick', 'sunshines23'}","{'124.60.169.36', '222.110.180.182', '59.6.226.204', '210.106.218.47', '125.180.194.54', '115.138.9.151', '59.10.244.125', '59.6.228.148', '115.138.8.135', '203.249.64.28', '59.10.244.207', '121.131.163.166', '203.249.64.161', '220.95.137.192', '59.6.228.11', '119.149.58.12', '124.61.49.168', '203.249.80.158', '120.142.160.100', '203.249.67.235', '59.6.226.212', '203.249.67.199', '59.6.228.243', '124.49.77.148', '221.146.245.58', '58.122.204.139'}"
0,2009-02-15,2009-02-19,-86.90910613545061,40.422544653324756,"{'lokeyh', 'srikarb', 'rexhuang81', 'ssadeque', 'icmyselfinu', 'saumitra', 'lundstro', 'onurucler', '02paiks', 'prwest', 'askiahill', 'wizjeong', 'jloy'}","{'72.12.198.107', '128.211.251.138', '128.211.171.138', '128.211.170.110', '128.46.209.123', '128.46.94.89', '128.211.201.56', '128.46.209.46', '128.211.251.132', '128.46.94.57', '128.211.249.129', '128.46.209.197', '128.211.178.129'}"
1,2009-04-29,2009-05-01,-89.2156982421875,37.72019958496094,"{'sheheeda', 'lavanyag', 'mutaz', 'sampathy', 'sabiram164', 'srilekha', 'sreenivasg', 'nil2786', 'clzhang', 'saravece550'}","{'131.230.194.118', '131.230.194.102', '131.230.193.151', '131.230.194.136', '131.230.41.9', '131.230.191.51', '131.230.191.127', '131.230.191.120', '131.230.191.30'}"
0,2009-06-11,2009-06-21,77.0,20.0,"{'amrita3', 'amrita11', 'amrita1', 'amma', 'amrita13', 'amrita6', 'krishnamboori', 'amrita2', 'amrita7', 'amrita12', 'n_krishnan', 'kripamayi'}",{'210.212.244.133'}
0,2009-01-30,2009-02-02,-86.91470336914062,40.42509841918945,"{'lokeyh', 'mumbly_joe', 'srikarb', 'rexhuang81', 'dhruvsingh', 'ssadeque', 'icmyselfinu', 'sjmen', 'msalmani', 'jjallal', 'prwest', 'jain28', 'askiahill'}","{'128.46.209.245', '128.211.251.138', '128.46.209.123', '128.211.201.56', '128.46.209.244', '128.211.174.178', '128.211.251.132', '128.211.178.205', '128.211.249.129', '128.211.178.245', '128.46.209.194', '128.211.171.162', '128.210.192.120'}"
0,2009-02-26,2009-03-17,-87.68518918124838,42.053356743069735,"{'lfeig', 'mmurphy', 'bgojer', 'anne8683', 'jkang', 'tzhu', 'azuzelo', 'hrussell', 'mdsonnta', 'yni', 'jpanhans', 'joshlee', 'cky161', 'mgajewsky', 'benmackenzie', 'ysun', 'cmj140', 'ciser', 'kledvora', 'omargutierrez8', 'thealy', 'regit627', 'rcassidy', 'tsa309', 'amodtimalsina', 'skumar', 'bstasiak', 'jguerrieri', 'hpoints', 'mojserkis', 'paulyim1', 'aotieno', 'epark', 'abaleanu', 'mmeurice', 'akrishnan', 'lscolaro', 'mbaker', 'zjoachim', 'kpovod', 'ledzep89', 'tbrockly', 'majestyk', 'abeyt', 'lfoley', 'cmoran', 'tkoegel', 'sharrity', 'wmitzelfeld', 'cmiller', 'danderson4', 'veulo', 'psseshadri', 'nkim', 'ncc814', 'arosenkranz', 'achu', 'pkpark', 'tsanusi', 'lwint', 'almaswimfreak06', 'sshin', 'rhund', 'abeebe', 'duranth', 'redwards', 'jilopez', 'cook3r', 'bwalsh', 'jkastan', 'kodonnell', 'amatsil', 'amunre', 'stheodossiou', 'eryan', 'cmcguffin', 'lredden', 'dwhitehead', 'jyu', 'mkang', 'aft294', 'eemartinez', 'lhemenetz', 'dbieranoski', 'faithboman', 'mstull', 'cmcelwrath', 'mabaker', 'sconnell2010', 'jbarnes', 'skellert', 'aschwartz', 'slhatch', 'bhvide', 'afraum', 'madsciencetist', 'kknowles', 'sgojer', 'trivers', 'ohnoitsmaria', 'robertellis2012', 'ecasano', 'irodriguez', 'dmacanas', 'mindovermattr17', 'aholladay', 'dobrien', 'mfernandez', 'jgorrell', 'gtillett2012', 'iramer', 'miarose', 'cyoon', 'wylee', 'mac210', 'dwainwright', 'nniles', 'cdzeba', 'kold1', 'berickson', 'nkappler', 'pweidner', 'rzyer', 'tkim', 'igolbin', 'awatts', 'rpang', 'tmw314', 'jwalsh', 'ccallahan', 'ahobaugh', 'xiaoxu', 'midnightkitty2', 'jgottesman', 'yukim', 'tthomas', 'zali', 'halvorsonm', 'smshim', 'agordon', 'jdoering', 'aelsaeed', 'khooley', 'jmontejo', 'wboulay', 'sew896', 'hle', 'afefferman', 'akahn', 'sbhowmick', 'hallke', 'psexton', 'pmohan', 'vqv226', 'mtweet', 'mcarson', 'lvalentino', 'kbullen', 'vzahran', 'lfraust9', 'jchung', 'elucks', 'sstephens', 'gkim314', 'abakken', 'derbs', 'dkluger', 'soh', 'jthich', 'scollins8', 'arazma', 'khashiba', 'jsias', 'jsalazar', 'achen03', 'kcooper', 'cmihalache', 'srw762', 'kmb562', 'clee12', 'csolares', 'gabgirl24', 'jcavanaugh', 'sterrazas', 'jwen', 'mlux', 'blurie', 'claytonbrengman2012', 'smalin', 'nrieser', 'darbychild', 'amorriscohen', 'msledd', 'rritger', 'soneill', 'gflocker', 'tshenoy', 'mchou', 'eglass', 'sepd22', 'mmccoy', 'bbecker', 'dbaurer', 'jmadsen', 'dboe', 'ascheffel', 'cberhorst', 'mdornbusch', 'awong', 'rthompson', 'iloveham90', 'rdory', 'ewolfish', 'laurie521', 'aaronjonesey', 'con863', 'davidgabriel', 'inaheaven', 'awald', 'enosal', 'glewis07', 'cprovencal', 'mahimavijay', 'mspaic', 'knickele', 'jebeard', 'cckhor', 'ekudlaty', 'ebifano', 'jkulesa', 'dmescher', 'yzhu90', 'btongson', 'aschroeder', 'gpillai', 'wfurness', 'bathans', 'tbenchoamrogers', 'rmunjal', 'mcwise', 'abhandari', 'rbarker', 'jskinner', 'mherschfeld', 'rwinnegar27', 'rzhan', 'mwhitehill', 'kdam', 'kli', 'sjb364', 'sschwartz', 'olegkord', 'dkim0406', 'jgu506', 'jhennek', 'mfaliszek', 'esayers', 'jmontoya', 'mgeltz', 'rashmis', 'kkahle', 'mliew', 'readman1223', 'kdriemeyer', 'dnagel', 'ckarras', 'mbabalooee', 'ykang', 'aseehra', 'kfullin', 'atsui', 'mcavanaugh', 'jjo', 'rcollier', 'chicken1214', 'kchu', 'hrichards', 'zwheeler', 'hitehc', 'jmiller', 'jlafreniere', 'aretson', 'hsun', 'mhyre0605', 'amorgan', 'mattaar', 'nzessis', 'bwright', 'npizzolato', 'japolinario', 'catcarr10', 'schow', 'mcousins', 'amclain'}","{'129.105.4.195', '129.105.52.162', '129.105.52.144', '165.124.140.142', '129.105.52.70', '165.124.97.251', '129.105.4.169', '129.105.52.49', '165.124.218.114', '165.124.113.188', '165.124.143.16', '129.105.52.238', '199.74.103.239', '165.124.216.148', '129.105.116.159', '165.124.138.128', '199.74.83.15', '165.124.142.208', '199.74.88.147', '129.105.52.145', '165.124.142.17', '199.74.79.132', '207.229.180.103', '165.124.115.46', '129.105.52.94', '165.124.143.131', '165.124.136.79', '165.124.136.226', '165.124.205.31', '165.124.204.118', '199.74.103.47', '129.105.52.86', '165.124.112.209', '129.105.116.226', '165.124.143.122', '165.124.204.37', '129.105.168.52', '165.124.215.60', '165.124.113.243', '165.124.97.19', '165.124.138.66', '199.74.79.200', '165.124.204.176', '129.105.66.180', '165.124.204.200', '165.124.204.121', '129.105.10.119', '165.124.204.20', '129.105.52.179', '199.74.96.187', '199.74.96.157', '165.124.213.196', '165.124.217.122', '165.124.218.194', '129.105.10.158', '165.124.138.157', '199.74.103.124', '199.74.69.93', '165.124.216.54', '129.105.104.169', '165.124.116.96', '199.74.97.56', '199.74.77.22', '199.74.88.145', '165.124.142.23', '199.74.81.197', '165.124.140.40', '67.184.68.238', '129.105.121.237', '129.105.104.119', '199.74.71.161', '165.124.216.157', '165.124.136.16', '129.105.91.34', '199.74.87.101', '165.124.218.139', '165.124.218.247', '199.74.71.112', '129.105.52.99', '129.105.82.112', '165.124.217.195', '165.124.218.203', '199.74.84.132', '199.74.80.6', '165.124.143.45', '129.105.52.118', '165.124.205.202', '165.124.142.83', '165.124.218.113', '129.105.52.197', '199.74.69.172', '199.74.96.119', '66.146.197.84', '165.124.166.200', '165.124.167.247', '165.124.143.173', '199.74.77.141', '165.124.216.254', '129.105.14.73', '165.124.213.204', '165.124.138.93', '165.124.212.255', '165.124.162.132', '199.74.95.227', '165.124.143.232', '165.124.97.172', '129.105.20.131', '199.74.87.221', '129.105.52.247', '199.74.70.44', '199.74.81.126', '165.124.97.207', '129.105.14.60', '165.124.136.18', '165.124.139.187', '165.124.216.250', '199.74.87.53', '129.105.116.192', '199.74.76.213', '165.124.204.198', '165.124.97.136', '165.124.137.70', '165.124.219.144', '165.124.217.230', '129.105.4.138', '129.105.14.62', '165.124.140.50', '129.105.4.134', '165.124.143.215', '165.124.141.15', '165.124.114.105', '98.227.180.176', '165.124.142.254', '199.74.77.142', '165.124.218.132', '165.124.143.167', '129.105.52.116', '129.105.52.155', '199.74.96.26', '165.124.138.231', '199.74.89.73', '129.105.29.111', '199.74.88.60', '165.124.136.44', '165.124.141.204', '165.124.216.191', '165.124.218.41', '165.124.204.237', '129.105.121.157', '165.124.139.40', '98.220.235.137', '165.124.216.107', '165.124.138.16', '165.124.113.64', '165.124.216.25', '199.74.76.209', '165.124.204.149', '199.74.96.71', '129.105.52.104', '67.175.160.8', '129.105.121.167', '129.105.10.157', '165.124.143.66', '199.74.82.54', '129.105.116.167', '129.105.116.223', '24.1.230.216', '129.105.52.219', '165.124.204.223', '199.74.72.17', '129.105.10.192', '165.124.204.148', '129.105.122.150', '199.74.95.231', '165.124.214.180', '129.105.121.234', '165.124.136.165', '165.124.138.138', '165.124.142.127', '165.124.216.90', '129.105.10.178', '165.124.204.231', '129.105.52.218', '165.124.137.252', '165.124.137.25', '165.124.217.94', '165.124.140.217', '24.148.48.66', '199.74.80.59', '129.105.10.14', '199.74.96.70', '129.105.32.241', '165.124.115.76', '199.74.78.77', '71.194.130.76', '165.124.140.17', '129.105.14.231', '165.124.139.69', '165.124.219.239', '165.124.204.124', '199.74.89.50', '165.124.218.58', '199.74.81.252', '129.105.116.173', '129.105.52.140', '199.74.76.210', '165.124.119.220', '129.105.122.197', '199.74.76.91', '199.74.105.234', '129.105.116.55', '165.124.140.66', '165.124.219.246', '165.124.205.240', '165.124.217.74', '129.105.52.153', '165.124.137.121', '199.74.95.149', '199.74.87.106', '165.124.136.224', '165.124.136.77', '165.124.216.202', '129.105.52.184', '67.184.59.195', '165.124.204.128', '199.74.89.137', '165.124.140.44', '165.124.205.168', '129.105.52.231', '199.74.95.26', '165.124.217.54', '129.105.10.50', '165.124.217.26', '129.105.52.185', '165.124.136.156', '165.124.217.191', '165.124.139.167', '129.105.52.194', '165.124.119.175', '199.74.84.49', '165.124.219.128', '199.74.86.245', '129.105.34.131', '165.124.138.250', '199.74.78.217', '165.124.115.176', '165.124.218.155', '165.124.143.30', '165.124.217.137', '129.105.52.142', '165.124.139.14', '165.124.143.104', '165.124.143.224', '165.124.143.125', '165.124.143.239', '129.105.52.166', '165.124.97.110', '199.74.76.86', '165.124.97.231', '165.124.219.179', '69.243.147.184', '199.74.81.161', '199.74.95.103', '165.124.218.152', '129.105.52.235'}"
0,2009-02-25,2009-03-01,-88.2061996459961,40.104698181152344,"{'icottle2', 'danerabdula', 'lyding', 'jwood1985', 'aliao', 'kllin2', 'kevinhe', 'destrad3', 'clarachi'}","{'130.126.245.102', '130.126.160.115', '130.126.246.215', '192.17.146.36', '128.174.228.205', '128.174.190.32', '128.174.190.37', '128.174.113.154', '128.174.211.118'}"
1,2009-04-12,2009-04-16,16.64419937133789,49.23270034790039,"{'mimco', 'neo2199', 'fluke', 'paveln', 'tatrac', 'xkarma04', 'xnovac05', 'xsalaj01', 'janpicha', 'xtenor00', 'stanin', 'xotoup02', 'yin', 'xbucht09', 'xmalin15', 'pavlosstar', 'xzurek04', 'marakh', 'xotoup03', 'komendar', 'xzeman30', 'xhosek05', 'xpatek03', 'scorpios', 'istrasil', 'concore', 'xmasin00', 'vohanka'}","{'89.103.120.227', '147.229.152.31'}"
2,2009-04-19,2009-04-23,16.64419937133789,49.23270034790039,"{'warhawk', 'big_fear', 'spiq', 'greenspirit', 'janmiklas', 'xmarty02', 'sidnez', 'xbucht09', 'dragon3', 'pristach', 'xpsota03', 'xdepia00', 'xzurek07', 'strapo', 'vladislav', 'potion'}",{'147.229.152.31'}
3,2009-05-30,2009-06-02,-88.2061996459961,40.104698181152344,"{'sxma2r', 'snoelck', 'syedimaad', 'nixon1', 'lgoddard', 'hyonmin1'}","{'128.174.214.26', '128.174.216.181', '128.174.214.11', '192.17.144.249', '128.174.214.22', '128.174.214.20'}"
0,2009-06-21,2009-06-24,-97.8219985961914,37.750999450683594,"{'raynjamin', 'moblepias', 'srossi455', 'mas074', 'bpurcell', 'anonymous', 'rohanp77', 'newyork123', 'jlbemley1', 'ktubbs2', 'shafaeat'}","{'12.165.222.174', '12.165.222.148', '12.165.222.239', '12.165.222.183', '12.165.222.158', '12.165.222.169', '12.238.63.243', '12.165.222.172', '12.238.63.244', '12.165.222.74'}"
0,2009-02-15,2009-02-22,-88.20586627829614,40.10379688303604,"{'ppark9', 'jzucker2', 'peiliu2', 'cdpatel2', 'billyv', 'yjia5', 'sadderly', 'noodle8', 'garrett3', 'rfavero2', 'steder1', 'jhong21', 'dsigety2', 'kfranci2', 'youngjkoh', 'goel4', 'ravaioli', 'dombro2', 'hyungrae82', 'jlcgse1921', 'ainglis2', 'anjalis2006', 'pvora2', 'sturnfie', 'nazaret1', 'roether82', 'bmd1988', 'mdejesu2', 'rshishk2', 'cmcinty2', 'kbhagat2', 'talwar1', 'mwilli26', 'opatel2', 'agrawalrishabh'}","{'192.17.193.52', '192.17.146.143', '128.174.159.76', '130.126.161.215', '128.174.114.158', '128.174.115.169', '128.174.114.0', '130.126.161.209', '192.17.145.127', '216.171.25.130', '128.174.114.71', '98.212.135.231', '98.212.133.13', '130.126.77.228', '128.174.114.70', '128.174.114.74', '130.126.128.200', '128.174.242.187', '130.126.161.232', '192.17.204.34', '130.126.212.97', '128.174.115.168', '128.174.137.52', '192.17.144.221', '130.126.213.243', '192.17.145.170', '128.174.114.73', '130.126.160.119', '192.17.129.124', '130.126.161.221', '130.126.109.231', '192.17.205.82', '192.17.129.96', '130.126.247.244', '128.174.133.193', '130.126.160.120', '130.126.160.117', '192.17.134.117'}"
1,2009-02-17,2009-02-22,-88.13889406998273,42.023068409591325,"{'rfavero2', 'xjiang4', 'bengani1', 'nictse500', 'cdpatel2', 'billyv', 'wcourtn2', 'pvora2', 'lam5', 'mgan2', 'gchou2', 'garrett3', 'rotap2', 'opatel2', 'raygrl88'}","{'98.212.204.18', '98.220.252.138', '98.212.197.132', '98.212.194.253', '98.212.194.55', '98.212.200.69', '98.212.193.149', '98.212.194.250', '98.212.192.105', '98.212.193.47', '98.212.193.46', '98.212.199.70', '98.212.197.196', '98.212.194.117', '98.212.195.47'}"
2,2009-02-17,2009-02-21,-97.8219985961914,37.750999450683594,"{'scornwe2', 'premraj1', 'bmd1988', 'dantle2', 'xlange2', 'talwar1', 'vpopsto2', 'malhotr5', 'raygrl88'}","{'63.252.66.70', '63.252.64.254', '63.252.66.192', '64.198.255.190', '64.198.255.187', '63.252.66.248', '63.252.66.219', '76.199.6.226', '209.254.148.7'}"
0,2009-01-31,2009-02-02,-86.90516916910808,40.42074839274088,"{'akalasur', 'nnajdek', 'bchng', 'jwhyland', 'lau0', 'schmidsm'}","{'128.211.216.210', '128.211.160.34', '128.211.200.117', '128.210.37.18', '72.12.198.109', '128.211.241.127'}"
1,2009-02-27,2009-03-05,-88.20487063508514,40.103620050771156,"{'ppark9', 'mczapar2', 'ramya44', 'jzucker2', 'mdford2', 'peiliu2', 'mwilli26', 'yjia5', 'sadderly', 'premraj1', 'choquette', 'noodle8', 'garrett3', 'xjiang4', 'jhong21', 'dsigety2', 'youngjkoh', 'dombro2', 'hyungrae82', 'jlcgse1921', 'ainglis2', 'anjalis2006', 'sturnfie', 'roether82', 'nazaret1', 'cmcinty2', 'kbhagat2', 'kfranci2', 'rotap2', 'opatel2'}","{'130.126.160.96', '128.174.115.77', '130.126.161.37', '128.174.114.158', '128.174.114.0', '192.17.146.160', '130.126.209.171', '98.212.135.231', '130.126.76.92', '130.126.161.193', '130.126.212.97', '130.126.215.35', '192.17.144.147', '128.174.114.52', '192.17.132.245', '192.17.144.226', '192.17.131.139', '128.174.114.157', '130.126.160.38', '130.126.161.233', '128.174.216.93', '130.126.130.200', '128.174.114.73', '128.174.115.119', '128.174.114.150', '130.126.160.39', '128.174.114.151', '128.174.115.66', '130.126.160.111', '128.174.191.165', '130.126.160.37', '192.17.145.60'}"
2,2009-03-01,2009-03-05,-88.11592276778025,42.01887752796135,"{'cdpatel2', 'billyvg', 'rotap2', 'noodle8', 'gchou2', 'garrett3', 'assface', 'rfavero2', 'jhong21', 'xjiang4', 'soni7', 'wcourtn2', 'pvora2', 'lam5', 'mgan2', 'mdejesu2', 'nictse500', 'opatel2', 'raygrl88'}","{'98.212.204.18', '24.1.31.167', '98.220.252.138', '98.212.197.132', '98.212.194.253', '98.212.200.69', '98.212.193.149', '98.212.194.250', '98.212.192.105', '98.212.205.119', '98.212.193.47', '98.212.193.46', '98.212.199.70', '98.212.197.196', '98.212.194.117', '98.220.253.141', '98.212.195.47', '98.212.194.141'}"
3,2009-03-01,2009-03-05,-97.8219985961914,37.750999450683594,"{'scornwe2', 'bmd1988', 'dantle2', 'xlange2', 'talwar1', 'vpopsto2', 'malhotr5'}","{'63.252.66.70', '63.252.66.192', '76.199.15.143', '76.199.14.72', '63.252.66.248', '64.198.255.186', '63.252.66.219'}"
0,2009-04-12,2009-04-16,16.64419937133789,49.23270034790039,"{'mimco', 'neo2199', 'fluke', 'paveln', 'tatrac', 'xkarma04', 'xnovac05', 'xsalaj01', 'janpicha', 'xtenor00', 'stanin', 'xotoup02', 'yin', 'xbucht09', 'xmalin15', 'pavlosstar', 'xzurek04', 'marakh', 'xotoup03', 'komendar', 'xzeman30', 'xhosek05', 'xpatek03', 'scorpios', 'istrasil', 'concore', 'xmasin00', 'vohanka'}","{'89.103.120.227', '147.229.152.31'}"
1,2009-04-19,2009-04-23,16.64419937133789,49.23270034790039,"{'warhawk', 'big_fear', 'spiq', 'greenspirit', 'janmiklas', 'xmarty02', 'sidnez', 'xbucht09', 'dragon3', 'pristach', 'xpsota03', 'xdepia00', 'xzurek07', 'strapo', 'vladislav', 'potion'}",{'147.229.152.31'}
0,2009-06-06,2009-06-09,-88.2061996459961,40.104698181152344,"{'sxma2r', 'rasyed', 'alaughney', 'kdko2', 'shravanti', 'snoelck', 'mg2705', 'nixon1', 'lgoddard', 'czakian', 'mariagregori', 'sobh', 'gulsim', 'jindafan', 'silvia', 'priyaveena', 'syedimaad', 'metasebya', 'rohith', 'chkwok', 'hyonmin1', 'vstoyneva', 'mbeheiry', 'sushant1983', 'skruderman', 'hyahn'}","{'128.174.216.72', '128.174.216.164', '128.174.216.166', '128.174.214.13', '128.174.216.65', '128.174.216.237', '128.174.216.92', '128.174.216.188', '128.174.216.232', '192.17.145.127', '128.174.216.236', '128.174.216.245', '128.174.216.198', '128.174.216.251', '128.174.214.11', '192.17.145.159', '128.174.191.37', '128.174.216.150', '128.174.216.202', '128.174.216.229', '128.174.216.181', '128.174.216.183', '128.174.216.73', '128.174.190.25', '128.174.216.84'}"
0,2009-03-01,2009-03-05,16.64419937133789,49.23270034790039,"{'neo2199', 'xprikr18', 'fluke', 'xbrudn01', 'tatrac', 'xkarma04', 'xsalaj01', 'janpicha', 'aedam', 'stanin', 'xotoup02', 'yin', 'xmalin15', 'xzurek04', 'xnedom03', 'xfajku02', 'marakh', 'xotoup03', 'xko', 'komendar', 'xstrbi03', 'xzeman30', 'scorpios', 'xmunst01', 'istrasil', 'xchleb03', 'churchil', 'nezbeda', 'xjanik09', 'xmasin00', 'vohanka'}","{'147.229.9.14', '147.229.152.31'}"
1,2009-03-15,2009-03-17,121.0,23.5,"{'james23', 'yhwu', 'jasonsue', 'nuuboy1119', 'zong'}",{'203.74.245.165'}
2,2009-03-25,2009-03-29,32.83470153808594,39.9213981628418,"{'hamsiii', 'denizakkaya', 'turcan', 'ikemalk', 'bbolukbasi', 'givenci', 'xcuh', 'furkancan', 'kucukdevec'}","{'139.179.32.28', '139.179.32.22', '139.179.32.18', '139.179.32.27', '139.179.32.19', '139.179.32.20', '139.179.32.218'}"
3,2009-04-03,2009-04-07,31.263297699553306,30.0573312623582,"{'teweetan1', 'essamhamdy', 'tamerhamdy', 'waled', 'mohamedabouzied', 'h_maksoud', 'mbsami', 'olaadel', 'hattem', 'amrzahir'}","{'41.232.229.178', '41.235.88.169', '196.205.131.35', '41.153.195.2', '41.235.88.61', '41.235.195.20', '41.190.249.254', '41.235.107.133', '196.221.178.189', '41.232.80.116', '195.246.42.252'}"
4,2009-04-09,2009-04-15,31.252824566657203,30.055782873320812,"{'aa_ayoub', 'ahmed_3anter', 'ayman', 'abdoon', 'abd_allah', 'sarah', 'ghost9991000', 'shafeey', 'redfox', 'waled', 'ahmedgad', 'mohamedabouzied', 'mbsami', 'minagad', 'aymanmahgoub', 'teweetan1', 'ranya_samy', 'mayyada', 'h_maksoud', 'a_bohy', 'hattem', 'mahmoud1983', 'engineerahmedhamed', 'amrzahir'}","{'41.232.14.49', '62.241.144.174', '41.153.215.218', '196.205.129.160', '41.190.249.254', '41.232.88.128', '41.235.241.4', '41.233.110.139', '196.218.38.132', '41.232.13.127', '196.221.178.189', '196.219.215.100', '41.235.91.203', '82.201.197.236', '213.131.84.70', '196.218.19.38', '196.221.131.15', '41.235.88.169', '196.205.35.240', '41.232.22.205', '41.190.248.254', '84.36.122.167', '41.237.56.63', '41.153.200.29', '41.237.65.233'}"
5,2009-04-10,2009-04-15,32.839434303070036,39.92183566494969,"{'onurkl', 'ilgea', 'tostostos', 'denizakkaya', 'cemilcanfb', 'ikemalk', 'bbolukbasi', 'cembila', 'kyener', 'furkancan', 'ardak8', 'mhmtmtl', 'vehbi', 'nihat'}","{'139.179.28.25', '139.179.207.80', '139.179.191.176', '139.179.28.13', '139.179.191.16', '139.179.32.10', '139.179.170.117', '139.179.170.116', '139.179.28.12', '139.179.206.53', '139.179.13.170', '139.179.196.225', '88.224.24.103', '139.179.207.126', '139.179.206.205'}"
0,2009-02-24,2009-02-28,-74.17948837256232,40.724447843052715,"{'siekey09', 'gaurangshukla1234', 'sumisv', 'santoshiitk', 'paradox', 'amardhore', 'ozgajobs'}","{'128.235.234.179', '128.235.234.133', '128.235.211.84', '128.235.134.139', '128.235.234.176', '128.235.211.85', '24.0.15.13', '128.235.247.198', '128.235.234.77'}"
1,2009-03-25,2009-03-29,32.83470153808594,39.9213981628418,"{'bbolukbasi', 'hamsiii', 'givenci', 'xcuh', 'denizakkaya', 'kucukdevec', 'ikemalk'}","{'139.179.32.28', '139.179.32.22', '139.179.32.18', '139.179.32.27', '139.179.32.19', '139.179.32.218'}"
2,2009-04-10,2009-04-15,32.83946989996268,39.92183895556641,"{'onurkl', 'ilgea', 'tostostos', 'denizakkaya', 'ikemalk', 'bbolukbasi', 'cembila', 'kyener', 'furkancan', 'ardak8', 'mhmtmtl', 'vehbi', 'nihat'}","{'139.179.207.80', '139.179.191.176', '139.179.26.10', '139.179.28.13', '139.179.191.16', '139.179.27.20', '139.179.195.92', '139.179.170.117', '139.179.170.116', '139.179.206.53', '139.179.13.170', '88.224.24.103', '139.179.28.23', '139.179.207.126', '139.179.206.205', '88.224.195.216'}"
3,2009-04-10,2009-04-19,-89.2156982421875,37.72019958496094,"{'sheheeda', 'speed2ak', 'craisyfrog', 'sabiram164', 'mutaz', 'sampathy', 'sreenivasg', 'nil2786', 'clzhang', 'saravece550'}","{'131.230.193.155', '131.230.196.46', '131.230.41.198', '131.230.193.156', '131.230.194.118', '131.230.192.179', '131.230.191.172', '131.230.194.140', '131.230.191.51', '131.230.191.127', '131.230.191.52', '131.230.191.90'}"
4,2009-04-14,2009-04-19,18.053927460396814,59.3454377118279,"{'silverjbj', 'haniyeh', 'jazzphysicist', 'olyaei', 'm_maziar', 'dot2se', 'atieh', 'crisss', 'nafenafe', 'uriel18', 'chensi', 'nanohaniye', 'dnacntfet', 'yiyepianzou', 'bellmanz', 'mohammad_shayeste', 'xush0327', 'karlwr'}","{'130.237.238.247', '130.237.238.185', '130.237.239.204', '130.237.239.224', '130.237.239.238', '213.114.156.197', '213.100.137.137', '130.237.239.228', '130.237.238.231', '130.237.239.191', '130.237.14.32', '213.100.17.168', '130.237.239.217', '130.237.22.232', '130.237.22.228', '130.237.22.137', '213.100.42.106', '130.237.4.240', '130.237.239.89'}"
5,2009-04-15,2009-04-18,-74.17454027251853,40.73699305740001,"{'samb', 'sampathy', 'sumisv', 'santoshiitk', 'ozgajobs', 'amardhore'}","{'128.235.211.84', '128.235.211.85', '72.69.78.77', '128.235.234.83', '128.235.234.93'}"
6,2009-04-15,2009-04-29,31.25740153261839,30.077335251620585,"{'goboshi', 'aa_ayoub', 'ahmed_3anter', 'ayman', 'aemira', 'abdoon', 'sarah', 'tamerhamdy', 'ghost9991000', 'mohammedawney', 'redfox', 'essamhamdy', 'yousrykamal', 'ahmedgad', 'mohamedabouzied', 'mbsami', 'minagad', 'aymanmahgoub', 'abdullah_yousof', 'teweetan1', 'alico', 'ranya_samy', 'mohamedgsh', 'h_maksoud', 'olaadel', 'hattem', 'mahmoud1983', 'amrzahir'}","{'41.232.82.171', '41.235.198.19', '196.205.167.20', '41.235.113.216', '163.121.179.44', '41.234.6.107', '41.235.159.158', '84.36.122.166', '41.235.88.120', '41.238.119.233', '62.135.126.29', '41.238.12.156', '41.238.114.11', '41.232.81.115', '41.238.133.141', '41.232.22.178', '196.218.38.132', '41.238.47.26', '41.232.82.16', '41.153.253.2', '41.196.171.149', '41.235.148.176', '196.221.178.189', '41.237.60.74', '41.232.83.43', '41.232.88.174', '41.178.98.136', '41.196.169.162', '41.236.207.157', '217.53.92.61', '41.232.18.82', '41.232.84.250', '41.196.128.106', '41.238.40.181', '41.190.248.253', '41.238.36.125', '193.227.30.245', '41.233.117.143', '41.234.6.26', '41.235.108.72'}"
7,2009-04-22,2009-05-11,18.02910319137046,59.36162869704896,"{'silverjbj', 'olyaei', 'reyhaneh_soltan', 'm_maziar', 'atieh', 'dot2se', 'yasharhormozan', 'arashhooshmand', 'addius', 'pooyatabibzadeh', 'crisss', 'behnambanan', 'nafenafe', 'mxtsig', 'chensi', 'uriel18', 'nanohaniye', 'dnacntfet', 'moeen84', 'mohammad_shayeste', 'xush0327'}","{'130.237.238.128', '130.237.239.241', '130.237.238.185', '80.216.91.152', '213.100.46.196', '83.233.68.178', '213.114.147.107', '130.237.5.140', '130.237.22.226', '130.237.5.149', '130.237.239.212', '213.114.152.107', '213.100.16.91', '130.237.238.232', '85.228.24.212', '83.233.242.199', '130.237.238.214', '213.101.208.214', '213.100.138.219', '213.113.64.76', '130.237.239.147', '130.237.239.162', '130.237.239.21', '130.237.238.227', '213.114.157.96', '130.237.22.232', '130.237.238.168', '213.100.42.106', '130.237.22.228', '130.237.239.19', '213.113.65.65', '213.113.65.40'}"
8,2009-04-22,2009-04-22,-89.2156982421875,37.72019958496094,"{'sheheeda', 'chevuri', 'karthik1106', 'mutaz', 'sampathy', 'nil2786'}","{'131.230.194.119', '131.230.194.118', '131.230.194.140', '131.230.193.132', '131.230.191.30'}"
9,2009-05-03,2009-05-06,121.0,23.5,"{'james23', 'yhwu', 'chiang_shop', 'jasonsue', 'zong'}","{'203.74.245.164', '203.74.245.165'}"
10,2009-05-15,2009-05-18,18.05958858352254,59.36852152119252,"{'silverjbj', 'chensi', 'dnacntfet', 'bellmanz', 'm_maziar', 'atieh', 'arashhooshmand', 'xush0327', 'nafenafe'}","{'130.237.2.164', '130.237.239.229', '130.237.239.21', '130.237.239.62', '130.237.22.232', '130.237.14.32', '130.237.22.228', '130.237.22.137', '77.238.48.39'}"
0,2009-02-01,2009-02-01,77.0,20.0,"{'krishnamboori', 'amrita7', 'amrita5', 'rajasree', 'amrita9'}",{'210.212.244.133'}
1,2009-04-08,2009-04-08,77.0,20.0,"{'amma', 'krishnamboori', 'amrita7', 'rajasree', 'amrita9', 'kripamayi'}",{'210.212.244.133'}
0,2009-01-20,2009-01-22,-87.7722651163737,41.93523279825846,"{'bsautt1', 'mbabalooee', 'mkang', 'eglass', 'razhar', 'alove'}","{'204.26.30.5', '98.206.120.225', '129.105.198.154', '67.184.68.238', '165.124.116.10', '165.124.218.152'}"
1,2009-02-06,2009-02-18,-87.68345570049121,42.05688880352167,"{'mmurphy', 'bgojer', 'jkang', 'darcyrahming', 'tzhu', 'azuzelo', 'hrussell', 'mdsonnta', 'yni', 'jpanhans', 'pacuna', 'joshlee', 'ysun', 'benmackenzie', 'cmj140', 'kledvora', 'omargutierrez8', 'thealy', 'regit627', 'lpree', 'rcassidy', 'tsa309', 'skumar', 'jguerrieri', 'hpoints', 'fvirani', 'a_pope', 'mcajigas', 'epark', 'abaleanu', 'mmeurice', 'akrishnan', 'lscolaro', 'mhowell', 'mbaker', 'enuila', 'zjoachim', 'ledzep89', 'abeyt', 'tbrockly', 'majestyk', 'runfree909', 'nshand', 'sschmidt', 'cmoran', 'jmilian', 'tkoegel', 'kelley08', 'aberens', 'sharrity', 'wmitzelfeld', 'cmiller', 'sml257', 'danderson4', 'vdopker', 'psseshadri', 'nkim', 'ncc814', 'arosenkranz', 'achu', 'pkpark', 'tsanusi', 'almaswimfreak06', 'ndeiters', 'alberthong', 'ejensler', 'sshin', 'rhund', 'abeebe', 'liuz08', 'duranth', 'redwards', 'thoh13', 'cook3r', 'mbloch', 'amatsil', 'amunre', 'kdimond', 'lredden', 'cmcguffin', 'dwhitehead', 'jyu', 'eemartinez', 'lhemenetz', 'dbieranoski', 'mstull', 'mabaker', 'cmcelwrath', 'jbarnes', 'aschwartz', 'slhatch', 'bhvide', 'afraum', 'kknowles', 'trivers', 'ohnoitsmaria', 'ecasano', 'irodriguez', 'dmacanas', 'aholladay', 'jgorrell', 'iramer', 'gtillett2012', 'mac210', 'wylee', 'dwainwright', 'nniles', 'tpickerill', 'cdzeba', 'berickson', 'nkappler', 'pweidner', 'tkim', 'igolbin', 'tmw314', 'rpang', 'jwalsh', 'mehritt', 'ccallahan', 'ahobaugh', 'xiaoxu', 'jgottesman', 'cen25ter', 'yukim', 'usman2012', 'tthomas', 'zali', 'halvorsonm', 'ekav', 'smshim', 'jdoering', 'aelsaeed', 'khooley', 'sew896', 'wboulay', 'hle', 'afefferman', 'dwalco', 'akahn', 'sbhowmick', 'psexton', 'pmohan', 'mpilecki', 'mtweet', 'lvalentino', 'kbullen', 'vzahran', 'jchung', 'lli', 'dangallegos', 'nlau', 'derbs', 'dkluger', 'ttobias', 'psnieder', 'soh', 'jthich', 'scollins8', 'arazma', 'khashiba', 'jsias', 'lvalentino1', 'jsalazar', 'kswonger', 'achen03', 'chwang', 'cmihalache', 'srw762', 'kmb562', 'clee12', 'csolares', 'gabgirl24', 'jwen', 'jcavanaugh', 'sterrazas', 'blurie', 'claytonbrengman2012', 'smalin', 'nrieser', 'cpeng', 'msledd', 'wqiao13', 'soneill', 'rritger', 'gflocker', 'tshenoy', 'sepd22', 'mchou', 'eglass', 'razhar', 'bbecker', 'ekoru', 'dbaurer', 'jmadsen', 'cberhorst', 'ascheffel', 'dboe', 'mdornbusch', 'awong', 'rthompson', 'bwilliams', 'iloveham90', 'rdory', 'ewolfish', 'sshah', 'scytryn', 'trockers', 'rsanders', 'con863', 'aaronjonesey', 'inaheaven', 'awald', 'jch973', 'enosal', 'glewis07', 'cprovencal', 'mahimavijay', 'mspaic', 'knickele', 'jebeard', 'cckhor', 'ekudlaty', 'ebifano', 'hosong', 'jkulesa', 'dmescher', 'yzhu90', 'aschroeder', 'gpillai', 'wfurness', 'bathans', 'tbenchoamrogers', 'rmunjal', 'rbarker', 'abhandari', 'mcwise', 'jskinner', 'mherschfeld', 'borban', 'rzhan', 'kdam', 'kli', 'sschwartz', 'sjb364', 'olegkord', 'dkim0406', 'jgu506', 'amclain', 'mfaliszek', 'esayers', 'jmontoya', 'mgeltz', 'chanyxp', 'rashmis', 'kkahle', 'mrfriskylemur', 'readman1223', 'kdriemeyer', 'ttang', 'dnagel', 'mbartnovsky', 'ckarras', 'mbabalooee', 'ykang', 'aseehra', 'enyatepecoo', 'kfullin', 'atsui', 'mcavanaugh', 'jjo', 'rcollier', 'chicken1214', 'kchu', 'maffi', 'zwheeler', 'hitehc', 'jmiller', 'jlafreniere', 'hsun', 'bigbee15', 'mgandhi', 'mhyre0605', 'amorgan', 'mattaar', 'npizzolato', 'nzessis', 'bwright', 'japolinario', 'schow', 'mcousins', 'kpovod'}","{'129.105.4.195', '129.105.52.144', '129.105.14.88', '199.74.96.213', '199.74.93.99', '165.124.217.110', '165.124.219.204', '165.124.217.98', '199.74.77.42', '165.124.219.50', '165.124.138.228', '165.124.143.74', '199.74.102.26', '199.74.78.246', '199.74.95.42', '165.124.205.192', '165.124.138.227', '199.74.71.60', '165.124.97.170', '199.74.81.240', '165.124.205.105', '129.105.121.152', '199.74.88.147', '165.124.204.45', '199.74.100.183', '129.105.10.188', '165.124.139.108', '165.124.138.140', '165.124.140.244', '165.124.136.202', '199.74.88.192', '199.74.78.131', '165.124.137.32', '199.74.89.226', '129.105.14.131', '199.74.103.47', '165.124.140.136', '129.105.116.198', '199.74.93.240', '165.124.219.153', '129.105.104.186', '199.74.71.91', '199.74.78.74', '165.124.97.114', '165.124.217.237', '66.146.197.35', '199.74.95.179', '129.105.168.52', '129.105.116.232', '199.74.90.101', '165.124.218.230', '199.74.79.200', '165.124.205.120', '199.74.79.194', '199.74.69.15', '129.105.52.179', '165.124.217.67', '165.124.136.194', '165.124.97.174', '129.105.121.207', '165.124.138.55', '129.105.116.174', '199.74.96.90', '165.124.115.107', '165.124.140.22', '165.124.141.42', '199.74.94.14', '165.124.136.149', '165.124.216.40', '165.124.161.32', '165.124.136.76', '199.74.97.56', '165.124.138.161', '199.74.77.22', '199.74.81.197', '165.124.219.55', '165.124.213.42', '199.74.71.161', '129.105.116.144', '129.105.121.154', '199.74.87.101', '165.124.137.65', '199.74.69.134', '165.124.136.236', '165.124.217.236', '129.105.52.99', '165.124.142.230', '165.124.143.154', '129.105.121.188', '199.74.80.6', '165.124.217.241', '199.74.76.194', '199.74.81.144', '165.124.218.242', '199.74.70.112', '199.74.96.107', '165.124.218.113', '129.105.52.197', '165.124.213.37', '199.74.96.220', '199.74.69.172', '199.74.96.119', '165.124.136.92', '199.74.103.46', '165.124.219.186', '165.124.138.38', '165.124.204.63', '165.124.215.234', '199.74.77.141', '165.124.204.96', '165.124.216.216', '199.74.96.59', '165.124.219.152', '165.124.166.212', '165.124.204.239', '199.74.88.9', '165.124.143.52', '199.74.93.16', '199.74.71.88', '129.105.116.210', '165.124.167.68', '165.124.143.232', '165.124.212.225', '199.74.94.199', '129.105.52.23', '199.74.95.81', '129.105.52.247', '216.80.75.224', '165.124.219.253', '199.74.70.44', '165.124.143.148', '165.124.217.125', '165.124.139.75', '165.124.112.130', '165.124.139.142', '199.74.87.53', '199.74.81.80', '199.74.93.75', '165.124.218.130', '165.124.216.68', '129.105.116.91', '165.124.204.247', '165.124.217.33', '165.124.204.51', '199.74.70.188', '199.74.95.229', '165.124.137.56', '165.124.113.245', '199.74.95.51', '129.105.104.236', '129.105.121.200', '199.74.96.248', '199.74.96.121', '199.74.81.19', '165.124.218.32', '129.105.52.155', '199.74.96.185', '165.124.204.120', '165.124.137.201', '165.124.217.92', '199.74.89.73', '199.74.88.60', '165.124.216.132', '165.124.119.196', '165.124.219.229', '129.105.4.131', '165.124.137.151', '165.124.139.15', '199.74.69.47', '165.124.143.29', '165.124.143.219', '165.124.136.164', '165.124.119.239', '199.74.97.150', '199.74.75.135', '199.74.76.24', '165.124.143.24', '165.124.217.103', '165.124.216.25', '165.124.114.153', '129.105.52.92', '199.74.76.209', '129.105.52.104', '129.105.116.247', '165.124.143.198', '165.124.219.170', '199.74.70.139', '165.124.138.62', '165.124.138.29', '165.124.143.170', '165.124.140.101', '165.124.97.54', '165.124.142.31', '165.124.97.189', '165.124.143.41', '129.105.4.189', '165.124.137.14', '199.74.78.210', '199.74.78.58', '199.74.69.45', '165.124.141.66', '129.105.10.145', '165.124.136.204', '165.124.216.87', '199.74.96.82', '199.74.96.169', '165.124.142.125', '165.124.116.56', '165.124.136.17', '129.105.14.113', '165.124.115.32', '165.124.218.173', '165.124.143.123', '165.124.213.36', '165.124.138.41', '199.74.96.50', '165.124.216.49', '165.124.137.202', '199.74.80.59', '129.105.32.241', '129.105.10.146', '165.124.117.43', '165.124.138.218', '199.74.89.50', '199.74.72.244', '165.124.97.147', '165.124.137.183', '199.74.89.248', '165.124.218.145', '165.124.138.125', '165.124.214.188', '165.124.137.66', '199.74.105.234', '165.124.213.33', '165.124.216.163', '165.124.217.74', '199.74.95.149', '199.74.87.106', '165.124.204.76', '165.124.139.176', '165.124.214.164', '165.124.164.106', '165.124.216.31', '199.74.89.137', '199.74.79.169', '165.124.204.154', '165.124.205.18', '199.74.95.26', '165.124.142.196', '165.124.139.157', '199.74.72.76', '165.124.136.72', '165.124.219.103', '165.124.141.142', '129.105.52.185', '199.74.70.203', '165.124.117.242', '199.74.87.34', '165.124.218.166', '129.105.121.160', '165.124.217.162', '165.124.204.209', '165.124.217.50', '199.74.96.100', '165.124.204.93', '199.74.86.245', '165.124.204.158', '129.105.4.162', '165.124.140.100', '165.124.143.103', '199.74.96.142', '165.124.119.242', '165.124.218.231', '165.124.137.178', '165.124.136.253', '165.124.216.147', '199.74.89.92', '199.74.95.32', '165.124.141.231', '199.74.80.24', '165.124.143.111', '129.105.52.166', '165.124.217.211', '165.124.137.120', '165.124.137.89', '165.124.218.84', '165.124.143.116', '165.124.217.154', '69.243.147.184', '165.124.97.231', '199.74.97.207', '165.124.215.54', '199.74.81.161', '165.124.142.82', '165.124.136.188', '165.124.136.94', '199.74.93.37', '129.105.52.254'}"
0,2009-02-09,2009-02-11,-87.68419647216797,42.05979919433594,"{'kchu', 'sew896', 'afefferman', 'darcyrahming', 'enosal', 'aretson', 'sschwartz', 'bvu', 'npizzolato', 'sshah', 'sschmidt'}","{'129.105.35.194', '165.124.139.57', '165.124.217.74', '165.124.138.62', '165.124.215.120', '129.105.10.163', '165.124.216.40', '129.105.4.187', '165.124.136.92', '165.124.136.76', '199.74.96.50'}"
0,2009-02-17,2009-02-21,-87.68419647216797,42.05979919433594,"{'tejerina', 'nvalley', 'seacoral3', 'susanigross', 'darbychild', 'rgo228', 'alysonstevans1', 'gkim314', 'bml207', 'ethan', 'ynzheng', 'pallavi6', 'sean2888', 'mlc737', 'carolagross1', 'rwinnegar27', 'kmrnano', 'kcooper', 'jsiegfried', 'jka468', 'madsciencetist', 'bdb427'}","{'165.124.142.224', '129.105.10.118', '129.105.10.103', '129.105.10.193', '129.105.10.157', '129.105.10.194', '129.105.10.50', '129.105.10.167', '129.105.10.136', '129.105.10.120', '129.105.55.103', '129.105.10.119', '129.105.10.171', '129.105.10.156', '165.124.215.132', '129.105.10.162', '129.105.10.188', '129.105.10.168', '129.105.10.191', '129.105.10.158', '165.124.214.121', '129.105.6.36', '165.124.213.216'}"
1,2009-02-24,2009-03-18,-87.68508932178251,42.05381078468597,"{'tejerina', 'nvalley', 'mindovermattr17', 'yeehoong', 'seacoral3', 'susanigross', 'darbychild', 'rgo228', 'andypaullou', 'jeffloeffelholz', 'schatz', 'alysonstevans1', 'gkim314', 'bml207', 'ethan', 'pallavi6', 'truefro', 'sean2888', 'jaq945', 'mlc737', 'carolagross1', 'nperk7288', 'rwinnegar27', 'kmrnano', 'kcooper', 'jsiegfried', 'chriswilmer', 'jka468', 'madsciencetist', 'bdb427', 'davidgabriel'}","{'165.124.142.224', '129.105.10.14', '165.124.116.110', '165.124.142.101', '24.13.84.136', '129.105.10.193', '129.105.10.157', '129.105.10.50', '165.124.114.101', '98.206.142.47', '129.105.10.167', '98.220.239.45', '66.146.197.119', '165.124.97.162', '165.124.163.102', '165.124.205.127', '165.124.215.94', '199.74.105.207', '207.229.190.188', '38.115.166.174', '199.74.105.157', '129.105.10.120', '129.105.4.132', '129.105.4.131', '165.124.113.142', '165.124.205.120', '129.105.55.103', '129.105.205.252', '165.124.117.52', '129.105.4.250', '165.124.204.20', '165.124.164.27', '129.105.10.192', '165.124.115.172', '165.124.216.219', '199.74.90.11', '129.105.10.171', '129.105.55.243', '129.105.10.162', '165.124.113.190', '165.124.139.39', '129.105.10.174', '129.105.10.168', '98.220.235.219', '129.105.10.178', '129.105.4.138', '129.105.4.176', '165.124.116.225', '199.74.105.92', '165.124.167.188', '129.105.4.135', '129.105.10.158', '165.124.142.39', '129.105.4.134', '199.74.76.126', '199.74.76.16', '129.105.4.168', '24.14.35.121', '98.193.89.125'}"
0,2009-02-18,2009-03-13,31.260354468293173,30.060535598318214,"{'goboshi', 'aa_ayoub', 'ahmed_3anter', 'amrali', 'abd_allah', 'sarah', 'sisi', 'serag', 'mmatda1976', 'teweetan11', 'tamerhamdy', 'ali70000000', 'ghost9991000', 'shafeey', 'mohammedawney', 'redfox', 'greatsisi', 'essamhamdy', 'khashaba154', 'waled', 'yousrykamal', 'ahmedgad', 'mohamedabouzied', 'tarek1984', 'minagad', 'abdullah_yousof', 'aymanmahgoub', 'maged_1', 'teweetan1', 'ranya_samy', 'alico', 'heba_sadek', 'mohamedgsh', 'mayyada', 'abdelwahab202', 'h_maksoud', 'olaadel', 'hattem', 'mahmoud1983', 'engineerahmedhamed', 'amrzahir', 'cyrix'}","{'41.234.6.12', '41.233.90.140', '41.234.4.219', '217.53.182.93', '41.235.162.91', '41.232.90.103', '41.153.211.33', '41.232.34.230', '41.232.24.85', '41.232.82.23', '41.232.66.61', '41.235.137.175', '41.232.78.4', '41.237.27.43', '41.236.248.69', '41.236.9.26', '41.234.112.159', '41.234.85.73', '41.235.201.248', '196.221.130.139', '41.237.26.22', '196.221.62.229', '84.36.66.205', '41.153.230.109', '41.237.139.170', '41.233.115.174', '41.235.89.223', '41.178.143.27', '41.196.182.67', '41.232.11.102', '41.232.189.239', '41.233.250.33', '41.236.229.168', '41.196.128.106', '41.234.78.83', '41.153.244.6', '41.153.197.140', '41.234.129.17', '82.201.202.210', '195.246.42.251', '41.235.140.179', '41.232.18.79', '41.235.101.35', '217.53.90.68', '41.237.170.35', '62.135.4.6', '41.235.254.40', '41.232.174.148', '41.235.151.147', '217.53.150.141', '41.232.34.157', '196.205.139.13', '41.236.206.226', '196.205.169.99', '41.232.81.141', '41.232.88.85', '41.232.115.111', '41.233.112.40', '213.131.84.70', '196.205.140.215', '82.201.199.203', '41.235.153.233', '41.232.23.207', '41.233.116.30', '196.205.106.232', '41.235.241.149', '41.235.71.168', '195.246.42.252', '82.201.227.185', '41.236.10.119', '41.233.108.91', '41.232.12.147', '62.117.34.154', '41.232.78.188', '41.237.132.250', '41.178.141.47', '41.178.145.5'}"
1,2009-03-17,2009-04-15,31.25833296384693,30.059473814230447,"{'goboshi', 'aa_ayoub', 'ahmed_3anter', 'ayman', 'amrali', 'abd_allah', 'abdoon', 'sarah', 'mmatda1976', 'tamerhamdy', 'ali70000000', 'ghost9991000', 'shafeey', 'mohammedawney', 'redfox', 'ek4m2005', 'essamhamdy', 'khashaba154', 'waled', 'yousrykamal', 'mohamedabouzied', 'ahmedgad', 'mbsami', 'tarek1984', 'aymanmahgoub', 'minagad', 'abdullah_yousof', 'maged_1', 'alico', 'ranya_samy', 'teweetan1', 'heba_sadek', 'mohamedgsh', 'h_maksoud', 'olaadel', 'hattem', 'a_bohy', 'mahmoud1983', 'engineerahmedhamed', 'amrzahir', 'cyrix'}","{'41.232.229.178', '41.153.234.231', '41.178.68.179', '41.234.113.18', '84.36.8.106', '41.232.19.200', '41.232.115.19', '196.221.182.115', '41.153.241.165', '196.221.161.212', '41.235.107.133', '196.205.134.45', '41.233.243.28', '217.53.182.47', '41.235.106.128', '41.237.58.174', '41.237.26.22', '41.235.105.109', '62.135.73.174', '41.235.167.139', '217.53.92.17', '196.205.163.10', '41.234.113.211', '41.234.250.151', '41.232.17.48', '41.196.168.83', '196.221.178.189', '196.221.61.110', '196.205.170.18', '41.235.66.158', '196.221.131.15', '41.153.192.170', '217.53.92.81', '41.235.254.104', '41.196.128.106', '41.178.110.156', '41.237.56.63', '41.153.226.23', '41.232.35.201', '41.234.1.104', '41.235.66.247', '41.232.82.39', '41.232.87.91', '41.238.143.72', '41.153.251.202', '62.135.73.52', '62.241.144.174', '41.238.118.137', '196.205.135.9', '41.235.146.100', '217.53.148.233', '41.235.138.53', '196.205.129.160', '41.178.77.205', '41.235.176.91', '217.53.92.75', '41.232.93.56', '41.152.23.135', '41.233.85.74', '41.235.109.21', '41.238.22.229', '41.232.16.53', '41.233.90.147', '41.234.89.42', '41.235.88.186', '41.235.150.66', '41.190.249.254', '41.235.241.4', '41.232.34.157', '82.201.229.176', '41.232.223.166', '41.233.110.139', '41.232.81.93', '196.218.38.132', '217.53.92.30', '41.232.82.54', '213.131.84.70', '41.232.23.177', '41.233.39.76', '195.246.42.252', '196.221.183.225', '41.232.81.222', '62.135.73.33', '41.235.88.169', '41.237.64.251', '196.205.35.240', '41.235.201.252', '41.232.189.38', '41.236.207.106', '41.235.107.141', '41.235.199.21', '41.153.200.29', '41.234.86.184', '41.232.78.173'}"
0,2009-04-10,2009-04-16,-122.20376490794983,37.45215259144388,"{'talk2stars', 'kalantar', 'chongxie', 'lthoon', 'yuanyang', 'vcyw', 'zkliu', 'helencxy', 'shuangli', 'tpslele', 'ryw', 'ngyoung', 'dongl', 'kokab', 'haiwei'}","{'128.12.137.92', '171.66.35.247', '128.12.153.40', '128.12.139.42', '171.66.85.217', '24.4.200.87', '67.161.8.118', '134.79.32.180', '128.12.135.11', '128.12.175.48', '171.67.129.170', '128.12.161.97', '128.12.159.76', '128.12.136.219', '128.12.182.99', '128.12.134.134'}"
1,2009-05-19,2009-05-23,-122.16390228271484,37.42300033569336,"{'talk2stars', 'kalantar', 'rgnanadavid', 'chongxie', 'yuanyang', 'vcyw', 'helencxy', 'shuangli', 'tpslele', 'ryw', 'ngyoung', 'chienyuc', 'dongl', 'kokab', 'mrlin'}","{'128.12.153.40', '171.66.33.68', '171.66.40.76', '171.66.90.162', '128.12.177.82', '171.66.33.23', '171.64.123.44', '128.12.136.116', '128.12.175.48', '128.12.161.97', '128.12.159.76', '128.12.136.219', '128.12.182.99', '171.64.66.13', '128.12.136.148'}"
0,2009-02-24,2009-02-28,-82.33316887749567,29.63145573933919,"{'vk10', 'agacosta', 'amitgupta', 'lcfrank', 'ashishk', 'dabraj', 'bennyhannya', 'lydiahu', 'jsworld81'}","{'72.196.127.112', '24.250.157.70', '128.227.109.198', '70.185.108.162', '72.196.118.205', '216.155.103.233', '66.231.141.149', '128.227.87.128', '128.227.109.232'}"
1,2009-02-26,2009-03-02,31.253320293266235,30.054236363542127,"{'teweetan1', 'mahmoud1983', 'essamhamdy', 'yousrykamal', 'amrali', 'mohamedabouzied', 'h_maksoud', 'abd_allah', 'abdullah_yousof', 'cyrix'}","{'41.237.170.35', '41.236.229.168', '41.196.128.106', '196.205.35.160', '217.53.150.129', '41.235.140.179', '41.235.90.194', '41.232.83.70', '41.235.101.133', '41.232.66.61'}"
2,2009-03-01,2009-03-05,16.64419937133789,49.23270034790039,"{'neo2199', 'xprikr18', 'fluke', 'xbrudn01', 'tatrac', 'xkarma04', 'xsalaj01', 'janpicha', 'aedam', 'stanin', 'xotoup02', 'yin', 'xmalin15', 'xzurek04', 'xnedom03', 'xfajku02', 'marakh', 'xotoup03', 'xko', 'komendar', 'xzeman30', 'scorpios', 'xmunst01', 'istrasil', 'xchleb03', 'churchil', 'nezbeda', 'xjanik09', 'xmasin00', 'vohanka'}","{'147.229.9.14', '147.229.152.31'}"
3,2009-03-12,2009-03-18,-88.18794515907655,40.103126700539775,"{'scornwe2', 'ppark9', 'mczapar2', 'ramya44', 'jzucker2', 'yjia5', 'sadderly', 'chenchen', 'choquette', 'xlange2', 'garrett3', 'rfavero2', 'jhong21', 'xjiang4', 'dsigety2', 'dantle2', 'kfranci2', 'youngjkoh', 'dombro2', 'hyungrae82', 'jlcgse1921', 'ainglis2', 'anjalis2006', 'sturnfie', 'nazaret1', 'roether82', 'bmd1988', 'cmcinty2', 'talwar1', 'kbhagat2', 'mwilli26', 'opatel2', 'agrawalrishabh', 'raygrl88'}","{'192.17.196.29', '216.171.25.130', '192.17.144.160', '128.174.191.53', '98.212.135.231', '130.126.161.207', '130.126.77.228', '72.36.120.86', '130.126.161.208', '128.174.114.41', '130.126.160.32', '130.126.212.97', '130.126.160.113', '76.195.220.77', '130.126.161.201', '192.17.129.9', '192.17.207.5', '192.17.193.151', '128.174.115.168', '192.17.195.134', '130.126.213.243', '130.126.160.40', '130.126.161.212', '130.126.160.39', '192.17.146.2', '192.17.144.177', '130.126.161.223', '128.174.115.66', '130.126.247.244', '128.174.191.165', '130.126.160.46', '128.174.115.144', '128.174.115.112', '128.174.115.130', '130.126.160.114'}"
4,2009-03-13,2009-03-18,-88.09117830259723,42.02000029558488,"{'bengani1', 'mdford2', 'soni7', 'nictse500', 'cdpatel2', 'msalmani', 'anjalis2006', 'wcourtn2', 'pvora2', 'lam5', 'cwojtko2', 'mgan2', 'noodle8', 'mdejesu2', 'rshishk2', 'gchou2', 'kbhagat2', 'garrett3', 'rotap2'}","{'98.212.202.151', '98.222.254.134', '98.220.252.138', '98.212.204.124', '98.212.197.132', '24.12.200.35', '98.212.194.253', '98.212.206.217', '98.212.194.250', '98.212.192.105', '98.212.205.119', '24.1.31.154', '98.212.193.47', '98.212.193.46', '98.212.195.77', '98.212.199.70', '173.9.240.149', '98.212.196.57', '98.212.195.47'}"
5,2009-03-13,2009-03-18,-97.8219985961914,37.750999450683594,"{'scornwe2', 'bmd1988', 'ramya44', 'dantle2', 'sabid', 'ahmadf', 'talwar1', 'vpopsto2', 'raygrl88'}","{'63.252.66.85', '63.252.64.254', '63.252.66.192', '71.98.80.224', '64.198.255.187', '70.22.220.53', '63.252.66.219', '76.247.167.139'}"
6,2009-03-16,2009-03-21,-71.09449062801544,42.3468887942178,"{'wanec471', 'jfjhong', 'sabid', 'dylanj', 'wmgoree', 'mcdp', 'morganabanana22', 'dermeister'}","{'168.122.230.60', '128.197.56.142', '76.24.10.173', '168.122.192.101', '128.197.180.161', '128.197.29.106', '168.122.3.230', '168.122.2.211', '168.122.4.163'}"
7,2009-03-20,2009-03-25,-86.91570203003184,40.42686775536224,"{'mumbly_joe', 'nnajdek', 'sourdon', 'rexhuang81', 'ssadeque', 'jwhyland', 'icmyselfinu', 'ashtone_rose', 'msalmani', 'jjallal', 'onurucler', '02paiks', 'prwest', 'jain28', 'jloy'}","{'128.211.163.100', '128.46.209.241', '128.46.94.238', '98.223.109.74', '128.46.94.12', '128.211.251.132', '128.211.241.127', '128.46.194.228', '128.211.175.53', '128.211.249.129', '128.46.209.124', '128.46.209.192', '128.46.209.197', '128.46.209.194', '128.46.214.122', '128.211.163.123'}"
8,2009-03-22,2009-03-24,-87.75684426047586,41.8823637528853,"{'srikarb', 'tallxcrunner', 'mmize', 'prwest', 'bchng', 'tsurma'}","{'98.223.58.95', '98.222.252.66', '98.212.59.59', '98.222.252.7', '98.212.43.116', '98.222.253.152'}"
9,2009-03-25,2009-03-29,32.83470153808594,39.9213981628418,"{'hamsiii', 'ilgea', 'denizakkaya', 'hoplayanmanda', 'ttek', 'turcan', 'ikemalk', 'bbolukbasi', 'givenci', 'xcuh', 'furkancan', 'feze', 'mhmtmtl', 'kucukdevec'}","{'139.179.32.28', '139.179.32.214', '139.179.32.22', '139.179.32.218', '139.179.32.216', '139.179.191.14', '139.179.32.18', '139.179.32.27', '139.179.32.19', '139.179.32.20'}"
10,2009-03-27,2009-04-02,-122.88378802631526,49.38474847274846,"{'ayouse00', 'jobo', 'blu_eden', 'smmirvakili', 'minhas3', 'shells26', 'newtype0313', 'blueice2', 'qwervey', 'pcypang', 'clee0604', 'liveviva', 'rwong21', 'hn1301', 'vj', 'narteyn', 'jmertens', 'deronr', 'chris242', 'eece352', 'halab', 'yasm81', 'hiradm', 'andytsai', 'almosbea', 'flsalina', 'fineday', 'spadya', 'kanslin', 'syafiqmz', 'auau', 'rrace2', 'camlei', 'mhammad87', 'superdevil', 'echuro', 'elviajero', 'eokada', 'belding_j', 'danterp'}","{'128.189.201.165', '137.82.120.123', '128.189.219.64', '128.189.235.129', '75.157.216.192', '128.189.250.146', '128.189.201.130', '128.189.218.93', '66.183.62.151', '154.5.54.249', '207.216.77.98', '99.199.113.43', '128.189.134.239', '128.189.200.212', '96.49.22.102', '128.189.249.248', '128.189.174.36', '128.189.216.81', '128.189.128.64', '128.189.249.21', '24.84.49.193', '128.189.216.21', '128.189.249.186', '128.189.190.84', '128.189.250.50', '96.49.19.254', '174.6.116.146', '128.189.171.65', '128.189.251.174', '128.189.250.144', '128.189.251.190', '154.20.162.204', '174.6.109.50', '206.12.54.252', '137.82.58.71', '128.189.217.254', '70.79.111.151', '75.156.69.128', '24.80.36.115', '70.71.174.12'}"
11,2009-03-27,2009-03-28,32.83470153808594,39.9213981628418,"{'ilgea', 'furkancan', 'hoplayanmanda', 'feze', 'ttek', 'mhmtmtl', 'turcan'}","{'139.179.32.28', '139.179.32.214', '139.179.191.14', '139.179.32.22', '139.179.32.20', '139.179.32.216'}"
12,2009-03-28,2009-04-02,-79.37159729003906,43.631900787353516,"{'shan33', 'arandia', 'hiradm', 'falcon05', 'step23', 'auau', 'liveviva', 'hilmo', 'canonsburg', 'kezhou', 'karennan'}","{'24.83.217.51', '174.6.53.118', '24.87.13.163', '24.87.58.40', '207.6.185.224', '24.84.101.81', '24.83.215.82', '149.99.224.143', '24.86.107.152', '24.81.29.181', '75.153.122.238'}"
13,2009-03-29,2009-03-30,31.26900933005593,30.065763993696734,"{'mahmoud1983', 'ek4m2005', 'yousrykamal', 'ali70000000', 'abdullah_yousof', 'cyrix'}","{'41.235.105.109', '196.221.182.115', '41.234.250.151', '41.235.138.53', '41.235.109.21', '41.232.16.53'}"
14,2009-03-30,2009-04-08,-116.25864517591809,43.4833355260714,"{'ehiger', 'gregilk1', 'jreed32152', 'cobbley74', 'leticiamaresca', 'hectorocampo', 'rscott', 'cameronwiseman', 'antoniooblea', 'jaredeby', 'sshawver', 'tanya', 'amritajashnani', 'jonnyrobinson05', 'jamhar2887', 'sharmanshika', 'bethcook', 'joshjohnson1', 'jeanmx', 'brycesim', 'turbo', 'cjstanger'}","{'132.178.249.35', '132.178.171.71', '132.178.123.75', '132.178.126.180', '132.178.249.67', '132.178.250.47', '132.178.124.167', '132.178.249.27', '132.178.123.90', '132.178.124.122', '132.178.175.34', '132.178.122.229', '132.178.175.13', '132.178.125.162', '132.178.227.47', '132.178.122.123', '132.178.122.199', '132.178.124.9', '67.42.161.15', '207.114.236.66', '132.178.127.249', '132.178.126.114', '132.178.249.2', '24.117.117.156', '132.178.174.35', '132.178.123.12'}"
15,2009-04-07,2009-04-15,32.83912025403869,39.9218066339047,"{'onurkl', 'irmakcomert', 'ilgea', 'tostostos', 'denizakkaya', 'cemilcanfb', 'moz', 'ikemalk', 'bekirtopaloglu', 'bbolukbasi', 'cembila', 'kyener', 'furkancan', 'ardak8', 'mhmtmtl', 'vehbi', 'nihat'}","{'139.179.28.25', '139.179.31.23', '139.179.207.80', '139.179.191.176', '139.179.26.10', '139.179.28.13', '139.179.191.16', '139.179.170.117', '139.179.207.61', '139.179.170.116', '139.179.28.12', '139.179.206.53', '139.179.13.170', '139.179.196.225', '88.224.24.103', '88.224.195.216'}"
16,2009-04-11,2009-04-15,-88.14022827148438,42.00617183338512,"{'lam5', 'cwojtko2', 'noodle8', 'mdejesu2', 'mwilli26', 'billyvg'}","{'24.1.31.48', '98.212.206.217', '98.212.194.117', '98.212.195.62', '98.212.205.119', '98.212.193.47'}"
17,2009-04-11,2009-04-14,-88.20089939662388,40.10039847237723,"{'ainglis2', 'ppark9', 'anjalis2006', 'xjiang4', 'jzucker2', 'garrett3', 'opatel2'}","{'130.126.160.88', '128.174.115.80', '130.126.161.234', '192.17.132.66', '128.174.114.101', '98.212.135.231', '128.174.161.66'}"
18,2009-04-12,2009-04-17,-106.44109911980567,31.7735424812738,"{'anramos', 'mcastro', 'vestrada', 'araguirre', 'josansan85', 'ffierro', 'dholguin2', 'shempel', 'fjchagolla', 'bonsai007', 'jmespinosa', 'raguillen', 'csanchez', 'despinoza4', 'dfigueroa', 'afperez', 'rdiaz4', 'yazmin', 'mcmeza', 'lebonilla2', 'lsalayandia2', 'srodriguez', 'rprice', 'oldelgado', 'lmaldonado', 'gsalazar', 'mvega', 'gcarreon', 'pddiaz2', 'emorales'}","{'129.108.41.68', '24.242.24.125', '129.108.41.73', '129.108.41.70', '129.108.212.33', '129.108.41.72', '129.108.41.77', '24.162.215.40', '129.108.36.138', '129.108.41.69', '129.108.41.90', '129.108.193.10', '129.108.41.149', '129.108.41.65', '24.28.167.173', '129.108.69.101', '129.108.68.156', '129.108.96.227', '129.108.69.79', '24.92.119.187', '129.108.193.162', '76.227.99.157', '129.108.193.163', '70.120.173.52', '129.108.65.87', '129.108.193.34', '129.108.41.81', '72.191.181.2', '129.108.41.76', '129.108.3.183'}"
19,2009-04-12,2009-04-17,-97.8219985961914,37.750999450683594,"{'scornwe2', 'vestrada', 'rodquinn', 'josansan85', 'msotomayor', 'dombro2', 'allenleesun', 'bmd1988', 'bonsai007', 'sgamez', 'ryansbedell', 'icarbajal2', 'emorales'}","{'99.152.50.93', '76.211.104.6', '71.98.106.126', '63.252.66.219', '24.175.40.190', '70.135.171.8', '24.175.57.37', '24.175.22.64', '96.18.106.29', '70.225.172.82', '24.175.12.170', '216.63.252.7', '76.199.11.25'}"
0,2009-01-18,2009-01-22,-91.48660278320312,44.78139877319336,"{'dgisch', 'jshultz', 'a1bummer', 'kitsune', 'axlotl'}",{'160.32.2.1'}
1,2009-03-09,2009-03-18,21.606216972294284,41.92873807199506,"{'sasostojanovski', 'popstical', 'veleshki', 'dragan', 'stojanov113', 'schtecker', 'friend', 'composer_s', 'koleva', 'ilija', 'kuhar', 'zebramilan'}","{'77.29.64.221', '212.13.83.98', '194.149.128.181', '77.28.2.207', '92.53.39.78', '195.189.207.3', '194.149.144.74', '89.205.47.17', '89.205.27.243', '78.157.7.245', '89.205.58.230', '78.157.14.50'}"
2,2009-03-13,2009-03-18,21.554399490356445,41.34640121459961,"{'janevdejan', 'ilija', 'mickovskat', 'stojanov113', 'boris', 'schtecker', 'martinjkd', 'panelce', 'igor_ristov'}","{'92.55.115.120', '92.55.115.147', '92.55.115.247', '92.55.77.132'}"
0,2009-01-25,2009-01-29,-91.48660278320312,44.78139877319336,"{'dgisch', 'jshultz', 'a1bummer', 'kitsune', 'axlotl'}",{'160.32.2.1'}
1,2009-02-09,2009-02-12,-74.1781997680664,40.72650146484375,"{'abhi9', 'ian0327', 'siekey09', 'tracy_qu', 'kedarw', 'aquacrv', 'choi', 'mareks'}","{'128.235.234.133', '128.235.79.198', '128.235.134.139', '128.235.134.88', '128.235.70.239', '128.235.69.231', '128.235.68.187', '128.235.68.209'}"
0,2009-01-13,2009-01-28,-87.89347434672575,41.96965364863324,"{'lfeig', 'dpfeffer', 'mmurphy', 'bgojer', 'anne8683', 'jkang', 'kgerstenschlager', 'darcyrahming', 'tzhu', 'azuzelo', 'hrussell', 'mdsonnta', 'yni', 'joshlee', 'pacuna', 'estampler', 'cky161', 'ysun', 'benmackenzie', 'mgajewsky', 'cmj140', 'kledvora', 'ciser', 'omargutierrez8', 'nisha89', 'chenn', 'thealy', 'regit627', 'rcassidy', 'lpree', 'tsa309', 'amodtimalsina', 'skumar', 'bstasiak', 'jguerrieri', 'adigianfilippo', 'hpoints', 'fvirani', 'kheidtman', 'mojserkis', 'moni484', 'paulyim1', 'aotieno', 'a_pope', 'mcajigas', 'epark', 'abaleanu', 'mmeurice', 'svs470', 'npatel', 'rparks', 'akrishnan', 'lscolaro', 'mhowell', 'mbaker', 'enuila', 'zjoachim', 'raznaahmad', 'rgonzales', 'ledzep89', 'prozach0805', 'abeyt', 'tbrockly', 'majestyk', 'runfree909', 'nshand', 'mrovner', 'lfoley', 'sschmidt', 'cmoran', 'jmilian', 'mleung', 'tkoegel', 'kelley08', 'mgiannetto', 'aberens', 'sharrity', 'wmitzelfeld', 'cmiller', 'veulo', 'vdopker', 'psseshadri', 'nkim', 'ncc814', 'arosenkranz', 'achu', 'pkpark', 'tsanusi', 'lwint', 'almaswimfreak06', 'ejensler', 'sshin', 'rhund', 'abeebe', 'liuz08', 'whiteboyy', 'jfuller', 'duranth', 'bellis', 'redwards', 'thoh13', 'jilopez', 'cook3r', 'bwalsh', 'mbloch', 'kodonnell', 'amatsil', 'stheodossiou', 'kdimond', 'eryan', 'lredden', 'cmcguffin', 'dwhitehead', 'jyu', 'tdavidov', 'jachtyl', 'mkang', 'aft294', 'jcorash', 'eemartinez', 'lhemenetz', 'dbieranoski', 'mstull', 'cmcelwrath', 'mabaker', 'jbarnes', 'aschwartz', 'skellert', 'slhatch', 'bhvide', 'afraum', 'bvu', 'kknowles', 'trivers', 'ohnoitsmaria', 'robertellis2012', 'ecasano', 'wellsdm', 'irodriguez', 'dmacanas', 'akushnir', 'aholladay', 'dobrien', 'mfernandez', 'jgorrell', 'bcw568', 'alove', 'dwu417', 'gtillett2012', 'cyoon', 'mac210', 'wylee', 'dwainwright', 'tpickerill', 'nniles', 'cdzeba', 'kold1', 'berickson', 'nkappler', 'pweidner', 'jpirkey', 'rzyer', 'tkim', 'igolbin', 'tmw314', 'jcook', 'jwalsh', 'jbay', 'awatts', 'ccallahan', 'rpang', 'ahobaugh', 'mehritt', 'xiaoxu', 'jgottesman', 'skhalid', 'cen25ter', 'usman2012', 'tthomas', 'kwakeling', 'zali', 'halvorsonm', 'smshim', 'agordon', 'jdoering', 'aelsaeed', 'khooley', 'jmontejo', 'sew896', 'wboulay', 'hle', 'afefferman', 'akahn', 'sbhowmick', 'hallke', 'psexton', 'pmohan', 'bsautt1', 'mtweet', 'mpilecki', 'elucks', 'lvalentino', 'mcarson', 'vzahran', 'jchung', 'sstephens', 'kbullen', 'lstrelec', 'lli', 'dangallegos', 'nlau', 'derbs', 'gracepeeler', 'dkluger', 'ttobias', 'psnieder', 'soh', 'jthich', 'scollins8', 'arazma', 'khashiba', 'elysefretz', 'jsias', 'jsalazar', 'kswonger', 'achen03', 'chwang', 'cmihalache', 'kbjorkman07', 'srw762', 'rcszabo', 'fmalik', 'kmb562', 'clee12', 'csolares', 'gabgirl24', 'jwen', 'jcavanaugh', 'sterrazas', 'mlux', 'ddraper', 'blurie', 'claytonbrengman2012', 'smalin', 'cbarrett', 'nrieser', 'trp786', 'cpeng', 'amorriscohen', 'wqiao13', 'msledd', 'soneill', 'rritger', 'adamosborne2009', 'gflocker', 'tshenoy', 'sepd22', 'mchou', 'eglass', 'mmccoy', 'razhar', 'bbecker', 'ekoru', 'mlodriguito', 'dbaurer', 'jmadsen', 'cberhorst', 'ascheffel', 'dboe', 'mdornbusch', 'awong', 'rthompson', 'bwilliams', 'iloveham90', 'rdory', 'ewolfish', 'sshah', 'scytryn', 'trockers', 'rsanders', 'laurie521', 'con863', 'aaronjonesey', 'inaheaven', 'echang', 'edemarco', 'sbenjamin', 'awald', 'jch973', 'enosal', 'glewis07', 'cprovencal', 'mahimavijay', 'mspaic', 'knickele', 'jebeard', 'gullom', 'cckhor', 'ekudlaty', 'ebifano', 'hosong', 'jkulesa', 'dmescher', 'yzhu90', 'btongson', 'aschroeder', 'gpillai', 'wfurness', 'bathans', 'tbenchoamrogers', 'tparida', 'rmunjal', 'mcwise', 'abhandari', 'rbarker', 'ekavensky', 'mherschfeld', 'bbarber', 'borban', 'rzhan', 'npalmer', 'mwhitehill', 'kdam', 'kli', 'sschwartz', 'astewart', 'sjb364', 'olegkord', 'dkim0406', 'jgu506', 'amclain', 'mfaliszek', 'esayers', 'ahaynie', 'jmontoya', 'mgeltz', 'mliew', 'kkahle', 'mrfriskylemur', 'rashmis', 'readman1223', 'kdriemeyer', 'ttang', 'mbartnovsky', 'aseehra', 'mbabalooee', 'ckarras', 'ykang', 'enyatepecoo', 'jboyle', 'kfullin', 'atsui', 'mcavanaugh', 'ekourakos', 'benjaminli', 'jjo', 'rcollier', 'rtaff', 'sraju1', 'chicken1214', 'gmurdoch', 'kchu', 'masciutto', 'zwheeler', 'hitehc', 'johnpaul', 'jmiller', 'aretson', 'bshorofsky', 'hsun', 'mgandhi', 'mhyre0605', 'amorgan', 'cberg', 'mattaar', 'npizzolato', 'nzessis', 'bwright', 'japolinario', 'catcarr10', 'schow', 'mcousins', 'kpovod'}","{'129.105.4.195', '165.124.143.155', '129.105.52.144', '199.74.86.70', '199.74.96.213', '165.124.212.237', '199.74.103.54', '165.124.216.134', '199.74.93.99', '165.124.142.113', '199.74.69.65', '68.251.40.219', '165.124.219.141', '199.74.95.188', '199.74.87.191', '199.74.102.54', '165.124.138.228', '165.124.216.228', '165.124.137.149', '199.74.78.246', '165.124.218.161', '129.105.52.49', '165.124.97.103', '129.105.52.238', '165.124.217.120', '199.74.71.60', '165.124.216.148', '129.105.116.159', '199.74.81.240', '76.206.233.59', '165.124.218.120', '165.124.140.184', '199.74.69.186', '199.74.83.15', '199.74.88.147', '165.124.216.142', '199.74.88.136', '129.105.121.152', '129.105.52.145', '199.74.100.183', '129.105.10.188', '199.74.79.132', '199.74.95.73', '199.74.105.38', '129.105.116.229', '199.74.103.208', '199.74.81.180', '165.124.140.244', '129.105.52.94', '199.74.78.131', '165.124.212.57', '165.124.141.135', '165.124.138.122', '165.124.219.113', '99.175.222.26', '129.105.4.241', '165.124.117.119', '199.74.103.47', '165.124.219.169', '199.74.93.240', '129.105.52.86', '199.74.69.44', '199.74.71.91', '199.74.78.74', '165.124.137.219', '165.124.218.187', '165.124.140.99', '199.74.96.96', '165.124.217.237', '165.124.136.81', '165.124.137.179', '165.124.137.29', '165.124.139.65', '165.124.216.120', '199.74.81.129', '199.74.95.179', '199.74.102.216', '165.124.218.221', '199.74.77.133', '199.74.79.200', '165.124.118.200', '165.124.217.127', '199.74.79.194', '66.146.197.44', '199.74.81.67', '199.74.93.30', '129.105.52.179', '165.124.141.200', '129.105.116.240', '165.124.217.67', '165.124.215.84', '165.124.218.205', '165.124.114.158', '165.124.162.99', '207.229.161.52', '199.74.81.218', '199.74.79.18', '165.124.216.75', '199.74.96.90', '199.74.96.46', '165.124.137.137', '165.124.143.84', '165.124.214.244', '199.74.81.25', '165.124.218.46', '129.105.52.40', '129.105.116.40', '165.124.138.129', '129.105.104.117', '165.124.140.175', '199.74.96.150', '199.74.78.129', '165.124.136.154', '199.74.86.47', '165.124.139.144', '199.74.95.16', '165.124.160.212', '165.124.97.95', '199.74.71.161', '165.124.138.123', '165.124.137.177', '165.124.118.246', '199.74.95.94', '129.105.10.187', '199.74.87.101', '199.74.96.114', '199.74.96.164', '165.124.137.160', '165.124.142.204', '165.124.97.69', '199.74.69.134', '199.74.95.45', '165.124.141.243', '165.124.97.243', '199.74.71.112', '165.124.212.70', '129.105.52.99', '199.74.89.114', '165.124.142.59', '129.105.19.227', '165.124.136.103', '165.124.142.230', '75.31.242.240', '199.74.78.130', '199.74.80.6', '199.74.96.16', '165.124.216.69', '129.105.52.118', '199.74.81.144', '199.74.76.194', '199.74.81.159', '199.74.96.48', '165.124.216.158', '165.124.139.124', '165.124.218.196', '199.74.96.107', '165.124.214.95', '165.124.115.78', '165.124.218.113', '165.124.218.44', '129.105.52.197', '199.74.96.220', '165.124.216.106', '66.146.197.84', '98.220.235.98', '199.74.96.119', '199.74.88.70', '129.105.121.163', '165.124.218.167', '165.124.37.48', '199.74.69.144', '165.124.136.245', '199.74.100.249', '165.124.141.179', '199.74.77.172', '199.74.96.192', '165.124.216.216', '199.74.96.59', '165.124.217.141', '165.124.219.94', '165.124.212.43', '165.124.142.174', '165.124.115.145', '199.74.93.16', '165.124.142.214', '167.83.10.20', '76.29.27.228', '165.124.140.36', '165.124.139.118', '199.74.88.234', '199.74.79.196', '199.74.94.199', '199.74.87.221', '129.105.52.23', '165.124.217.30', '129.105.52.247', '165.124.216.53', '216.80.75.224', '165.124.217.47', '165.124.140.32', '199.74.81.80', '199.74.93.75', '199.74.69.194', '165.124.139.247', '199.74.81.215', '199.74.96.125', '208.78.64.10', '129.105.40.231', '199.74.95.30', '129.105.116.91', '165.124.140.189', '24.148.42.157', '165.124.219.215', '129.105.104.157', '199.74.102.27', '165.124.136.179', '165.124.217.158', '165.124.138.163', '199.74.96.248', '165.124.117.12', '165.124.219.235', '165.124.139.240', '199.74.71.207', '66.237.109.194', '129.105.4.243', '199.74.81.19', '165.124.161.136', '165.124.97.61', '199.74.88.230', '165.124.215.117', '165.124.136.234', '165.124.219.238', '165.124.143.32', '199.74.81.134', '199.74.96.185', '129.105.20.207', '199.74.102.38', '165.124.136.223', '165.124.218.79', '199.74.88.60', '165.124.119.159', '165.124.216.28', '165.124.136.65', '129.105.116.75', '165.124.142.24', '199.74.87.207', '199.74.96.104', '165.124.218.101', '165.124.142.233', '165.124.139.210', '165.124.160.127', '129.105.10.162', '165.124.142.172', '165.124.138.19', '199.74.75.135', '98.220.235.137', '199.74.77.110', '165.124.137.112', '165.124.213.107', '129.105.10.168', '165.124.143.94', '199.74.70.205', '165.124.97.107', '165.124.113.1', '165.124.219.138', '199.74.86.229', '199.74.76.209', '165.124.119.29', '129.105.52.104', '199.74.93.112', '165.124.219.170', '199.74.81.98', '165.124.217.173', '165.124.219.106', '199.74.70.139', '165.124.140.45', '129.105.52.97', '165.124.142.156', '129.105.35.163', '165.124.97.189', '199.74.69.195', '165.124.218.27', '165.124.219.211', '199.74.78.58', '129.105.10.145', '165.124.140.20', '129.105.10.192', '165.124.216.36', '129.105.162.36', '129.105.52.24', '199.74.96.169', '165.124.141.116', '199.74.76.6', '199.74.95.231', '24.12.64.228', '165.124.216.94', '129.105.121.234', '199.74.96.168', '98.206.139.147', '199.74.87.93', '129.105.10.178', '165.124.219.242', '165.124.160.194', '165.124.138.31', '165.124.143.91', '165.124.100.121', '165.124.137.94', '165.124.119.25', '129.105.14.113', '165.124.138.186', '165.124.142.68', '129.105.52.218', '199.74.79.213', '165.124.136.246', '129.105.14.152', '165.124.140.54', '199.74.87.7', '204.26.30.5', '199.74.96.70', '129.105.203.164', '165.124.142.44', '199.74.89.222', '199.74.88.253', '129.105.116.28', '199.74.81.187', '165.124.140.17', '199.74.95.125', '199.74.89.86', '129.105.116.69', '199.74.89.50', '199.74.94.93', '199.74.103.172', '165.124.217.210', '165.124.140.168', '165.124.140.249', '165.124.219.86', '165.124.143.101', '199.74.72.29', '129.105.52.140', '199.74.80.152', '165.124.97.79', '199.74.89.248', '129.105.122.197', '165.124.97.29', '165.124.137.144', '199.74.81.111', '165.124.142.236', '199.74.105.234', '165.124.97.137', '165.124.219.246', '165.124.219.166', '165.124.117.15', '165.124.142.155', '199.74.97.95', '165.124.137.121', '199.74.95.149', '165.124.219.120', '165.124.115.1', '165.124.217.31', '199.74.87.106', '165.124.136.32', '129.105.52.21', '165.124.97.167', '165.124.219.79', '165.124.218.50', '199.74.71.228', '129.105.52.184', '129.105.121.206', '199.74.86.50', '199.74.89.137', '165.124.138.59', '99.140.200.128', '165.124.136.125', '199.74.78.188', '129.105.52.231', '199.74.95.26', '199.74.94.121', '165.124.217.54', '165.124.143.189', '129.105.116.154', '129.105.116.56', '165.124.219.195', '129.105.116.129', '165.124.139.174', '129.105.52.185', '165.124.216.135', '165.124.112.254', '165.124.142.245', '165.124.219.181', '165.124.138.204', '129.105.52.102', '199.74.96.100', '199.74.86.245', '129.105.55.64', '199.74.94.81', '165.124.218.251', '165.124.216.96', '199.74.89.85', '165.124.138.153', '199.74.70.197', '165.124.137.178', '129.105.52.84', '75.4.150.36', '199.74.103.139', '165.124.97.37', '165.124.217.192', '165.124.136.212', '199.74.80.24', '199.74.95.32', '199.74.77.158', '165.124.142.54', '129.105.52.166', '199.74.100.102', '165.124.137.89', '69.243.147.184', '165.124.137.140', '199.74.81.161', '74.93.92.126', '165.124.137.100', '165.124.218.152', '165.124.219.101', '199.74.93.37', '129.105.52.254', '199.74.79.226'}"
1,2009-01-17,2009-01-17,-97.8219985961914,37.750999450683594,"{'jhennek', 'pretenderjl', 'ahaynie', 'ddraper', 'chenn', 'zali'}","{'75.4.150.36', '76.206.233.59', '172.163.33.119', '68.22.206.25', '66.237.109.194'}"
2,2009-02-09,2009-02-12,-87.68419647216797,42.05979919433594,"{'dmacanas', 'nshand', 'scytryn', 'ohnoitsmaria', 'mcavanaugh', 'enosal'}","{'165.124.204.209', '129.105.4.187', '199.74.81.109', '199.74.95.81', '129.105.104.186', '165.124.205.18'}"
3,2009-03-30,2009-04-04,-87.68419647216797,42.05979919433594,"{'mlodriguito', 'itgenan', 'chriswilmer', 'swtheart312', 'dawei', 'mdsonnta', 'emondor', 'mmapodaca', 'ngg760', 'bveldk06', 'khunwasut'}","{'165.124.113.17', '129.105.10.191', '129.105.10.183', '129.105.40.245', '129.105.10.162', '129.105.10.193', '129.105.10.77', '129.105.205.252', '129.105.10.121', '129.105.10.167'}"
4,2009-04-08,2009-04-24,-87.68168768676449,42.045283444562344,"{'mlodriguito', 'itgenan', 'emondor', 'ngg760', 'khunwasut', 'ambrosial', 'chriswilmer', 'bvanwveld', 'mdsonnta', 'ejen', 'swtheart312', 'bveldk06'}","{'165.124.219.157', '129.105.14.88', '75.34.61.250', '129.105.10.193', '129.105.40.194', '129.105.14.70', '129.105.10.188', '129.105.10.121', '129.105.10.178', '165.124.118.37', '129.105.84.174', '129.105.10.191', '129.105.10.183', '129.105.14.75', '129.105.10.60', '216.80.8.189', '165.124.136.179', '24.13.86.223', '129.105.55.64', '129.105.55.51', '129.105.84.205', '129.105.14.243', '129.105.10.75'}"
5,2009-05-31,2009-05-31,-87.68419647216797,42.05979919433594,"{'mlodriguito', 'mdsonnta', 'ejen', 'mmapodaca', 'ngg760', 'khunwasut'}","{'165.124.161.105', '165.124.214.76', '129.105.55.64', '129.105.14.63', '129.105.14.70', '165.124.205.139'}"
6,2009-06-07,2009-06-09,-87.68176923479353,42.0383426121303,"{'itgenan', 'chriswilmer', 'khunwasut', 'dawei', 'mdsonnta', 'ejen', 'ngg760', 'mmapodaca'}","{'129.105.40.245', '165.124.213.164', '129.105.14.63', '98.206.143.213', '129.105.84.217', '98.220.236.236', '165.124.205.15', '207.181.200.92'}"
0,2009-02-07,2009-02-13,-89.2156982421875,37.72019958496094,"{'sheheeda', 'chevuri', 'karthik1106', 'sabiram164', 'mutaz', 'sreenivasg', 'sushma', 'speed2ak', 'craisyfrog', 'srilekha', 'nil2786', 'clzhang', 'millersiu', 'saravece550'}","{'131.230.106.42', '131.230.187.15', '131.230.193.155', '131.230.194.115', '131.230.193.153', '131.230.191.172', '131.230.194.136', '131.230.191.171', '131.230.194.84', '131.230.191.118', '131.230.193.157', '131.230.191.21'}"
1,2009-03-08,2009-03-12,16.64419937133789,49.23270034790039,"{'warhawk', 'spiq', 'xmikla05', 'andre463', 'xskibi01', 'xmarty02', 'pavlosstar', 'volflu', 'dragon3', 'pristach', 'xpsota03', 'xdepia00', 'xdosta27', 'xmatus2525', 'vladislav', 'potion'}","{'147.229.154.99', '147.229.152.31'}"
2,2009-03-15,2009-03-19,16.64419937133789,49.23270034790039,"{'mimco', 'fluke', 'xbrudn01', 'tatrac', 'xkarma04', 'xnovac05', 'xsalaj01', 'janpicha', 'aedam', 'xtenor00', 'stanin', 'xotoup02', 'yin', 'xmalin15', 'pavlosstar', 'xzurek04', 'xnedom03', 'xfajku02', 'xbalon00', 'marakh', 'spirits_sk3', 'martin1985', 'xko', 'zeno', 'xzeman30', 'xhosek05', 'sidnez', 'xpatek03', 'scorpios', 'xmunst01', 'istrasil', 'xchleb03', 'concore', 'xjanik09', 'xmasin00'}","{'147.229.9.14', '147.229.154.99', '147.229.152.31'}"
3,2009-03-25,2009-03-27,-86.91742706298828,40.42992401123047,"{'abaldauf', 'mcnallyh', 'mjtoth', 'usman', 'mcnick', 'ricepycker16', 'mjgrove'}","{'128.211.177.163', '128.210.109.59', '128.210.113.202', '128.46.94.244', '98.223.100.40', '98.223.228.241', '128.210.138.117'}"
4,2009-04-07,2009-04-12,-96.7582649130001,32.82496214800125,"{'kinto06', 'shreezan', 'waaraa1331', 'runnergirl87', 'coolexcitingname', 'royce', 'ccjeph1', 'ngc1892', 'son4john', 'mrjeffy321', 'chadrichards', 'thefootballer1', 'kcantley', 'tasifkhan'}","{'129.110.241.42', '70.253.141.119', '129.110.242.8', '76.186.236.250', '76.186.218.64', '97.77.48.254', '129.110.242.7', '76.186.236.153', '99.48.2.180'}"
5,2009-04-14,2009-04-14,-96.78616841634114,32.76739947001139,"{'mattryclaus', 'coolexcitingname', 'son4john', 'mrjeffy321', 'chadrichards', 'thefootballer1'}","{'129.110.241.42', '97.77.48.254', '129.110.242.7', '76.186.236.153', '129.110.241.33'}"
0,2009-03-28,2009-04-01,-89.2156982421875,37.72019958496094,"{'karthik1106', 'sabiram164', 'sampathy', 'srilekha', 'sreenivasg', 'nil2786', 'clzhang', 'saravece550'}","{'131.230.191.172', '131.230.194.136', '131.230.194.135', '131.230.191.171', '131.230.193.148', '131.230.191.51', '131.230.191.127'}"
1,2009-04-10,2009-04-14,-89.2156982421875,37.72019958496094,"{'speed2ak', 'craisyfrog', 'sabiram164', 'mutaz', 'sreenivasg', 'nil2786', 'clzhang', 'saravece550'}","{'131.230.41.15', '131.230.193.155', '131.230.196.46', '131.230.191.172', '131.230.191.171', '131.230.191.51', '131.230.191.52', '131.230.191.21'}"
0,2009-03-29,2009-04-01,16.64419937133789,49.23270034790039,"{'xstrbi03', 'xkarma04', 'xbalon00', 'concore', 'xjanik09', 'xzurek04'}",{'147.229.152.31'}
0,2009-03-29,2009-04-02,16.64419937133789,49.23270034790039,"{'mimco', 'neo2199', 'xprikr18', 'janpicha', 'aedam', 'xtenor00', 'xotoup02', 'xmalin15', 'pavlosstar', 'xnedom03', 'xfajku02', 'marakh', 'spirits_sk', 'xotoup03', 'xko', 'xmichl08', 'xzeman30', 'xhosek05', 'xpatek03', 'scorpios', 'vohanka'}","{'147.229.154.99', '147.229.152.31'}"
1,2009-03-29,2009-04-02,16.64419937133789,49.23270034790039,"{'xstrbi03', 'xkarma04', 'xbalon00', 'concore', 'xjanik09', 'xzurek04'}",{'147.229.152.31'}
2,2009-04-04,2009-04-07,-73.53382227971004,45.544224372276894,"{'aryawww', 'jambonant', 'archmage180', 'jguill', 'antku', 'mike_gould', 'olibates'}","{'132.206.186.51', '70.51.18.81', '216.252.77.43', '142.157.67.6', '132.206.15.70', '142.157.69.12', '70.81.55.50'}"
3,2009-04-05,2009-04-09,16.64419937133789,49.23270034790039,"{'xdepia00', 'xmatus25', 'xzurek07', 'andre463', 'greenspirit', 'xmarty02', 'strapo', 'dragon3'}",{'147.229.152.31'}
4,2009-04-28,2009-04-28,-106.45236206054688,31.776060104370117,"{'adiaz6', 'mfranco', 'lindagray', 'atsolem', 'rsilvas'}","{'24.92.119.253', '129.108.225.186', '129.108.41.170', '129.108.40.182', '129.108.68.228'}"
0,2009-01-31,2009-02-04,-111.92595062763583,33.40557105039852,"{'nghiakle', 'dguerra', 'wegoss', 'cjlasu', 'krahman', 'schroder', 'jingjing', 'pnayak1', 'nhindman', 'anupsasikumar', 'kdeepak1984', 'sarathcpt'}","{'129.219.37.215', '149.169.104.33', '209.147.136.245', '72.208.120.125', '68.104.225.253', '129.219.65.62', '149.169.85.243', '209.147.141.176', '24.251.164.63', '192.55.54.38', '72.208.120.49', '149.169.60.81'}"
1,2009-03-01,2009-03-05,-89.2156982421875,37.72019958496094,"{'karthik1106', 'mutaz', 'sabiram164', 'sreenivasg', 'mutazt', 'lavanyag', 'speed2ak', 'craisyfrog', 'srilekha', 'nil2786', 'clzhang', 'saravece550'}","{'131.230.191.119', '131.230.41.76', '131.230.191.171', '131.230.191.51', '131.230.193.157', '131.230.191.154', '131.230.194.129', '131.230.196.47', '131.230.191.21', '131.230.208.83', '131.230.191.30'}"
0,2009-02-23,2009-02-26,-86.91470336914062,40.42509841918945,"{'lokeyh', 'mumbly_joe', 'rexhuang81', 'icmyselfinu', 'ashtone_rose', 'onurucler', '02paiks', 'prwest', 'jain28', 'askiahill'}","{'128.46.209.125', '128.46.209.245', '128.211.251.138', '128.46.209.36', '128.46.214.200', '128.46.209.135', '128.211.201.56', '128.211.249.129', '128.211.175.62', '128.211.161.168'}"
0,2009-03-01,2009-03-04,-74.06169891357422,4.6493000984191895,"{'alvarodiazh', 'mahechini', 'agcr3', 'ivand18333', 'diegoroa', 'nanotecnologia20091', 'gilbert_u2', 'squall_jotc', 'safreyle', 'gamma', 'tachack_pao'}",{'200.69.103.254'}
0,2009-02-01,2009-02-06,-86.91470336914062,40.42509841918945,"{'marshace', 'jtklein', 'liang10', 'tyboxer87', 'svero', 'jones105', 'ameert', 'phillijn'}","{'128.210.106.68', '128.211.171.187', '128.210.146.205', '128.210.12.145', '128.211.203.56', '128.211.192.21', '128.210.67.66', '128.211.214.144', '128.211.179.210', '128.210.40.182'}"
1,2009-02-08,2009-02-12,-86.91470336914062,40.42509841918945,"{'marshace', 'jtklein', 'liang10', 'tyboxer87', 'svero', 'flamingpope', 'ameert', 'phillijn'}","{'128.210.124.109', '128.210.146.205', '128.211.171.187', '128.210.86.238', '128.210.40.47', '128.211.197.60', '128.211.214.144', '128.210.106.69'}"
2,2009-03-03,2009-03-11,-86.91470336914062,40.42509841918945,"{'marshace', 'liang10', 'kcpark', 'svero', 'jones105', 'ccrunner007', 'ameert', 'phillijn', 'jtklein', 'tyboxer87', 'flamingpope', 'jtill04'}","{'128.211.178.46', '128.210.146.205', '128.210.67.66', '128.211.214.144', '128.211.182.80', '128.211.167.171', '128.211.163.249', '128.210.106.19', '128.210.104.135', '128.211.203.56', '128.211.197.60', '128.210.86.243', '128.211.213.121', '128.211.163.20'}"
3,2009-03-24,2009-03-25,-86.91470336914062,40.42509841918945,"{'jlittlet', 'marshace', 'jtklein', 'liang10', 'kcpark', 'svero'}","{'128.211.163.212', '128.211.179.76', '128.210.105.171', '128.211.243.202', '128.211.203.56', '128.210.90.32'}"
4,2009-03-29,2009-04-01,-86.91470336914062,40.42509841918945,"{'jlittlet', 'marshace', 'jtklein', 'liang10', 'akhilesh', 'tyboxer87', 'svero', 'flamingpope', 'phillijn'}","{'128.210.107.29', '128.211.178.13', '128.210.106.32', '128.211.178.191', '128.210.125.71', '128.211.203.56', '128.210.86.214', '128.211.197.60', '128.211.214.144'}"
0,2009-01-24,2009-02-05,-122.26093282551413,37.87749354181015,"{'gkartik', 'michaelfuh', 'pecheneg', 'douglasmason', 'paulo00', 'werd', 'ahiga', 'mingchanglu', 'agnewton', 'wongf', 'cosib1yr', 'azaniewski', 'aschn', 'hoangt', 'mehdijamei', 'wgannett', 'nadelstein', 'jgrossman', 'timurbazhirov', 'chem242', 'cbarret3', 'dstrubbe', 'detert', 'ehenry', 'gregoryfbrown', 'kkwon'}","{'136.152.153.203', '136.152.153.230', '169.229.55.123', '66.117.139.150', '71.198.169.15', '24.7.68.204', '136.152.148.231', '136.152.153.84', '136.152.153.163', '128.32.144.105', '136.152.153.32', '136.152.169.212', '169.229.121.101', '136.152.153.59', '128.32.120.72', '136.152.153.42', '169.229.15.203', '136.152.168.246', '136.152.153.160', '128.32.121.60', '128.32.164.248', '67.188.121.221', '128.32.120.48', '169.229.55.6', '128.32.27.14', '128.32.120.47', '169.229.15.202', '169.229.15.171', '169.229.15.142', '128.32.212.92', '128.32.120.43', '136.152.153.9', '128.32.212.22', '128.32.164.24', '169.229.119.111', '128.32.41.232'}"
1,2009-01-30,2009-02-05,-97.8219985961914,37.750999450683594,"{'kgray', 'aschn', 'pecheneg', 'dstrubbe', 'douglasmason', 'nadelstein', 'ahiga'}","{'69.104.244.58', '67.124.33.81', '131.243.183.175', '75.6.232.208', '131.243.15.160', '75.52.122.183', '64.161.17.210', '76.253.92.11'}"
2,2009-02-07,2009-02-21,-113.07763905955424,37.82796077551624,"{'azaniewski', 'elifleaf', 'aschn', 'pecheneg', 'hoangt', 'mehdijamei', 'douglasmason', 'wgannett', 'nadelstein', 'werd', 'jgrossman', 'timurbazhirov', 'chem242', 'cbarret3', 'kgray', 'dstrubbe', 'dstrubbe_test', 'detert', 'ehenry', 'gregoryfbrown', 'kkwon', 'wongf', 'cosib1yr'}","{'136.152.153.78', '136.152.153.203', '75.6.254.203', '136.152.153.166', '24.7.68.204', '131.243.163.210', '128.32.144.105', '76.254.53.83', '136.152.153.59', '128.32.120.72', '67.124.33.81', '128.32.224.8', '128.32.208.77', '136.152.153.56', '128.32.121.60', '136.152.153.152', '24.7.64.243', '136.152.153.98', '136.152.153.218', '67.188.121.221', '128.32.120.48', '70.231.160.26', '71.142.89.135', '169.229.15.202', '169.229.15.142', '136.152.147.211', '136.152.153.113', '136.152.153.226', '76.254.33.136', '69.105.45.238', '75.6.231.203', '128.32.212.22', '136.152.168.40', '76.253.92.11', '136.152.153.227', '136.152.168.194'}"
3,2009-02-24,2009-03-14,-122.26915741464687,37.87708881921836,"{'azaniewski', 'aschn', 'elifleaf', 'hoangt', 'pecheneg', 'mehdijamei', 'wgannett', 'nadelstein', 'lkwagner', 'jgrossman', 'timurbazhirov', 'chem242', 'cbarret3', 'kgray', 'dstrubbe', 'detert', 'ehenry', 'gregoryfbrown', 'cosib1yr'}","{'136.152.153.192', '136.152.153.164', '136.152.163.26', '136.152.153.248', '169.229.15.204', '71.198.169.15', '24.7.68.204', '136.152.153.8', '136.152.153.114', '128.32.120.72', '136.152.153.246', '136.152.153.198', '136.152.153.15', '136.152.153.26', '136.152.153.243', '136.152.153.211', '128.32.121.60', '136.152.153.98', '136.152.153.146', '136.152.153.133', '75.7.3.192', '136.152.153.82', '169.229.15.142', '136.152.153.228', '128.32.220.246', '136.152.153.46', '71.202.208.155', '24.130.189.233', '136.152.153.194', '66.117.129.43', '136.152.153.124', '128.32.192.206', '128.32.212.22', '136.152.153.193', '136.152.153.134', '136.152.153.253', '169.229.53.90', '136.152.153.176'}"
4,2009-03-31,2009-04-15,-119.93447885339282,37.84524970523553,"{'azaniewski', 'pecheneg', 'mehdijamei', 'wgannett', 'nadelstein', 'lkwagner', 'jgrossman', 'timurbazhirov', 'vardha', 'chem242', 'cbarret3', 'kgray', 'dmitri', 'dstrubbe', 'detert', 'ehenry', 'gregoryfbrown', 'cosib1yr'}","{'136.152.153.122', '128.32.184.137', '136.152.153.47', '136.152.153.199', '169.229.15.206', '99.24.160.143', '69.104.2.62', '75.61.98.149', '136.152.153.38', '136.152.153.222', '128.32.120.72', '136.152.169.187', '99.133.161.17', '136.152.148.129', '128.32.121.60', '128.32.228.181', '75.6.238.159', '131.243.163.69', '128.32.212.39', '169.229.15.142', '128.32.220.246', '128.32.121.6', '136.152.153.144', '24.130.189.233', '136.152.168.166', '24.7.101.71', '136.152.153.229', '128.32.212.22', '76.253.92.11', '136.152.153.253', '169.229.53.90'}"
5,2009-04-17,2009-05-21,-122.27547961723508,37.884818076315284,"{'azaniewski', 'azaniewski2', 'pecheneg', 'mehdijamei', 'wgannett', 'nadelstein', 'lkwagner', 'werd', 'jgrossman', 'timurbazhirov', 'chem242', 'vardha', 'cbarret3', 'kgray', 'yaoshijing', 'dstrubbe_test', 'detert', 'ehenry', 'gregoryfbrown', 'cosib1yr'}","{'128.32.131.251', '128.32.184.137', '169.229.15.206', '136.152.169.89', '136.152.153.64', '169.229.53.8', '69.104.2.62', '24.7.68.204', '76.103.247.89', '75.6.251.60', '136.152.169.177', '128.32.120.72', '131.243.163.117', '128.32.117.116', '70.231.129.62', '136.152.170.253', '99.133.161.17', '136.152.153.101', '136.152.153.85', '76.225.158.247', '98.210.223.19', '136.152.168.225', '128.32.208.93', '136.152.210.40', '128.32.120.47', '169.229.15.202', '198.128.27.230', '169.229.15.142', '169.229.15.171', '128.32.220.246', '24.130.189.233', '69.105.0.175', '128.32.41.194', '136.152.153.205', '99.49.12.57', '128.32.212.22', '75.61.101.169', '169.229.15.201', '136.152.153.253'}"
0,2009-01-03,2009-05-22,-86.91461571910341,40.42491134265349,"{'prnair', 'dhanmaria', 'aritchey', 'saumitra', 'nvargo', 'fengyuanli', 'mmh', 'son1', 'dkearney', 'nkissebe', 'drkiraco', 'jrosheck', 'sansiri_h', 'psengupta', 'jvclark', 'paul_nano_tran', 'jiangpurdue', 'clarksnano', 'kim568', 'liveletlive', 'danybaret', 'jouyang', 'gbechtol', 'nkharche', 'zooley', 'sramarap', 'swoop', 'bspatter', 'svadivel', 'liangz', 'nchopra', 'park43', 'himadri', 'vrinside', 'snowwitje', 'mourad', 'manaz', 'alexb2539', 'tanyaohua', 'elec1020', 'yuitan87', 'srutichigs', 'mcshin', 'jmelcher', 'cjc', 'usman', 'strachan', 'moore32', 'itismyworld', 'cumo12s2', 'sam050787', 'wang159', 'ricktest', 'johnsosd', 'marisol', 'tjhacker', 'msalmani', 'mluisier', 'biswajit025', 'cxsong', 'gaoyunfei', 'redwing', 'wwinthan', 'sellier', 'apalaria', 'sriniva0', 'kennell', 'samarthagarwal'}","{'128.46.94.235', '128.211.170.171', '128.211.179.64', '128.211.179.160', '128.211.245.33', '128.46.214.231', '128.46.225.49', '128.211.251.127', '128.211.209.152', '128.46.94.82', '128.211.200.70', '128.211.179.62', '128.210.75.27', '128.46.209.64', '69.205.38.8', '128.46.16.10', '128.211.165.213', '128.46.220.251', '128.46.220.209', '128.46.94.17', '128.46.16.26', '128.46.220.61', '128.46.214.238', '128.46.118.221', '128.46.94.231', '71.98.98.45', '128.46.214.243', '128.46.194.38', '128.211.167.183', '128.211.176.50', '128.46.137.108', '71.98.84.166', '128.210.192.50', '128.211.251.107', '128.211.169.201', '128.46.94.249', '128.210.189.194', '128.210.177.76', '72.12.197.83', '128.46.16.36', '128.46.94.247', '128.211.163.83', '128.46.94.91', '128.46.217.101', '128.211.179.83', '128.46.94.86', '128.211.200.120', '128.211.179.52', '128.211.170.165', '128.46.93.108', '128.46.214.247', '128.46.94.121', '128.211.252.149', '128.211.163.31', '128.46.220.212', '128.46.94.14', '128.210.189.174', '71.98.75.22', '128.46.192.129', '128.46.18.29', '128.46.94.81', '71.98.92.196', '128.46.94.13', '71.98.97.25', '128.211.179.109', '128.46.94.246', '72.12.199.19', '128.46.16.15', '128.46.94.239', '128.46.94.248', '71.98.85.38', '128.46.16.22', '128.211.165.220', '128.46.119.86', '128.46.94.84', '128.46.94.92', '128.211.169.240', '128.46.94.89', '128.46.18.28', '128.211.169.151', '128.210.26.50', '128.211.181.76', '128.211.165.137', '128.211.178.91', '128.46.194.232', '128.46.94.111', '12.68.228.93', '128.46.94.104', '128.46.220.5', '128.46.16.30', '128.46.137.210', '71.98.72.169', '128.46.209.241', '128.46.94.238', '128.46.94.94', '128.46.16.39', '128.46.94.97', '128.46.94.114', '128.211.171.161', '128.210.189.148', '71.98.80.142', '128.46.94.133', '128.210.39.127', '128.211.179.232', '128.46.94.96', '128.46.214.235', '128.210.105.166', '128.46.16.28', '128.211.183.94', '128.46.105.70', '128.46.94.237', '128.46.209.135', '128.46.94.103', '128.46.16.21', '128.211.167.33', '128.46.16.16', '128.46.220.62', '128.46.200.5', '128.210.189.193', '208.115.75.34', '128.46.220.207', '128.46.94.240', '128.46.207.79', '128.211.166.104', '128.210.39.67', '128.46.94.93', '128.46.220.206', '128.211.167.73', '128.46.221.149', '128.211.176.91'}"
1,2009-01-14,2009-01-17,-87.9645004272461,42.107068634033205,"{'sobh', 'liangz', 'jvclark', 'mohamed', 'kim568', 'nkharche'}","{'98.212.28.167', '98.212.31.208', '98.222.134.141', '98.212.43.166', '98.223.137.170'}"
2,2009-05-24,2009-05-24,-86.91470336914062,40.42509841918945,"{'elec1020', 'fengyuanli', 'usman', 'gbechtol', 'nkharche'}","{'128.46.94.231', '128.46.217.23', '128.46.94.133', '128.46.221.149', '128.46.94.81'}"
3,2009-05-26,2009-06-27,-86.9150302804268,40.425677610753894,"{'vsavikhi', 'nchopra', 'vrinside', 'clarksm', 'himadri', 'mourad', 'park43', 'elec1020', 'saumitra', 'amberlei', 'fengyuanli', 'mmh', 'gbudiman', 'cjc', 'usman', 'dkearney', 'nkissebe', 'janam', 'gah', 'strachan', 'fgu', 'yalanz', 'jrosheck', 'aphanse', 'wang159', 'ajrobiso', 'marisol', 'cxsong', 'kmodi', 'mdicuangco87', 'awebb89', 'tejaspandit', 'ncnbootcamp', 'jgeng', 'jchae', 'kennell', 'gbechtol', 'nkharche', 'zooley'}","{'128.46.94.88', '128.210.39.157', '128.46.94.235', '128.46.217.25', '128.211.167.252', '128.210.39.139', '128.46.94.229', '128.210.104.121', '128.46.94.89', '128.46.16.21', '128.46.217.101', '128.211.176.122', '128.210.39.41', '128.46.93.108', '128.46.16.16', '128.211.177.68', '128.46.94.121', '128.210.39.148', '128.210.39.150', '128.46.221.149', '128.211.180.240', '128.46.137.121', '128.46.137.199', '128.210.39.135', '128.46.194.38', '128.46.94.81', '128.46.16.44', '128.46.94.133', '128.46.18.29', '98.223.102.52', '128.210.192.193', '128.211.163.191', '128.210.39.155', '128.210.39.141', '128.46.16.39', '128.46.16.15', '128.46.94.249', '128.210.189.192', '128.210.37.107', '128.46.217.23', '128.46.194.104', '98.223.108.91', '128.46.209.235', '128.46.16.36', '128.46.16.246', '128.211.165.204', '128.211.165.243', '128.210.39.154', '98.223.100.120', '128.210.39.146'}"
4,2009-05-30,2009-06-13,-88.2061243079103,40.104637064815,"{'sxma2r', 'rasyed', 'alaughney', 'yangzhao', 'kdko2', 'shravanti', 'snoelck', 'mg2705', 'nixon1', 'lgoddard', 'czakian', 'mariagregori', 'sobh', 'jindafan', 'gulsim', 'silvia', 'priyaveena', 'syedimaad', 'wangzhs', 'dkearney', 'gah', 'metasebya', 'mrkiran', 'yichenusa', 'sobh1', 'manasgartia', 'daleyg', 'vpattani', 'chkwok', 'rohith', 'hyonmin1', 'vstoyneva', 'mbeheiry', 'chun', 'sushant1983', 'kearneyd', 'nesaboz', 'skruderman', 'hyahn'}","{'128.174.216.72', '128.174.216.164', '128.174.216.108', '128.174.216.166', '128.174.216.94', '128.174.216.186', '128.174.214.13', '128.174.216.121', '128.174.216.188', '128.174.216.215', '128.174.214.17', '128.174.216.208', '128.174.214.12', '128.174.214.16', '192.17.144.98', '128.174.216.236', '128.174.216.245', '128.174.214.24', '128.174.216.251', '128.174.214.27', '128.174.216.107', '128.174.216.207', '128.174.216.158', '128.174.216.199', '128.174.214.19', '128.174.216.170', '128.174.216.135', '128.174.214.15', '128.174.214.11', '128.174.216.93', '128.174.191.37', '128.174.216.150', '128.174.216.88', '98.228.52.225', '192.17.208.241', '128.174.216.229', '128.174.216.202', '128.174.216.209', '128.174.216.80', '192.17.145.24', '128.174.216.181', '128.174.216.204', '128.174.216.73', '128.174.216.235'}"
0,2009-05-29,2009-05-31,-86.91470336914062,40.42509841918945,"{'vsavikhi', 'srodriguez', 'mazad', 'jgeng', 'mmc', 'lewu8559916', 'mcmeza'}","{'128.210.39.143', '128.210.39.132', '128.210.39.147', '128.46.16.42', '128.210.39.144', '128.210.39.134', '128.210.39.152'}"
1,2009-05-30,2009-06-02,-88.2061996459961,40.104698181152344,"{'mariagregori', 'alaughney', 'mbeheiry', 'snoelck', 'priyaveena', 'sushant1983', 'hyahn'}","{'128.174.216.164', '128.174.214.26', '128.174.214.28', '128.174.214.13', '128.174.214.31', '128.174.214.27', '128.174.216.188'}"
