vka952,aqueousplanet,yxu1,melissag,awang16,mustangsheila06,rrastogi,alliesalomon,ykg263,jyy327,nbrisson,rnayak,bryanhuebner2016,swp104,oansari,vwo097,lvmaliakal,nahcc21a,shu885,vivienlho,rnegassa,ohnemusd,miriambk11,hbeas13,eladdeiss1,mitchzub,hiyiewuare,erm070,rkw230,kcai,drice,j.gross,jjp717,melodysong2016,stacykim2016,hchen,dheller93,rah081,molivo,cchen1,kanderson,jhou,jessimarone,danajohnson2016,bowhite,mattamrofell,willem_wang,dombrowskijd,kareem94,danielgolden2012,jmarshall77,pottmar,royyu42,ncroy,anshuhemrajani,cdorsey,kcp199,ajahren,timothystead2016,andrew1,richah87,hannaharntson2016,rme105,bpopovic,esenu,ria022,somini93,failureonline,rtu212,cnowicki,ecf797,amh250,evanrosati,karleywds,bgoodman,aidan1350,ktm463,vassilis1,r0bert,zme543,leahvinson2012,elaine.lokken,aju576,ppeng123,jazarcon,camillecalvin,iday2894,akhan786,ayang199,acm150,shosakoppal,kgupta,cgoldman,chilliams,fbrittain,jpratt,butfuckingwhy,codywarner15,mso680,fzp902,rjb800,anr180,schung,abhayani,monicacheng,mdiemer,slants,aryost,ebell12,takansei,amarshah2016,jmk15151,audunjohnson,pbflannery,bko1208,mab8436,qwerty,nevilgeorge,bmk450,azb277,maganomar,slombardo,tcf213,vgn950,jsgalyas,emz850,vickyccho,lizakelly,jkim3294,atabing,ibaek,swerner94,adamlim,xkngofqnz,hassanthegali,farms,yuyang552703,danwedig,jhsieh22,scruffynerfherder42,jtzeggai,nathanaelrobinson,saa925
miuz9010,smith228,guitaristzhang,perpetual89,penis,luokaihang0822,ahoag,abcdef,jordan336,joe510784,jlee3725,gurbaazsidhu,brinkmanship,nadisco3,eliu0117,andri,xliu79,kao24,cbulgarelli,nshafi3,kiebles1,jefflawrence,mrabe17,trovill1,zeng17,shangyee,kelihui1,xp19375,lin189,niebrug1,jvanderwoude,jfuizzle,nlowrey,bcvaugh2,stys66,temperlancer,yingou1,aishsingh,hilgers3,condon3,yuyan1,danqiye1,chovelice,tath,blackbu3,gerth2,broll1,zouhair2,newell1,54hi0,hmwu2,magerko1,hh22191,wlee85,mohamme3,mattstery,onurgur1,david.walder,shuotian,kelpler,xiruihe1,yiumingh,hershedtilak,adambubar,dbieli2,zhang354,smsaladi,flybywire91,jtang10,mole3691,fajardo1,lai35,scrain,eceece,yezichao,callant1,kirihar1,dresche1,kamman2,captiva34,kolthof1,chenhu1,j.bohmbach,plam5,sarwal1,ruichen77,bfbygfgy,godard1,koppula2,chao16,darrenchen,azamatm,chang190,yang160,smetana4,yjiang40,tielong,dee7291,doidge1,amill676,fhsiao2,k912323,rossdwolf,freeckj1003,caroldd,ajstreed,lufthansa92,gujral1,paulwite,bradsnyder,wasdfa,mikebarsaloux,koksal2,yding16,sudzi781,dedios1,yang82,li151,slee18,page10,rpark216,baker32,malak577,ljb0928,zhou62,ellieyan
peachfishb,briggs.277,josepfontteixido,drbmnichols,alejandroyro1,jdcai,chourasiaanil,olallanf,vinaygbabu,diyaa2011,s.zuercher,jaya0046,jgrabow,abermudez,pankajlande,asquinn,pbh1,jain28,hacox,brookebeam,fuchs,rajeshwar1234,techaryan,haiamehs,rmitchell,ander324,jeg3rd,nanocarfuh,ichak,phd,xinfeng,ninabalke,jliverman,gao86,bweedon,raphir83,lunamyth0126,phrhbs,waters5,volk,eminemcyz,litirado,jitjain2007,anilkg123,jmelcher,sunjianjohn,gerre22,jaljavi,a.kelkar1988,petrformanek,phillec,cbprater,starboy612,tejasvi,danieladaniela,kevin8,floydm,yuexieguxiang,chastneyj,dmsteffen,gfmeyers,ahsan1170,nilaykdoshi,jpguin,lasciel,m.badr_44,shah47906,rajeshwari18,bpittenger,psaharawat26,jianwang313,raghav245,skillers,vtsouris,zepolitat,jasonbrotherton,zijaytang,terzici,antlab,lhimes00,dubreuil,joanavp,hilbertj,freddygdelpozo,subhodhk,czehrung,jg,kittymum
thunderink,traveller312,brennanj,jhirschy,schult15,daltonmartinpurdue,dorifuto.boi,foxk,zach0424,chandanpatra,choiand90,maniclucky,vagabond11,zhu145,dkatsadu,max0ne,wcrabtre,elightow,perez48,ghycy15,hall85,saagar.desai,steffes,enieman,3rocks,chen653,bcapano,rstein1337,drosado,zthomps,zcondar,ersilva,watson16,xrshadow,mobileprime,nmolo,hali,howard54,tosinadeosun,csweeney,cheng60,ikohli,nicholsjosh,spouliquen,jkohl,li835,mrajecki,pmarla,dalyp,khins10,d3n731,li569,ssukhwal,jribeir,jmpatz,philli32,mstandif,farrellb1,eziofrancisco,dklouda,cook51,view1401,nanokrauser,hkodali,hkohrs,liu582,longparallel555,xcz423844553,li704,tmt,d7eame
kim1325,hyhxcr,sydstie,aherlihy,zccampbe,rhodes6,cacecious,fan48,acasares,coonse,barneyc,beckerd,hydee7,wang1020,carlsoe,iramire,townsenm,anna.jupo,mcarrig,dchriss,wu289,marti447,hmac1993,mtoomey,hamiltoi,wang1178,mjankowicz,tcorrent,btims,philli69,fox8,nlantier,rgalley,typete57,rmotyka,eandreas15,monhs2011,madducci,gao92,davis206,schroet14,hyovento,ggushurst11,kdornauer,jproksa,rstone,rweibel,silverpick,jhirschf,davids,mrovella,shihh1106,emholtz
harai,takkun0708,kent3173,g1015009,systemengineer,yosuke325i,g1015047,kakani,takaakihirai,marco.d,marounfa,g1015013,gfmx869,takahide,takkun0706,g0715042,syoiwa,shibuya,preethikandula,g1015051,g1015048,maheshkuchi,g0915004,g1015054,g1015052,kent1011,hem482,fujisawa,thinel,g1015017,g1015044,kalinin,g1015040,pavanvanka,g1015042,riku_adg,g1015053,ram12,g0915013,moafak,peroppi,challa.nandan,g1015091,g1015083,g0815039,lorenzorobinson67,takato,sandeep477,harikeshreddy6290
nielsent,bboilerman,nicholashusen,youyibi2012,hlalit,kffische,lzyaml,sdasappa,raom,ngoswam2,sunyan0106,tdhall89,acheung314,apps,wang1304,mwada,ixudi,btoda410,shanbin,tblatchl,jeeheelim,mao27,brennank,ahagen,msane,juncheng,skalkste,kbuechel,nghaisa,fbonache,hylton,myen,ninad.trifale,lkwkevin,vinita.iyer,rjaramillo,cspreen,alberts1,tejaspant25,mdevito,abweaver,topperwa,leaso,scropio111,cui29,dmizell,maithilee
sophiez,joy1626,sbodhe9,yeopse,axw121630,bogdan,priyesh,marcelpena,neg_ion13,kaloryfer,koenig4,lee117,bhuiya1,jdallesasse,andersbm,hollygrape,phil573,hafizsd,ashishdhingra81,kleyweg1,logsdon404,pablozavala,cbruce6,hhuq,opheliawen,nithinreddyc,lfinlay80,muppy,niktike,chelseabuns,emvogel,malkomic000,pelisset,ankushchaudhary,hswenson3,kilokaka,lo16,juanmamp91,sarastro,jgladden,pillari3,has9.ahmad
kad82,abhishek_reddy30,zytung88,anwesha1,bcking,kosala,gaffar4012,sorg20,hsuominen,rifat,rrakes,imroze99,sunmin04,alexschmidt,pauldhinakar,quintero,chenchj100,earendil1789,ravesun,erdikusdemir,vt,ykrishnamurthy,vasily_zabelin_1980,drjcampbell,rk.ujwal,rgulo001,xendar,hwwong,alexgr,sangwook,nick_kisialiou,nlmd06,ekbanghart,khaledkirah,goutham90,ar2654,cjiang,rgouk,erex
choop,arabablouzian,bcresey,sypark1029,durdur,duyencao2017,scmoto,jck577,mshalman,supriyabharati,emeryweinstein,nwang229,cassadian,beccadugs1,85boom,dparikh,eselyo0,jacobchatzky,mjurado9293,adelong17,lburke,jennyjenjen2710,mfagan,thisguy,dliang,525ras,jwq912,cchan21a,caw654,matthewocana,bobmandude,dreifer,mrp527,edwardhu,alitoff,isabellavaldescruz2016,754changsteph
mlasmar,rohit_v16,dquickel,davidjohnson50,jmrondo,fernandoaresende,kolispeter,ftn1989,gautamnaik,snedelea,neesea,jesquiv,davelaurence0290,yx38,jgarves,belpoley2012,hpelaez,javila,mjoe,roy_atlans,boyaziq,mzolnows,insanexd,sunyiwei,ahmet,kfezi,ppacey,leofonseca,ppolidor,zwang020,xias,barbudania,rohitv16,kchaput,paulsilva,ozdemir
kellyh,eaj939,bob0322,jwq9122,beccadugs,nreddy94,andrew.andrewhsieh,xay573,aaronjames806,kl2836,abablouzian,nanovictoria33,gecko245,apa041,isabellamay,kyom,beppo2boy,aidanpettit,shc320,essielyo0,fagan125,tall6,zrt537,s1r1h,lyonwang,jyoon2016,klemcc2016,flippinaces,katiemclaughlin,ianyichan,catewalters,aakashtshah,tah210,m.sophia.k,jwilliams
kwagjj,islamkaist,w147mle,hema.vijwani,arathi88,michaelchan,sapichardo,uayhan,jaga_phdbar,curiouspython,ogameros,vallec,tdaboiku,dpfoose,dagher2,yggdrasil39,grigsbja,zarnold94,unknownbeing,mohabey,alsghrha12,eamejia,relikya,platinum20,parkjhok,shinhwajhj,ksyu,coldy9887,eee_zunaid,jlfraley,safe1001,yshs0815,whdydgus,charliechane
islam.helmy,elramlyahmed,aseddeek,m_shehata,engcommun1,beltagymohamed,zxman63,ahmedaziz,zema_gouchy,mahmoudmaher_2011,eng.mai,safaa_ahmed,mahmed,mostafa_abdelreheem,eng_zee,sarakhtab,omarelgabry,eayassin,mero86,eheshamgalal,mazen_soliman,karimosama,lobna,mmk2011,mariaaaa,abdullahbayoumi,digital,eng_hgalal,ayaelsayed111
iasodemannv,ibr,r8satish,salsibiani,rrurali,rizvi_ahmed,keving83,daniellizzit,mohsenbabaeian,fferdousi,viveka,ghader,dwcardwell,binglinmiao,dingerly,derekhu,giovanniv,kaihay,jhs02,nilay1175,gauravdce07,davidhanson2000,lvillegas,mgt123,zakirahmed,supertjhok,massoud
amitrt,vharihar2,prune,rgrover,davidhisu,michaelreilly,tegamisen,jrenteria,suhasgupta,yhliu971225,aarabim,vineethsukumaran,pbascom,lasiddiq,anjaly,manal,bi1216,persaud,sameh.osama,pgoli001,leongumbs,pradhyumnar,rcaudillo,cirera,studentNT,richa.hcl
casosa2,cgsoto,rbrito84,oicedillos,oscrey_1,oibanuelos1,tarek90,jaheras,fattycorpsl,gburrola,jagaspar,jsbilberry,alejandro5512,plucero33,nibarra2,ldvazquez,jaluna3,rodroca92,jfsalas2,raraiza2,hdelacruz2,dannypage,cgaytan2,jmontes8,cherrera16,esolorzano2
aroshaaruni,rmetta,amir_taghavi14,raincoatrun,sowjanya89,dd33,soujanyakamal,ashleye616,sg1115,schwarzg,soujanyam99,caldrich21,yfwang,yingheger,zohreh,rahinov,du1989,taniya9,sahipera,hunjohn1,gelotto,sevra37,kelwashington,dumindika,adp72935
porandla63,gaurav10th,ancientaa,verma21,kanjana,rattana_o,aris,sukanya,rwortman,ladarut,shrikantgaikwad,beerchaiyo,bhaskardas,slodha,wanida,apurv1993,sancharacharya,ssarik8,tejasrnaik7,chaichare,mummineni1,dhruvnigamiitb,riyaz,devendra.dhaka,pktfarms
dhayes204,jayosaze,ajthegirl,ajtheboy,jwp,davohn1,kjr2014,dhill17,jmoore14,yinyang16,dlgflute,rfoster321,handsomeglover,hassan.richardson,jcolts79,tang_howard,mcsaxon25,austinwalker,malikkirkwood,cndacool46,rwatts,kweisi,stmarys11,babygirl23
palim,aacorey,agle,ajgabriel,dvdang,dadozal,maespinoza,arbaldwin,thunderboie,mtkato,ecaugustine,kqmigliore,ggabanto,gaorenstein,swglass,vliu,pjatwater,cpamoranto,qutaishat,michaelr1,brittonlin,thuan4000,seoholee,dsgalsworth
tanmoyssd,etutuc,mcnicholas2,minkys89,jmimottahir,seohk03,yy3598,peterye,rikdey,timmerix,dilled,yuxingangzju,marcalomar,dcrum2,veedubforlife,amritesh557,rslt,brennan8910,tmhasan,runnerdude47,aww372,pentium,shinarchon,moderngandhi
jalem,abhijith,wssg,hankh825,zhou313,nelder,bolong231,wang1671,sevenstar,kevyblock,purval123,pino85,zyang,avelzen,jissac,syg3434,pajouhi,paulpurelar,mohammai,du41,yoon47,wuyangyu,gaffareee
dherring15,bufoo06,mrawesome,novasclark,clutchcarter21,chinmay153,chalant,darz94,zjay23,gmonofre,mxcollin19,bellah12111,bsklenard,jkeglar1,chosenone24,mschris10,janice0105,andremp35,jcarlisle,abdulghania,a2mcdaniel,fawkespony12111,jdawk
thirvo,lijielile,jmk352,pb464,selv55,jja52,alicia.kriete,ug23,burks_gabriel,eit23,mbarthold,normanlu0724,bsuth916,ekp26,tsl24,apentecost25,jas459,acl46,amoretti423,lja27,nadoon21,daves
bszajews,adrisanmen,bklusemann,takamoto0411,jonathan.amodeo,qbzhang666,j.r.mianroodi,tameling,alirezaei,mayoma,leili,arashm1,neuling,madiso,stoebene,barrachina84,j_piechota,homayonifar,jornhwan,ali_2102,amir.niazi,edelman
ccl68,kl279,bcr48,kristmaskthulu,yh298,mal288,jr858,carinlightner,jk2488,hk486,cw446,mb766,af325,darkoscar96,amm472,lpa22,jppastore,skw57,shreyashonrao,dlynch1090,ps544,a3pointswish
tlhoward,e13couture,tpbelang,ftrobert,marisolpantoja,kg4joh,mustafa,troskyh,marufino,tyandrews4001,jifunke,emrankhan,waedmond,slbridg3,makurcze,mswiggin,ercreswe,bidhadebnath,zahid214,jonle
allthatglitters,krich,aadeshoye,kmclaughlin,apw284,cbourdillon,brianesong,kateb26,chetnapathak,dbm448,jswotinsky,hilaryrenaldy,dholmes,ganthony1123,hanviris,pilhardt,sirseven,sarahb1
sophiezhang180,sizhangyu,nathan1,ammario,zldragon,olivercai,wang185,cho61,zqazi1,malkows1,xu73,zhuzhongdong,cfranc20,biorbibsy,liu241,gallium_arsenide,cjmccarthy,zheng55
weimarea13,greg_brady,smithj13,doubleg,robcagan13,suner13,kliwanag,nhusain90,floydjacqueline,osterberg,haggberg11,supersuggs,maples13,msohail83,mauer13,olordyx,grotjohn12,patterson
crowell,taurusha,vedma,johnchen,sdatta01,marcel83,andreibsu,vsehoi,qateriys,bajan,tetrazon1,drnayak,klimovich,vittcor,polymermx,waclawik,student2012,pn2199
dahopkins,jjramsey,samnaboulsi,balboaalex,mike_chen_email,jlarentzos,john.k.brennan,toddbeaudet,jdmoore2004,costas_fountzoulas,mlazonm1,rbecker,shurab,sweingarten,bmpowers,cw9r,mminnicino
acurtiz,whess,egraves,jmramer,chen494,vbhat,yaojunmike,modiking,zhu16,yang320,park38,ebabel,anubisdispo,park65,angela.amador,jin5,alamba
bursuc1,mclovin006,sabol1,knsofor,amphoterite,aoleksie,vigneshwar,chiemes919,hcp1992,yang106,nexthy,npined2,gthell340,marchel2,lin187,ltavare2
souchi,zhu1,brsahu,gbudiman,mehdidev,cedmunds,jtriley,mghaverty,rwangnd1,eogiesob,masud001,heyu07,ashasmohan,chandrar88,mzamiri,navaneeth1988
jkldouglas,narvaezc,bdfello,jdorsey0,arjun86,mcshin,jpb26,jhoughto,myousof,craiglaboda,erich.radauscher,brownianmover,aatewologun,juanaya1,kawright90,drumhacker72
kosior54,sansmar17,dhodash,lunahife,djs376,aas265,nafeesal,haishiro,peter_im,kthurst2,scottd86,smburu,handwerker,djf223,ashleyh55
bjanjua2,sbarth,geokallos,timaras,alantsay,ssederberg,gtn75,alimavi,hrsz171,farhad.khosravi,shawngreig,ksy2703,gv8,zmcddn,rolaaylo
willyacardona,cesaralbm,santiagosurf,nicko9101,hyoga,cindyvan10,alejandra0809,avald88,laurahn826,laura.socha,danielpabe24,rociomolina,danielahidrobo18,natalia.patino.san
shin65,uditsharma101,hartant2,jlorozc2,hjsong2,mli47,wdyarthas,marvadar,chaocao2,esanch29,profballack,yohanko322,nehzgneg,kailiu2
abrant,afernandez44,rmarmol88,mrod43,davidthach,angelfan27,charlesguzman,drenick21,tiago.ferreira,pcharles2,kvndela,bestcorona08,dmardian
ekuwertz,lottethomsen,jejaz,lene,jhelffrich,tuva,oviazlo,herr_apa,rstrom,ahawkins,martinljunggren,olgabe,egholm
llm301,ksung115,ericmanley,mattkelley,csoe,llolenic,ishmael245831,vweidner,ndeastham,meochemgrad,kep924,arm413
osama2,lau14,swearen1,zhaner08,kalidin1,lelelea,chenni1,oleksie1,ruiwang4,qizhao1,xiang7,guanditz
kolze100,sefhmc,morningzz,coxsey1,fishtoo,baker30,chenegan,jezzar,ruiwangece,kwulph,lee893,lee103
pgase,smilah,chacker,j3holaday,dklenosk,bpirani,xie10,aallsop,cheinen,mjledden,dvoshol,jneukam
beandpp,sandeep4442,kim960,nidhi09,gregm12,crcjwice123,jach,mry1990,singhharesh,kim265,hchiu1113,cayenneshi
sedo1125,nhortsch,erichungtwtw,malafata,mtantillo09,amcollet,mnbaumhart,slicknick13,kchou2468,grenis,kennybuntara,pcdodge
anusinha,semanaciencia,vladimirnanoman,juliethariza,pxlf,mohib59,steven213,ss338235,spower,autoni,burton.80
szaloude,ccallah3,porterap,wroohan,jmshockley,ntirk,gerickso,bmeryman,eberic,easternboarder,eoolson
dominiquelaniel,lee890223,clouis523,taylorrobertson14,awice,ericd646464,kaixue,anudeep100,laurentgd,rainiergs
rafi_cuperman,dordevic,gabosan,jairoandresbonilla07,aevilla,jfmolano15872010,cps543,ericblandon,wrat93,teoserof
beslami,tkirschling,xiaokongyu,mingjiang,jorditarragona,jmunerao,schwarzburg,maitreyadutta,jiannandong,mariolle
nano.philomath,cbahr2009,dynamicdoyle,vikessb720,toddlienemann,siveo123,capissen,cwjohnson,nano3485
lc199166,gonzal41,ckkevin1014,louisly,frankow1,zzhu7,lambert8,zhang258,c32325
pjurik,myarber4,go,okan,madrac,mbirkel91,cu910410,gtlee,ksabol
vangx680,haanx006,zrmjones,johnchristensen,asamx002,aafrahm,gundu002,lasiu003,araya003
zhangziman,ezra,ljuul,koldyba,robertfpeters,mahmod_friends,rajatesh,escuban,mokasha
mangal,felipeamaya,bijeshr,pmits1807,manishg86,saurabh.porwal5,afigueroa4,je.malo2858,jd222
calizo,amalik0412,shivandram,kevinst,cpinzondroa,richie3,odreyes,gaonaf,jf.martinez1554
virebbala,hassan88,vaqas,kyoraiden,summaiya,esmaeel,sayan182,ghulamahmed
yjh9898,mpoljak,bluebottle,saris2005,abcdefgh,ernestomed,kaige249,truebrit92
khurst,sjk423,aherman99,jcoleary,ajer95,ynj2000,jfaust3,mcdeheeger
hmikelson,jcarter22,shanson2012,kxiong65,mattingy,havocjack,simplezjuer,andrewt
lewang2,knowlesk99,kimitri,naiveli,ehdwnsdlz,jakemandozzi,eicar1409,birkel2
arunikas2003,bbg82,chrinaldi,dangwal,nikhil_k_bhandari,milces,alaa9r,manish
hongchangki,fabio397,aciccone,agrafa,ishunko,naveenravipati7,mgiles,iang108
mm52032003,lundcory,y1944115,shibesh,jeremy520,hydra7898,lmeh2789
cto324,alexlederhausen,kyz682,brittanymai,kev188,kkaur,jhk0904
ngocluong,sharmanshika,axle_wright,jakesmorrison,bradwhipple,jeanettebrooks,rhedden09
ansd2,ymd81,rubicon777,jhshin0203,besuresuccess,apchuckpig,ansd
aabouauf,shantieverywhere1,hubani,suchitachandraghadei,isisbender,srshashikumar,mpkirley
kaustubhj_2000,anblackter,anandakumar,sumesh619,satishwar.kedas,anmolarora59,pravesh
shantanu.lanke,mikevannatta,ivana,gd,mendez8,monika,wishmob
alexmartinson,bluegene,bolten,pavdik,jawib,uddhav2809,msoper
ebmuzik,tamat,killgore,deepakjmv,eoghan,abhishek_hbd,micromanager
nanotechgeek,sergio53,ybexst,diamondpv,bbassech,egarcia,jjdemiguel
davenmb,devdatt,archies4000,kumark,eshim,zagao1990
chumblyone,zhangchengyi,qianybo24,kharoutaj,surya2,mengchen
kapurnicus,chad.carius,wewelb01,lorilya,h0yuan02,d0ratn01
lmletham,fullmetal16,greasor,tawarner89,ckloskin,ahharb
lazesmelita,rugphy,irfanmeh,debela,provjeraia,ialic
clowrie,saberj1985,ffaria,sajia001,advait1987,ravi_eee
brk11,wiwi_samsul,gyrocopterllc,isvar,tushin,diksha.arora
dgotschi,dpozzo,atticus_pf,egargus,akhshik,spicykamal
microbeam,mashalkhan34,aamirraihan,mady1111,worldseal,ikrug
jakegwood,pierre.boulenc,sstorey86,sandia,addmeaning,ajvful
ecustman,kevinny,groman_sgenia,rmansergh,skhudiky,seoane
morinessan,bijay2011,elmor,froggen172,ager2,sandapa
harsha123,saisreeharsha,nanocate,link1988114,yanshuaijun
aximisu,oncu,kewzyz,yardleytohoku,ashrafalhajjeh
yongnali,shafayat,quantumnet,mp.gupta,pkalinin
nickbithrey,oscaru,leo66,ariel90,alejopg23
simonos12,loulou,lzh918,xuxcn,shuiqing
tamtoegl,cavalierturtle1,jchen74,douchtube,shoron
kaunayak,rdowdy2,raza_physics,janmol,danmastro
nyd,petepeterson99,jianjunyang,darkhelmet,jackwu
smith819,javierordenavia,turner40,ermitanio,kuoyaoming
rifat.kamarudheen,kdeshmukh3,fgonzalez,carneade,mems711
fhartmann,augustoneutzling,saimaafroz011,jaminbenwoo,avijitc
guess771012,cwchiang,baseballer7973,rickhsu,a08364493
svyaghra,josferri,zoha,pbuason11,wu148
evanswj,mitch,stark,icymist,dlacroix
yupenglu,leerk,ovsyannikov,spwilson,loppi
tziegler12,emgates,jsr19skate,shileiiit,jbarraud
