ymalina,dchun,bsh319,npetlakh,cmpark,wtong,sbajaj,ejen,mcee2374,kwang11,mbenner,njohnson463,dpetracovici,pantocrator,fculver,sarahhhong,dkiebala1,shaikal,jcasady,noheneadu,nseetharaman1,mme118,dbasco,jkrupp,cyarka,mbourgeois,hyehan,spokala,jacquelinehwang,swolff,hkawashima,jsoohoo,nashida,falcon36,ddkim,alee,mdawg777,fch308,aogonek,krich55,gthippeswamy,skang,aconroy,ndavidson,lywang,emilywirtz,rpatel,ahuang,shp279,cberg,ashah,dianemok,ajl131,jfang,pagrawal10,thegeoffmeister,maffi,shk2990,mayabhardwaj,anderpants,athompsonharvey,sshah7,mkim,brianchang,karlind,laurennelson07,ngm654,mhuff,ltsai,msriram,nicholas,jjund,rkay,gwm166,schirumamilla,mellis,annab,hpatel11,allegramount,luichanco,jennie,tslayman,mlangille,svadner,skrilov,omnelson,relwood,eko,ktsang,past10,wchang,strikex2,mongoosehuman,lixinxin,sfedorikhina,athuluvath,astockdale,alex_625,tsaraiya,hstafford,tejmotiwala,s3suggs,sshaaban,bambielli,jchu90,pcarlson,kgovindaraju,yleong,txu,martabme,tkl821,devish,avinokur,alcinalidder,runfree909,emj321,jlipari,iezzoni21,mkk749,dramadurai,jsharp,asklar,gpedrick,jerrylin12,xxu,mannamalai,carlherndon2011,blindbard393,mshen2012,mpineda,ltong,matosziuk,svs470,abc897,mwalimujim,khaghighi,nlomotan,mchen2012,dwalco,kmobilia,ywang,kjoshi91,ammerocks,jtrop,cmd366,alberthong,cnoble,callee,kbandi,tsa309,mattfred,amwang,amalik,dcpearsall,mwang,irenezhanglin,myu,jtao,jglass,chinkmama,maroon_09,prajeetreddy,rachelrosen,zschlieder,tzack25,bmaganti,phirbreethr,kperkins,jschiaffino,ilin,ngg760,dtchen,achadha,jle703,kwd761,craak,thebombboi123,ahassan515,msimms,sgrindy,jshepherd,dbtice,eklebanov,yxu,kgrimestad,bsegal,dannyboy8m,ceck,ecadoff,jkastan,acoates,jkaplan,mkramer,acolletti,mwise,bveldk06,kshepherd,tstanis,athompson,rchen,ktp618
nheymer,wilsonn,zrgeorge,jthancoc,mokomi89,bcnewman,jjconnol,dchung88,bphester1,ssehr,torstenmschreiber89,mduffey,tepowers,boiler19,alimiadi,sjnichol,sajordan,tfigg,efohl,kirst,coxcj,christaj,bishopad,cmcclear982,swan12,jroush,akremer,griffijl,bmschult,holta,asankar,meg5994,rlass1,jswarner,mtoomey,jfbrenna,rfkoehle,mbenadum,bluegreentwo,svpeders,mwjensen,acimarol,drgrove,lbehrens,hsale,mjablons,jquinlan,floydm,ipayne,clyons,jones118,jmknowle,mille273,mcwatty,fashnicked87,duktaip26,brennanm,alentner12,heginator16
hrao3,nvaccar2,dsherid3,jamorale,vauger2,witriew,nhamer2,twei2,tesler2,aknecht,dapeters,jmayen2,esunny2,acallawa,mlao2,pwitkow2,ajschoch,towster2,jlee207,desimmon,crtaylor,zchng2,akale,rsteinm2,rbalik,cui4,jookalook,sramin3,abhiahuja,twicken2,spencemitch05,rykothari,chenchen,swong,nrivera2,msachtl2,bigperm247,mstephe2,kwing,ssharma7,hrshah2,akeene3,bridgwater,ee21yin,szuster2,nosonwan,shossei2,png2
bpadman1,daesparza3,zhang265,dilydog25,asalas,isgovea,aelgkorv,hseetao,jdelacruz,dmuse,yvette,african_twin1,gnkoslan,vmanane,rquinn,jmmoreno2,dibrovdo,rhernandez20,miltownboiler,doubleac,jmmontes2,rcordero,rsilvas,amiramontes,eveyja,lilantha,birner,champinhon,flopez,gsantacruz,mgsassenfeld,smoctezuma,deavila,rromero,manaya,ejimenez,danishr,luckyismyname,atsolem,mfranco,arturocontreras,jelopez2,ruls_7,stella,eburton,jstroud,jmgutierrez
szelong,rmccarth,tshuang,bugmenotagain,pkoswatt,laplaceiitkgp,dmoonshi,yoster84,mhossai,bniu,pree2cool,sourdon,ishsman,dhc529,wangjian404,gu0,thenoblewoodsman,rvedula,cchong,ketaki,ebaytok,nihaoya,kjs1000,zzongbum,mathew,ssuslov,dberdy,seharris,nju2sjtu,megaton7,genexk,argupta15115,vchipp,microefan,ptewari,awegener,sminhyup
haika,zuzvang,drezner,baraklit,orit,atrash,lironilb,izlot,Hila,gilcohn,itaikam,demonte,hila,nizan123,Luks,procacso,tamtam,shogun,tsvika,erabkin,porvunah,hkb,shayjo,morritter,merav_m,cheburashka,spaniagu,smariadu,Orit,Keren1,guy23,smeagul,sduppleganger,Tal,podesta
s042191,s042357,bjarkemalm,anderssig,simonbrodersen,aplzrj,flashpane,peturgordon,marsmand,napanil,simon_toft,jnunez,mhca,bilsten,kilroy85,kaseyrussell,s052280,nori86,echovolution,torbentage,flexnezz,lisa_k_t,laur,bluewolfrulz,hagsted,tnleite,peterjp,robertpennington,s052429,s052528,merunner42,s052274,nesk
jobantas,sheng,fatihertinaz,benny7,vincentv,jtli3,tigranb,pythias,sohailabbas,ruppe,mewael,hafizbilalnaveed,kristas,fudankth,evary,silverjbj,pythais,spiderweb432,karlwr,kingya,armankian,bumjin,jazzphysicist,bjoern83,sansar31,rizwan,alexkravchenko
omarteoriam123,pacho,agcr3,sajor,loreurbano,jhon_arias,karen,danybaret,jusecas,squall_jotc,gekco_test3,rdw,romainwacquez,zhangxi1982,djpittdj,leechaolan,safreyle,ikoz56,basilio,oriaj,dianap1986,lilicita,tauorus
ch_klar,martinschucj,igor,steveengels,zaradras,schallundrauch,nilsb,khalsa,vkemper,mwidera,sergethompson,sienar,masa,philippschaefers,fk2burns,leysan,thommy,craz,tg07,chucknorris,mkes1982,alleinherrscher
subbu,raghunathgadi,mushtaq0455,praveen33,salah_asad,shwethakuruganti,jayak,swetha443,sreekanthg2005,shiva1060,mahi2234,desidudes,khan530,spulli,mohan,nanotechnology530,arrola,reddy242,ep4,radikareddykota,jaejoon
ohalv,ejmiller,jsiegler,nmeftah,rkurtzman,s3rj,mkmk2009,juliehan,lpung,amannan,krayner,IceForge13,jschoenfeldt,rtiwari,mdtipping,jchen,dmei
clouds_city,haipengf,heavenblue,huawenmei,modave,sinbad,redorange1984,chaojixin,lst123,zfj,xpchen,liushaoteng,ecolejun,djgangan,houniaolu
yootuka,vnaray3,stugedude15,killmaster,xus,bmyles,smithm,woodard41,hermanj09,patterso09,joletti,balamurali25,jskubal,swestdal
ktrocin,xwang308,mmara,dcho0132,mgroner,justineshaw,mdmurray,kcbandi,lnur,kevinhaghighi2012,jwalters,camila8
hamzah,eshkera,BennyLassen,tmacelwee,bennylassen,shaozhong,gnudi,aplahemant,bicbic01,hatkiet,rvmsnaidu,maylis
kahuja,ericlisheng,ashir23bom,OsRitmos,jvk,sprashan,dmshah,psadtler,alayi,ykubo,ageggles
warz00,datrain1010,mrockey,crisley,hmichl,yunjinmail2,psavkar,pbierer,alfredkoh,cloeffle,kim130
davidmacak,hemanthaithal,gaoyueran,rohit,krishnan_badri,siri45,narsimha,sasi,aravindmc,abinavcs
davcardz,bluessem,mohamedgsh,loppy83,amrzahir,tanyanigam,mbsami,yiqian47,saso
sdidla,lpeterus,linnjr,neuen,yessoddahc05,swtcandie,AllWires,jperrin
kskinner,qingcao2,cesarlima,maxchung,gregho,bushsf,nanoscienti,vajendra
yejd,swaugerd,dleifohcs,wang0217,quarkn,livadluc,shashi477,yqlong
vikram,deepthi,supreeya,divsnvik,divya,savi,gangadharan
shawng1988,shivsiddh,acwatkins88,amallory,scalex27,jakester2481,bredsoxb1
nyakubchak,wang381,askiahill,rwu,sanvampire74,ankitdhawan,lee640
g_boucif,zambaldi,jaykone,teschner,brandonmc,jji,mikejwg
pawelkaczmarek,khausman,juihunc,Pourghaz,h0va4life,bharath88,judydiao
kurstjen,nanolombo2008,carloshidalgo,edilma_becerra,jairosaavedra,juandako
superego,anestisk,zjhoward,sjroskilly,zhuzao,sclicata
jdustin01,amberlei,ydeshmuk,potax,devachan,msnow
dtschust,tjandrew,njm,lmnt_davis,jsr,ninad
cinzia_nanna,ashay88,paola,davide,kingbeppe,triky
kim265,clintone,axavier,redfalconf35,rileyjm,allwires
jensjona,wwz12,adolfo,rramaki,qiangch,chaitu5140
schmidtw,libtech,myszenka,NANOSENSOR,neerajadsul,nikhilrangaraju
xfong,wgriffin,sdhuang,makang,jmderby,jtsmith
ndngoc1010,jxx071000,ddickjr,aradja,xnlepro
kinet,attaby,vcl,nmutiiit,hasib_eee
ttamtong,skparkle,gayatri84,termini_qin,marger7
dndabler,dramatt,iwto2000,rcosby,jlbaker4
jwetheri,tbublik,cwfishy,jkmgiit,sathyans
yoshiki_kamata,smblack,siraji1988,gatorphysics,yaelbamb
patriciapereira,ajasja,rodsny,sinhas,kpage
sougatapahari,hei2acles,pankaj_27sep,lorrainette64,siimsalum
elevenlyw,csexton,cloudies,niubi,blue78
nnshah2007,saeideh,hj32sa,naslam105,utpal
