,username
0,100vichare
1,10gauravpatankar
2,12422rahulkumar
3,124guna
4,17scotta
5,1967hamzausta
6,1ivan1
7,2015pratik.warke
8,2015vipra.arolkar
9,2509patilkomal
10,4rjglembo
11,54hi0
12,750g
13,8284yash
14,a.ge
15,a.mangacu
16,a.mitrikas
17,a01021862
18,a01022623
19,a01022671
20,a01023042
21,a01027347
22,a01657045
23,a415040
24,a4atmel
25,a_bohy
26,aa097879089719971231
27,aadityapatil77
28,aafriat
29,aagarwa6
30,aakash3194
31,aalnasee
32,aaltenai
33,aamnakhursheed171997
34,aanghelus
35,aaops2412
36,aarguelles1
37,aarifahhaque02
38,aaron12
39,aatass2
40,aavincen
41,aavlani
42,aayusharora48
43,aayushjain27894
44,ab_007
45,abannore
46,abaradwaj
47,abatain1
48,abaur
49,abbasgroup
50,abbymd52
51,abcsibeian
52,abdullah_yousof
53,abdulmajid123
54,abdulrahmanyasser95
55,abelkiew
56,abha08
57,abhalcha
58,abharga5
59,abhay_bitsg
60,abhignair
61,abhijeet.s92
62,abhijitharidas3107
63,abhimukherjee
64,abhipaswan24
65,abhishek.singh
66,abhishekchavan111297
67,abhishekpatkar1796
68,abhishektoraskar412
69,abigail.mrvos
70,abloutha
71,abosshar
72,abraham_dantes
73,abrant
74,abs133
75,abu007
76,abxelvc
77,acamarda1103
78,acartwr
79,acasares
80,acbenk01
81,achakr16
82,acheung314
83,acipressi
84,ackarles
85,acl5384
86,acnunes2
87,acostacpaulina
88,acroson
89,actec
90,acyang
91,adam.cordi
92,adamato2
93,adambubar
94,adamdmiller17
95,adams410
96,adatia1
97,adchris1
98,adeirieh
99,adelion
100,adeolia
101,adervise
102,adesinajoseph14
103,adharan
104,adhirots
105,adicool04
106,adilabbas
107,ading1
108,adith1234
109,aditik2107
110,aditya.apte3
111,aditya.khopkar
112,aditya332
113,adityaa
114,adityagudla96
115,adityamedury1980
116,adityamodi009
117,adityaprakash41
118,adjim1209
119,adlt96
120,admueller84
121,adnan019
122,adoboluver
123,adp5383
124,adrianacorderoretana
125,adrianazero
126,ads_fission
127,adsid29
128,adsmit25
129,adsoni468
130,advaitchuri
131,aecooper
132,aedowney
133,aelagoc
134,aepolicht
135,afernandez44
136,afevans
137,aflaha10
138,afordyc2
139,africks
140,afshan
141,agarw103
142,agcr3
143,agettel
144,agf2018
145,agmarche
146,agnair140
147,agnes.feb
148,agraw156
149,agrawa64
150,agrillo
151,agsmith6
152,ahagen
153,aharroun
154,ahasija2
155,aherlihy
156,ahgardn1
157,ahmadi1
158,ahmadn
159,ahmed.amer
160,ahmedaziz
161,ahmedsayed.elec
162,ahoag
163,aikblackarmy83
164,aileyvaa
165,aimanikram
166,aingles
167,aishhhh
168,aishwaryahiwale97
169,aishwaryapawar1912
170,aiskelb
171,aitin
172,ajallen1289
173,ajan
174,ajaved
175,ajay.raghuwanshi
176,ajayavatare304
177,ajcoon
178,ajebakum
179,ajfunche
180,ajgordon
181,ajh227
182,ajinkya009
183,ajinkyametange
184,ajlountz
185,ajniles
186,ajrigby
187,ajsquire
188,ajstreed
189,ajtenorio
190,ajurgons
191,ak37
192,akagti2
193,akanksha0196
194,akankshachandoskar1198
195,akankshakenge
196,akansky
197,akarnik.13
198,akash.mali3477
199,akgun1
200,akick
201,akiramadono
202,akkisk1992
203,akmaksim
204,akryzanski
205,akshara.kairali2020
206,akshat042
207,akshatagage51
208,akshay.shanbhag
209,akshay.vesp
210,akshaybangera95
211,akshayrita20
212,akurumba
213,alafeef2
214,alan69475a
215,alastra1
216,alaverni
217,alba369
218,alberthong
219,alberti
220,albertocab
221,alberts1
222,albugabriel11
223,ale08aj
224,alecmcc93
225,aledafers
226,alee13
227,alee48
228,alee60
229,aleena123
230,aleidli
231,alejandrorivelles21
232,alejosalgadom
233,alesk1208
234,alessandrorusso
235,alessiobevilacqua
236,alex.aglietta
237,alex.t.zhu
238,alexander.kuleff
239,alexanders89
240,alexandru.smaranda19
241,alexandruliviu17
242,alexfbrodsky
243,alexmurcia96
244,alexphinn197
245,alextc87
246,alexwany
247,alfieri
248,ali03
249,ali113
250,ali181
251,aliirtaza98
252,alikanadli7
253,alirezaetesami
254,alisabalasa
255,alisadeq
256,alitehranchi1
257,alkaabi
258,alkanderiii
259,allacsahuanga
260,allanb91
261,allanjude07
262,allredt
263,almanvidya94
264,almousahassan
265,alo08864
266,alostu3
267,alotaib6
268,alouettes1234
269,aloysius
270,also0714
271,alt21
272,alwin1996
273,am921
274,amadormpphy
275,amalhot
276,amalsubh
277,amanalo070199
278,amandankeil
279,amartzz
280,amasia
281,amberdavis2014
282,ambiboy5
283,ambicavenkatesh2009
284,amc480
285,amcardl
286,amcbain
287,amcgoff
288,amey.m.mangutkar
289,ameyc007
290,ameymalotkar1
291,ameysawant25597
292,amgaa.kh.14
293,amicableninja
294,amill676
295,aminahfatimah98
296,amir.hanna
297,amir2552
298,amitbhowmick.du
299,amitmishrasep22
300,amitpoojary94
301,amitshahu009
302,ammardg
303,amnaiqbal400
304,amodini8295
305,amogh.angre
306,amol.marathe93
307,amolgolwankar
308,amontes
309,amoranka
310,amoravec
311,amr87
312,amranx88
313,amropto
314,amrsha.srivastava
315,amunre
316,amwhitne
317,amypaulinamedina
318,amyqing
319,an96
320,anaghabinu
321,anai1411
322,anajera7
323,anakinlee17903205r
324,anand_5
325,anandbhujade12
326,ananhe
327,anaon
328,anas20304
329,ancypmani
330,andalib.nizam
331,andaryyn
332,ander754
333,andrea.bll
334,andreainterista1990
335,andreea_tomita
336,andreeagavrila2598
337,andrei.luneow01031999
338,andreia_c
339,andreineacsu73
340,andrejkontrec
341,andresfcord
342,andrew_bertran
343,andrewcox
344,andrewdickens
345,andrewmon
346,andrewopitz
347,andrewporter
348,andrewskutty04
349,andrewsnano
350,andrewwarrn
351,andrez.tc
352,andy.zhang
353,andy213
354,andybaldwin
355,andyzh98
356,aneeqarafique20
357,aneesoman
358,aner_msis
359,anghakamble247
360,anghelgabrielacatalina
361,angiechristinelei
362,angietmolano26
363,anikagupta
364,aniket.nadkarni
365,anil8796069443
366,anilboran0671
367,animatinea
368,aniruddh
369,aniruddha.dive
370,aniruddhaparte3
371,anirudh0000
372,anirudh2442
373,anish69052
374,anitadey12
375,aniyogi2
376,ankeith
377,ankit.kp
378,ankit.pandey
379,ankita.rahate
380,anm9
381,anna.jupo
382,annacatton
383,annedisabato
384,anniebreidinger
385,annyuta1
386,anoop1992
387,anovitzkij
388,anshul1993
389,antonaci.p
390,antonioguzmanp
391,antoniom
392,antonionito1993
393,antoniooblea
394,anubhav.bose
395,anudarid
396,anujaharel1
397,anujchhabra25
398,anum
399,anum.7
400,anum72
401,anum91
402,anumolsasi69
403,anuragshyam1026
404,anusha.20ec012
405,anushir2
406,anut730
407,anzalnahamrah
408,aodubitsky
409,aonorecca
410,ap3924
411,apandey
412,apanuga
413,aparajitakadam28
414,aparnasajeev
415,aparunov
416,aperitor
417,apkellih
418,aponkshe
419,apontec117
420,apujara
421,apunnamo
422,apurva1516
423,apurva3007
424,apurvawaghmode14
425,aqsakhan
426,aqsanaz444657
427,aqsaqasim10
428,aquibansari12377
429,arabi52
430,aragom1
431,aramin2
432,aramkum
433,arashakhavi
434,aravind.ravi
435,aravindh
436,arawal14.ar
437,arc421
438,architagoyal
439,areeba_khan
440,areinhar9
441,ariados88
442,arif.ozkan5806
443,arisha.binte.ishrat
444,ariwu
445,ariyareddygaripavithra
446,arkamandal
447,arm71
448,armen1
449,armersuender
450,armour1
451,arnavgadre
452,arnie
453,arnikam02
454,arno.yu610168
455,arojiwadia
456,aronald
457,aronmarkle
458,aroomah
459,arora152
460,arpanc2
461,arran.yuan
462,arsalananwer
463,arsh.raina
464,arshan.ansari002
465,arslan_shani20
466,arteaga52
467,artem111mass
468,arthaya.koyande28
469,artheria
470,arthurfacon
471,arthurfteelee
472,arthurribe
473,arturosanz
474,arul7
475,arulouie
476,arunimavarma20
477,arunkumar81098
478,arunnambiar66
479,arunseshan
480,arupsamanta
481,aryhant19
482,as12033
483,asad.idrees895
484,asahmed
485,asangamn
486,asarwari
487,asaski
488,asatput
489,ascharyaskumar
490,asenetar
491,asf2170
492,ashampur
493,asharifu
494,asharip
495,asherr
496,ashfiqua
497,ashimiz2
498,ashishdabral92
499,ashishgajalkar
500,ashishtonge94
501,ashitamohile
502,ashna
503,ashnavirdikar.av
504,ashok12
505,ashpillai.1996
506,ashwinichatuphale
507,ashwinmahendra98
508,ashwinnumbrat94
509,askipwor
510,asmagulo
511,asmitababar123
512,asporcel
513,asra
514,asrakhan
515,assafh
516,assem2
517,assirs
518,astera
519,aswathyushamohan2
520,aswinthomas5
521,asyrek
522,ataozirmak
523,ateefasiddiqui
524,athilakshmi27
525,atlapragna
526,atm54
527,atpolson
528,atre
529,atruver
530,atugman
531,atulkokane1234
532,august
533,aumx97
534,avdhut.bhogale94
535,avedhinuel
536,avelasco.isom
537,avidov
538,avongun
539,avvaruvenkat225
540,awarsana
541,awennin
542,awesly2
543,awesome.young.choi
544,awhsu2
545,awillenb1
546,awonderg
547,awoodwa
548,aws2
549,awtanner
550,axelbernal
551,ayassin
552,aydoganaali19
553,ayeshaarshad
554,ayeshakhan.2907
555,ayesharashid
556,aymanurooj
557,aymenbatool98
558,aymonray
559,aypark
560,ayushilalka2
561,ayushsrivastava
562,azamat.zhunussov
563,azamatm
564,azambrano13
565,azareei
566,azazimalii
567,azimighani
568,azrulaiman
569,b200777
570,b515037
571,b615011
572,baasanlhamaa
573,babingha
574,bae7
575,baerr
576,bahearn2
577,bakarsiddique
578,baker251
579,baker32
580,balajinani666936
581,balasubramaniyam
582,bamgbose
583,bamorim
584,banigl
585,banivana5
586,baosemi2011
587,bargharar
588,baringhaus
589,barneyc
590,bartar
591,bartos
592,bartosz.stoppel
593,baseballnut97
594,basma_shaalan
595,batbold
596,bawanbeit
597,bayasaazman
598,bayerl
599,bayramdonmez96
600,bazilevich
601,bbarale
602,bbirud
603,bboilerman
604,bbondi
605,bbshaq
606,bburgilmaa1202
607,bcaffert
608,bcasler
609,bcbukows
610,bchorag2
611,bciezzi
612,bcvaugh2
613,bdowd
614,beck160
615,beck50
616,beekman1
617,beers2
618,beethovium
619,begarishashidhar
620,bekirisgor
621,benderd
622,benjamin.leifer
623,bepeter2
624,bephuonganh
625,bergamini.francesco95
626,bergesiogregory
627,berkcmn
628,berksaldr
629,berna_u
630,bernarm
631,berryshao
632,berserked
633,bertansafak
634,bertbusdriver
635,bestcorona08
636,beth.nowadnick
637,bethapudikarthik128
638,bettenh1
639,bewynbj7
640,bfazio1
641,bfgsweeper
642,bg22
643,bgarrett
644,bgrandst
645,bgutman
646,bhadreshwarak308
647,bhagyashrikanade134
648,bhagyashrimali280497
649,bhaifaiz77
650,bhaleraokaruna49
651,bhandarepranay9208
652,bhartant
653,bhaskar.vankala.bv
654,bhaskark.pg19.ec
655,bhateja1
656,bhavigna1994
657,bhchen2
658,bholybee
659,bhujangmethe
660,bhurrle
661,bhushan9321
662,bhuvaneswaribunny0813
663,biagiocap95
664,bilalgabula
665,bilaltehseen
666,billsnow
667,billy_ms
668,binayjoshi
669,bincythanjan
670,bindubhogireddy
671,bingxin_yu
672,biochemistyarn
673,bird12
674,bishopn
675,bismaraoluqman
676,bismashaikh26
677,bivol.antonia
678,biwrey
679,bix006
680,bjarkeakh
681,bjc16
682,bjv22
683,bkeel
684,bkhandag
685,bkortiz
686,bkoszyk
687,black99
688,blackwer
689,blasern
690,blueplumage
691,bmam1979
692,bmarott
693,bmccool
694,bmsuen
695,bnrnirmal94
696,bnw4
697,boatmee
698,bobbit1
699,bodhiscott
700,bohlinh
701,bojjave2
702,bombardi
703,bonald9056
704,boniljor
705,boninl
706,boody456366
707,borazine
708,borkisze
709,borkowman6000
710,boron1618
711,bosecki
712,bowerp
713,bowman96
714,boy_with_nikon
715,boyangy4
716,boyazhu2
717,boytoboy0108
718,bparkins
719,bpaulso1
720,bplamondon
721,bpolinsk
722,bpsorenson
723,bqn2000
724,bradneym
725,branch4
726,brangara
727,brarath.nihal
728,bratanandrei97
729,brauliogabriel
730,brayfc
731,bredemer
732,breenok
733,brentgroulik
734,brianbosem
735,brianhaidet
736,briannab
737,brisamm2
738,brkyelaldi
739,brook200
740,brookywat
741,brow1417
742,brow2151
743,brown214
744,brperry
745,brrmatteo
746,brs21
747,brshores
748,brucelue
749,brunngr2
750,brunodistefano8
751,bryan52803
752,bryanc121297
753,bryniqua.payne
754,bshutt
755,bsobecki
756,bspoka
757,bsule
758,btanabe2
759,btims
760,btoda410
761,buckr
762,buldus2
763,bullock8
764,burak9836
765,burakalperen87
766,burakbeyazt
767,burhan.naim
768,bushradayo
769,bushrajafri
770,buspinboun
771,bvarug2
772,bvoon
773,bwitchie
774,bwodetz
775,bxu11
776,byant
777,byezidahmed01
778,byrowley
779,bywolfe
780,byzayh13
781,ca.espitiaa0516
782,cacecious
783,cactusnoh
784,cagatayc06
785,cagomezx
786,cahc232
787,calculuswhiz
788,calder25
789,callant1
790,camil30
791,camilovallejoduque20
792,camora
793,camyoung1234
794,canbc123
795,cancado
796,cancetinkaya1201
797,canersokat
798,canjugaa09
799,cao54
800,caprarilorenzo
801,captiva34
802,carboni235069
803,carjehee
804,carlbarber
805,carlo176
806,carlosandres03cp
807,carlosniko
808,carlosrodriguez
809,carls127
810,carmennn
811,caro.vargasz97
812,caroldd
813,carrieculp
814,carrill8
815,carrollg
816,cartel85
817,carter6
818,carterjames5297
819,cas6792
820,cassidyhoward
821,castilbr
822,cavarga2
823,cavid
824,cbarth2
825,cbelur
826,cberg
827,cbesoto
828,cbrinton07
829,ccange
830,cccharleschan
831,ccchou
832,cccum
833,cccyyj720
834,cchingis99
835,cciraci
836,ccurto
837,cdewes229
838,cdhuffma
839,cdoniere
840,cdoty
841,cdtorres
842,ce2433
843,ceckste
844,cedarj27
845,celalviar18
846,celinedyang
847,cemegoak
848,ceriers2
849,ceverhar
850,ceydabayrak581
851,cfeustel
852,cfri
853,cgrantz
854,cgualbe2
855,chaitali2696
856,chaitalivartak07
857,chaitanyakhane999
858,champton123
859,chan1cyrus2
860,chandana403ndl
861,chandol314
862,chandramani.yadav43
863,chang
864,chang190
865,chang305
866,chang548
867,changjiandeng
868,chanj45
869,chao16
870,chao26
871,chaojiliqilin
872,chaolei
873,charancherry22.j
874,charansri1994
875,charles1638
876,charlesguzman
877,charpeterson
878,chathuddasie
879,chaudh44
880,cheemarla
881,chen2058
882,chen3141
883,chen381
884,chen95
885,chenchen
886,chend67791935
887,cheng60
888,chennareddy
889,cherylc598
890,chewethy
891,chh162
892,chiakoonseng
893,chiemes919
894,chiggins
895,chingying89
896,chinmay.vad
897,chinmayeemujumdar
898,chinmayutekar8
899,chisimeybijimchigmomin
900,chitten1
901,chiu35
902,chivukula3
903,chloe126
904,chmilsk2
905,chnbtgaldanmgc
906,chochuc
907,choi333
908,choi350
909,choichoi1217
910,choiykyo
911,chojunhee
912,chongvi1
913,choudh23
914,chovelice
915,chris.png25
916,chris0502
917,chris1fugger
918,chrisbutch
919,chrisgoulet
920,chrisloff
921,chrispatino
922,christopher1993
923,christophergreen609
924,chuiespe
925,chumblyone
926,chun2020ki
927,chxxtu2009
928,chyu3
929,cialdel1
930,cibowman
931,ciclark2
932,cihanbuyuknacar
933,cindric19
934,cindypang2020
935,cinkara
936,cisrael2
937,cjbierwa
938,cjpayne
939,cjrlfrlf
940,cjsmit48
941,cjstanger1
942,ckayrou
943,ckdoran88
944,ckennett
945,ckn21
946,ckrajkumar
947,cks125
948,clabaza13
949,claraqqqq
950,clauchv
951,claudiar
952,clay.chamberlain
953,claytok
954,cleveng2
955,cli643
956,cline56
957,clockwork
958,clouis523
959,cmak
960,cmallen3
961,cmauser
962,cmc2374
963,cmenden
964,cming2
965,cmisiego
966,cmkeller
967,cmliu222
968,cmottaz
969,cmrr32171
970,cmwesigw
971,cocker867
972,coco.hespert
973,coglia
974,cohen26
975,cohland
976,cokuszki
977,colewilloughby1125
978,colleenloynachan
979,collett
980,coloradete
981,comer13
982,comphyguy
983,conch9674
984,condon3
985,connoll1
986,conrado
987,convolution
988,coolnikitav
989,corezyadigar26
990,cosib1yr
991,cottonb
992,coverstr
993,cox302
994,cp.praveen2018
995,cparvini
996,cpatil152
997,cpoon2
998,cpotdevin
999,cquimpo
1000,cr0c
1001,craciun.costi8
1002,cranen
1003,creepdeadly
1004,cregers
1005,crekdestiny
1006,cretea.pikes
1007,cri95
1008,crimsonvaliant
1009,cristina.leach
1010,crkidwel
1011,crosent2
1012,crosscounter87
1013,cs
1014,cs7
1015,csaerome
1016,csahin
1017,csanch26
1018,csanford
1019,cshorvat
1020,csikes
1021,cspreen
1022,csrafin
1023,css_
1024,cssanchez123
1025,ctaub
1026,cthudso3
1027,ctimko
1028,ctrautma
1029,ctsioli
1030,curiouspython
1031,curtsmith
1032,cvasq69
1033,cwbraga1
1034,cweb
1035,cwhitter
1036,cwidak
1037,cwiles
1038,cyamamot
1039,cycyruss1
1040,cyearwoo
1041,cyronferguson
1042,czensho
1043,czych2
1044,d0kma
1045,d_thiagarajan
1046,daanyaal
1047,dacongcong
1048,daedalus_v2
1049,daguri87
1050,dahebuni31
1051,dai109
1052,dakshatavaze96
1053,dalelee2008
1054,daltonmartinpurdue
1055,dalvi.mahadev33
1056,damer
1057,dames
1058,damlakubattt
1059,damoldov
1060,dandelion82
1061,danderson4
1062,dangeunk
1063,dani.cerqueira95
1064,danielfdezcalo
1065,danielmoore
1066,danielmoran2909
1067,danielpantoja
1068,danish67
1069,danishmushtaq
1070,dann2
1071,dannysitu
1072,dannz
1073,danqiye1
1074,danrodmar10
1075,dansebastian.tilao
1076,dante1111
1077,danx
1078,danyangzhuo
1079,darhodes
1080,darint916
1081,darioma81
1082,dariusz45
1083,darkfalling931002
1084,darko.spremo
1085,darpan.bagwale
1086,darshana.mehta
1087,darshanadaund27
1088,darshanpala
1089,dashpeljee37
1090,dasika8
1091,davaanaa0101
1092,davaanaa010101
1093,david.heindel
1094,davidc
1095,davide_indorato_01
1096,davidg_
1097,davidlin49
1098,davidosmanovic
1099,davidsml
1100,davidthach
1101,davidwiley
1102,dayana.acuna1996
1103,daybreak410039
1104,dban1405
1105,dbero2
1106,dbhagwan
1107,dbmcguir
1108,dbosch
1109,dcarlton
1110,ddangshiggy
1111,ddejong2
1112,ddkelly
1113,ddmf
1114,debanjalirarhi
1115,debika26
1116,debnatha
1117,dedios1
1118,dee7291
1119,deep.patel
1120,deepalisingh195
1121,deepikachaman3
1122,deepikapal
1123,deepres
1124,deeptimenon
1125,deepu424
1126,deepuvijaya1806
1127,defamationmatrix
1128,dekitte
1129,delgermaa
1130,demint1
1131,denis_ilin
1132,denizacil
1133,denny.shaikh
1134,denverlloyd
1135,depew2
1136,derialstrazus
1137,deshay777
1138,deshmukhprashant23
1139,deshmukp
1140,deshpa31
1141,deshpan3
1142,deshpan5
1143,deshpande192
1144,detert
1145,deva
1146,devang19.shah
1147,devashishmore478
1148,devashreedas
1149,devchaudhari12
1150,devilbw
1151,devin.cox
1152,devoraisseroff2015
1153,devynduryea
1154,dewittl
1155,dewrains
1156,dfallah
1157,dfang7
1158,dfcarney
1159,dferrell68
1160,dfisher5
1161,dfswartz
1162,dgauri26
1163,dgilley
1164,dgoldst
1165,dguemes
1166,dhalbroo
1167,dhamill2
1168,dhanahan
1169,dhananjoybanikjoy
1170,dhancock
1171,dhanunjaya.ind
1172,dharmang.s
1173,dharmendra5146
1174,dharmindran
1175,dharsh027
1176,dhavaleru
1177,dheerajracha
1178,dheereshpoojary
1179,dhruv.gajaria95
1180,dhruv16
1181,dhuang123
1182,dhydh
1183,dhynb
1184,dicksonsalim
1185,dicksonw
1186,dico7717
1187,diego.belato
1188,diego_romero_97
1189,diegocamelo2610
1190,diegofelipe.martinezvalencia
1191,diegour1
1192,digital
1193,digitalmouse12
1194,diliber1
1195,dilip.wakdikar
1196,dilipramgir
1197,dilkusha
1198,dineiarantes
1199,ding172
1200,ding308
1201,ding92
1202,dinusha
1203,dipal.ptl
1204,dipikapatil097
1205,dipsbhalekar
1206,dique
1207,divekarpragati7
1208,divya.sreeramoji
1209,divyashriteppala
1210,divyavkhandkar.me
1211,dj1garza
1212,djcarr
1213,djeberguendouz
1214,djelovina
1215,djgraziano
1216,djpavan1997
1217,djtumenjargal
1218,djva
1219,djvarnau
1220,dkelkho2
1221,dkgupata9768522176
1222,dkj142857
1223,dkjnc
1224,dkorani
1225,dkt01
1226,dkuen
1227,dlarocco
1228,dlasmar
1229,dlee230
1230,dleena19961209
1231,dlyday
1232,dmardian
1233,dmarque2
1234,dmartinezcu
1235,dmgo17
1236,dminnich
1237,dmitriy
1238,dmizell
1239,dnaragan
1240,dnarasimhara
1241,dnovko
1242,dnyaneshwarghatge55
1243,do0de
1244,dogp27
1245,dollarboyhardik
1246,domagoj.tomic
1247,domenus
1248,donesto
1249,donghwa96
1250,dongji829
1251,dongjin225
1252,doniashlayan
1253,donkeykonk
1254,donolikarpratiksha
1255,dora.vnucec
1256,doramram
1257,doris263464790
1258,doshishrut1995
1259,dpbarber
1260,dpbrocke
1261,dpolic2
1262,dps2144
1263,dqp
1264,dragoneye
1265,dragzta
1266,dreameryss
1267,dreihaneh
1268,drejmeisterdrej
1269,drenick21
1270,drestrep
1271,drewth1
1272,drinkupmehearties525
1273,driscoll85
1274,dritchi
1275,drj.2013.new
1276,dro3
1277,drtesla90
1278,drupad
1279,dschalle
1280,dschlai2
1281,dschulz
1282,dsdubbel
1283,dsevvaldogann
1284,dshantanu2902
1285,dsheth
1286,dshin25
1287,dshinwes
1288,dshkurup
1289,dskukan76
1290,dstechma
1291,dsukrith
1292,dswood
1293,dtibbo
1294,dua1915
1295,dubalprasad04
1296,ducharm2
1297,dudtn9866
1298,duh1177
1299,dumitrel.petu
1300,dumpnit
1301,duncaa2
1302,dungaram
1303,dunnwi
1304,durgadole42
1305,dustin.esman
1306,dustinrobinson275
1307,dusty
1308,duuyaduka89
1309,duverney.corrales
1310,dvelazquez4
1311,dvicker
1312,dvorak3
1313,dwalco
1314,dwchris2
1315,dweber1
1316,dwen3
1317,dwilkes
1318,dwm0530.mj
1319,dwu93
1320,dxiao3
1321,dyangsteven
1322,dylanh5
1323,dywong2
1324,e23co14
1325,eabeeman
1326,eandreas15
1327,earredondo
1328,eashburn
1329,eason888
1330,ebakretsbew
1331,ebelul2
1332,eberonio
1333,ebinkerd
1334,ebinkle
1335,ebonyshantellluster
1336,ebusquet
1337,ecamaren
1338,ecarodelcastillo93
1339,ecave
1340,eceece
1341,echoecho
1342,ecija
1343,ecronin
1344,ecummin
1345,eddie97
1346,eddy105833
1347,edgar369
1348,edhill3
1349,edisonboey
1350,edoardo.iacobazzi
1351,edreifue
1352,edward.yen88
1353,ee17btech11036
1354,ee17btech11037
1355,ee17btech11048
1356,ee19d002
1357,eek735
1358,eekeen17
1359,eeowais
1360,efan
1361,efekose
1362,efeldman
1363,efelgus
1364,efodor
1365,efoesch
1366,egalloway
1367,egarayev
1368,egaytan
1369,ege.ert7
1370,egh1fw
1371,egummers
1372,egutier4
1373,ehabbelal
1374,ehdrms3204
1375,ehdwnse
1376,ehenry
1377,ehg
1378,ehgma0821
1379,ehsan
1380,ehultman
1381,ehzheng2
1382,ejazkhan
1383,ejmeier
1384,ekdh4301
1385,ekicifatih0
1386,ekim.coskun19
1387,ekk002
1388,ekrueger
1389,el003
1390,el16009
1391,el1999
1392,el83el85
1393,elembengisu
1394,elemhunt
1395,elena.gnani
1396,elenajuanmartos
1397,elenalp
1398,elenasoli
1399,eleut
1400,elfedwa
1401,elia_vignoli_unimore
1402,elifisparta38
1403,elightow
1404,eliu0117
1405,ellee2
1406,ellieyan
1407,ellis99
1408,eloapreza
1409,eloewe
1410,elomeli
1411,eloper
1412,elp15sbs
1413,elp15yn
1414,elp17fw
1415,elp17ys
1416,elsa.george2018
1417,elucas
1418,elvnm88061
1419,em.olsson
1420,emacfady
1421,emalhajj
1422,emarches
1423,emgates
1424,emiliochausse
1425,eminasuljic
1426,emircansimsek
1427,emoore
1428,emorin
1429,emre_krtn97
1430,emreyilmazel1996
1431,emrullahzubeyr
1432,enesdinler1
1433,eng.mahmoudayman
1434,eng_moh
1435,eng_zee
1436,engc
1437,engfersoy
1438,engineer94
1439,engineerwaqas1
1440,englanc
1441,englanj
1442,engr13200
1443,enhjin.ilmg
1444,eno00wen
1445,enrico876
1446,eoverly
1447,epd878
1448,erciyuanwd
1449,ereyes12
1450,erhan_1996
1451,erhoglun
1452,eric8he
1453,erickamc
1454,ericks23
1455,ericks44
1456,erickuo2
1457,ericli4
1458,ericshen628
1459,ericwei1
1460,erikhans
1461,ervndgn59
1462,erwang
1463,esalata
1464,escoba3
1465,eserafimbortolazzo
1466,eshoko
1467,espinosa4
1468,essam_samir
1469,estaban250212
1470,estella123
1471,etitheyeti98
1472,etorresz12
1473,ettoremasetti
1474,evacatoggio
1475,evans341
1476,evansmith
1477,evedizzy
1478,everhart
1479,eversor
1480,eviltiki100
1481,evrenyigit
1482,ewestph
1483,ewestrat
1484,ewilhite
1485,eyadafify
1486,eyediin
1487,ezdude
1488,ezran403417
1489,f.alvarezl
1490,f20170426
1491,f20190381
1492,faaz90
1493,fabiant970
1494,fabio.guzman.figueroa
1495,fabiocarta83
1496,fadarichev25
1497,fadhil123
1498,fadyhussein
1499,fadzilsharol
1500,faespinoza
1501,fahadhussain
1502,fahadshtail
1503,fahmidmahmud
1504,faizan_aadil
1505,faizan_ned
1506,faizanalibugti
1507,faizi
1508,fakimov
1509,fallrain1763
1510,falsejari3
1511,fan123
1512,fan48
1513,fandrade5
1514,fang58
1515,fanjiadi1992
1516,fansler
1517,fanzhang0815
1518,far1997
1519,farahkareem5
1520,farahperveen72
1521,faraz
1522,fareha.saleem
1523,farhanthespy
1524,fari911
1525,farooque73
1526,fatapia
1527,fatihyorgun1996
1528,fatima
1529,fayzabs
1530,fazzazy
1531,fbega90
1532,fbonache
1533,fdo.glz
1534,feackl
1535,fede.lombo1997
1536,fedeenav
1537,fedepassero
1538,federicadelvecchio
1539,federicozappaterra
1540,fehmida
1541,felixcampos_29
1542,feng12
1543,feng233
1544,fenowasim
1545,fer_zasa
1546,feraca
1547,fereshtehrajabik
1548,fergu101
1549,ferrarogae01
1550,ferree1
1551,ffm78692
1552,fiam23
1553,fiona13147
1554,fische90
1555,fissler
1556,fizza.shamim
1557,flemingkyler
1558,flg34200
1559,flsilva
1560,fluxayh
1561,fnm
1562,fong12
1563,fong14
1564,forbanic
1565,foropeza
1566,foxytop
1567,fpolonh
1568,fran_v2
1569,francescacosta14
1570,francesco.travaglio2001
1571,francesconaccarato
1572,francisco.franco
1573,frankzhou
1574,franzesybile99
1575,frar93
1576,fredboeuf
1577,freddy_rd99
1578,fredsteven12
1579,freeckj1003
1580,frenchmathew
1581,fretman
1582,freyg
1583,frostgyt
1584,fruane
1585,ftangpoo
1586,fu237
1587,fulcrum
1588,fullmetal16
1589,funsal
1590,fuquan111
1591,furkan069906
1592,furkan552senturk
1593,fvanwink
1594,g1115074
1595,gabriela.gheorghe
1596,gabrielborges
1597,gabrielmelguizo
1598,gabrielsaavedra995
1599,gaco8
1600,gagnonn
1601,gajakosh.sneha54
1602,gandipriyanka7
1603,ganeshm
1604,gang
1605,gao499
1606,gao92
1607,garcias1
1608,garimadang
1609,garyliu2
1610,gasingac
1611,gatsagar1993
1612,gaurav.kolapate54
1613,gauravnalkar08
1614,gauravtaral1
1615,gayatrideoghare
1616,gb42
1617,gchen32
1618,gct246
1619,gcutsail
1620,gczajk93
1621,gdesam
1622,geetanjali6595
1623,geist2
1624,gemar824
1625,genevieve.kunkel
1626,genzo
1627,geoffraf
1628,gerth2
1629,gervasio89
1630,geschreyr
1631,geselby
1632,geskinv
1633,gguayaquil
1634,ghais
1635,gharat789
1636,ghart
1637,ghosh36
1638,ghturner
1639,giacomo.bruno
1640,gianni
1641,giggerota
1642,gioia.chiodi95
1643,giorgia.strobbia
1644,giovanni.braglia97
1645,girtu
1646,giulioteti
1647,gjb56
1648,gkilmer
1649,gkumarreddy
1650,gkx39
1651,glebertdadol
1652,glenmil01
1653,glevita2
1654,gmacraes
1655,gmathews
1656,gmbankar37
1657,gmckiern
1658,gmcnamer
1659,gmontoy
1660,gnivetha05
1661,godguo
1662,godofdeath
1663,goel5
1664,gokalp
1665,goknur.derinoz
1666,gokulggoku
1667,goldubra
1668,golla.alekhya92
1669,gonzalezmarinoangela
1670,goodma27
1671,gooneti2
1672,gorgon
1673,govind9867129531
1674,gowthammuppala123
1675,graber0
1676,grace8699
1677,gracetribe
1678,graha162
1679,graham.marshall.9889
1680,grahl2
1681,grandcn
1682,gray164
1683,gray54
1684,graygnome
1685,greasor
1686,greatabhi.jathar
1687,gredden
1688,gregho
1689,gregory.j.mccurry
1690,gregoryfbrown
1691,grgur.palle
1692,grieder
1693,grk2114
1694,gromko1
1695,groxboro
1696,gsaimanikanta1234
1697,gsamuel1
1698,gsoto5
1699,gspell
1700,gsunnysmile
1701,gszyman
1702,gtengland
1703,gtmonroe54
1704,gtorresr
1705,gtribe
1706,gu84
1707,gulsakadioglu
1708,gunbeeg77
1709,gundalai2000
1710,gunstux
1711,guo307
1712,guo56
1713,gupta.ravi1996
1714,gupta393
1715,gupta768
1716,gurbaazsidhu
1717,gusarovs
1718,guttikon
1719,gvganeshslo
1720,gvishs15
1721,gwilfong
1722,gwoo7057
1723,gzanutta
1724,h_elmenier
1725,ha654321ha654321
1726,habhutto2015
1727,hacard
1728,hadishagerdi
1729,haelim1227
1730,haggisface2000
1731,haiderzaidi
1732,haiyanyecao
1733,hakeemorangzeb710
1734,halamasood27
1735,haleema.parvaiz
1736,halilibrahimtiken
1737,ham4406
1738,hamil175
1739,hammad157
1740,hamzaaleem1
1741,hamzaq44
1742,han289
1743,han547
1744,han609
1745,hanariddle
1746,hansanderson
1747,hanselra
1748,hansiiro
1749,hanumansingh
1750,hanweizhou
1751,hao55
1752,haoyuli3
1753,harbinz
1754,hardy6
1755,hareem.ahsan98
1756,hareemmustafa
1757,harini.iyer
1758,harini.phys
1759,harish1001
1760,harish1984
1761,harishkct11
1762,hariskshah
1763,harithasree
1764,harneet159
1765,haroldau87
1766,haroon13
1767,harri670
1768,harri827
1769,harrisonang713
1770,harrylu
1771,harshada.patankar
1772,harshadsurdi
1773,harshalisawant92
1774,harshil
1775,harshinibarapatre
1776,harshit0610
1777,harshmhatre975
1778,harshnisar
1779,hartze
1780,hasan92
1781,haseemzafar4
1782,hassam
1783,hassan23
1784,hassananwer1010
1785,hatfarm
1786,haticesari333333
1787,haticeterzibali
1788,hatim
1789,haurainsia4
1790,haydenlee
1791,hayes216
1792,hayleyosman
1793,hbalaji
1794,hcm386
1795,hdalton
1796,hdhandap
1797,he348
1798,headacheproject2014
1799,healym
1800,heaton4
1801,heba_sabri
1802,heckhoff
1803,hecticcoder
1804,heenal0708
1805,hefnerl
1806,hekopp
1807,helen
1808,hemi.jones44
1809,henrylin14
1810,herndonas
1811,herzkim
1812,heybste718
1813,hezitao
1814,hga
1815,hhofstee
1816,hicklem
1817,hicks121
1818,hill392
1819,hill399
1820,himab
1821,himalidhaduk
1822,himanshu123
1823,himanshuphatak98
1824,hines057
1825,hinseyj
1826,hippocoon
1827,hiroshi
1828,hitesh.vadgama
1829,hj65419811
1830,hjlim9612
1831,hjogani
1832,hjuh
1833,hk
1834,hkim21
1835,hky0220
1836,hl13
1837,hl388
1838,hlalit
1839,hleon16
1840,hln_04
1841,hmed_h2
1842,hmkang
1843,hna5042
1844,hnihallani75
1845,hodge20
1846,hodori90
1847,hollis5
1848,hollowr
1849,hondagk
1850,honey1872
1851,hoonny5343
1852,hooshyforchy
1853,horaciolicona0711
1854,horo
1855,hosyadav
1856,hotingliu
1857,houseoflastwords
1858,hpb5076
1859,hpengc
1860,hpowen6
1861,hqassem93
1862,hranjan
1863,hrishikesh.gawas99
1864,hrishikeshtawade
1865,hrle
1866,hronik1
1867,hs960531
1868,hsanghvi
1869,hschennu
1870,hshrote
1871,hshsyou
1872,hsmoke
1873,hsohail
1874,hswyxym
1875,htycm
1876,hu341
1877,hu347
1878,hu769
1879,hua49
1880,huan1177
1881,huan1346
1882,huang406
1883,huff49
1884,huff51
1885,hughe234
1886,hugo_lopez
1887,humi1245
1888,hussain
1889,hutchi21
1890,huzaimahb081810113
1891,hvincent
1892,hwa99
1893,hweichen
1894,hwh7980
1895,hyangmcgill
1896,hyeonkims97
1897,hyojuoh
1898,hyonmin1
1899,hyovento
1900,hyunta4451
1901,hyunukch
1902,hzhou29
1903,iammayuri3
1904,iamselewa
1905,ibeeey.a
1906,ibrahimahmedmughal
1907,ibrahimarif950
1908,ibrahimyararoglu
1909,icereceres
1910,icp5016
1911,iffatiqbal
1912,iftikharali039
1913,ignacio86
1914,ihz1
1915,ijacobso
1916,ijlal.as
1917,ilanraphael
1918,ilestcree
1919,ilevatic
1920,ilkaydost
1921,ilknur.icke
1922,ilsa.khalid
1923,im.zohaib96
1924,imranshaik
1925,imroze99
1926,indukusuma473
1927,infi0508
1928,inion
1929,inorganicsynthesis
1930,inormile
1931,instandwu
1932,iod2000
1933,ionutmarean
1934,iqra.javed1591997
1935,iramire
1936,irem.karagoz33
1937,irislee050
1938,ironkaanon
1939,irwin12
1940,isaacehoffman2
1941,isaacwolstenholme25
1942,isabelgopa
1943,isanjeevsingh
1944,isankar21
1945,isimunjak
1946,iskenderk
1947,islam.helmy
1948,islam_sayd31
1949,israelp
1950,itsme
1951,itsvishnuganesh
1952,ivamatkovic93
1953,ivana
1954,ivandavidperez4
1955,ivanfsalgado
1956,ivanjkv
1957,iven2020
1958,ivorkresic
1959,ixd4
1960,iyengar1
1961,iyer95
1962,izaakw
1963,izarmako93
1964,izavatka
1965,izoahzo
1966,izuletaelles
1967,j.manlai0411
1968,j45yin
1969,j983612
1970,jaardila
1971,jaas
1972,jaboulto
1973,jaburgos6
1974,jacardenas4
1975,jack1988
1976,jack522577
1977,jackpot
1978,jacobballos692
1979,jade00
1980,jaduart1
1981,jaesungyoun
1982,jager
1983,jahanxaib
1984,jaidevdalvi
1985,jaiindians
1986,jaimealanram
1987,jaimindesai
1988,jain220
1989,jainrajat11
1990,jaisree
1991,jajtict
1992,jake.julia
1993,jakekriston
1994,jakesmorrison
1995,jakho
1996,jakrogst
1997,jalies2
1998,jaloi
1999,jalon_sisson
2000,jamalamasil2612
2001,jamalone
2002,jamartinez16111982
2003,james.lumbers
2004,james54
2005,jamesbarnard
2006,jameslin
2007,jamespatil1996
2008,jamesshannon
2009,jamessu2
2010,jandres
2011,japanavi
2012,jareddbh
2013,jartalej
2014,jarteaga1097
2015,jas.sahmbi123
2016,jasive
2017,jasmit30
2018,jason89s
2019,jasonhulme
2020,jasonkam
2021,jasperli
2022,jasukano
2023,jatin97
2024,jatinkchaudhary
2025,jatinshende25
2026,javalde88
2027,javeriaali
2028,javiermeronpino
2029,jay.parsana
2030,jayden
2031,jayesh.kakkad8770
2032,jayjadav08
2033,jaypark5769
2034,jaysawant2
2035,jayshree90
2036,jazzphysicist
2037,jbains
2038,jbalchun
2039,jbcolema
2040,jbeale
2041,jbertocc
2042,jblackw
2043,jbuehrle
2044,jburdesk
2045,jburgosb
2046,jcanan
2047,jcbutle2
2048,jchin11
2049,jchristman
2050,jchrzano
2051,jclift3
2052,jcm5832
2053,jcmccorm
2054,jcrincon29
2055,jcrosmer
2056,jcscppy
2057,jd.parada
2058,jdaliber
2059,jdcasadiego
2060,jdejesus
2061,jdh940130
2062,jdille2
2063,jdogzz.g5
2064,jdprieger
2065,jdulski10
2066,jdumblet
2067,jdurant2
2068,jeanfelipe.dfufpe
2069,jebinger
2070,jeeheelim
2071,jeff.becca
2072,jefflale
2073,jefflawrence
2074,jeg3rd
2075,jeigenbr
2076,jeisson1299
2077,jelto
2078,jengelbe
2079,jenisha12
2080,jenitajeni412
2081,jenkin50
2082,jenniferjlien
2083,jenniferselvidge
2084,jenny8523
2085,jeong4
2086,jeongyun
2087,jepazosa
2088,jeption2025
2089,jeremyender
2090,jeremyszilagyi
2091,jesi
2092,jessie7shi
2093,jestfan08
2094,jesuslopezare
2095,jfendri
2096,jfitzhu
2097,jftraynor
2098,jgee99
2099,jgiron
2100,jglazar
2101,jgrenn
2102,jgrivera
2103,jgvillalon
2104,jgwright
2105,jhaddadc
2106,jhansibaddela
2107,jhaugan
2108,jhelffrich
2109,jhendricks
2110,jherring
2111,jhescobar
2112,jhgillen
2113,jhollkam
2114,jhonseebb
2115,jhsu1
2116,jhuffaker
2117,jhulsize
2118,ji52
2119,jianfei_zhao
2120,jiang31
2121,jiang650
2122,jiangshi
2123,jianzhao
2124,jiaqiwang1
2125,jidvaze
2126,jielv1
2127,jifeixu
2128,jihoonp2
2129,jihwanch1
2130,jiimii
2131,jin376
2132,jinal.sarvaiya.js
2133,jinchizhang6
2134,jineshchouhan7057
2135,jing1995
2136,jinnuaz
2137,jinyoungpark
2138,jiyichenqi
2139,jiyuxiao
2140,jjk00122
2141,jjpangilinan
2142,jjstark2
2143,jkamar
2144,jkamedul
2145,jkastan
2146,jkchen
2147,jkinsella
2148,jkohnert
2149,jkung
2150,jky
2151,jlabani
2152,jlantxa
2153,jlbrodie
2154,jlee3725
2155,jlee4689
2156,jlenker
2157,jlin16
2158,jliu85
2159,jlkirk
2160,jlorah
2161,jlthrock
2162,jmalle10
2163,jmarin
2164,jmarsico
2165,jmcbrien
2166,jmedway614
2167,jmeisenh
2168,jmen1993
2169,jmescher
2170,jmethel
2171,jmgsioson000
2172,jmlambe2
2173,jmlim0227
2174,jmlindle
2175,jms94
2176,jmtruscello
2177,jmulvain
2178,jmxscrs
2179,jmy0002
2180,jmy079
2181,jnasiboov
2182,jnnewn
2183,jnoren
2184,joaquinbonavides
2185,jobakula
2186,jobin301
2187,jodieritchie
2188,joe510784
2189,joelasubar7
2190,jogah
2191,jogichetan96
2192,john.flowers.5
2193,john1879
2194,john2573
2195,john2811
2196,johnboss645
2197,johnfmcclain6
2198,johnnyliinfo
2199,johns149
2200,johnsonliu0406
2201,joijodegauri7
2202,jolene2
2203,joloera00
2204,jomondi
2205,jon3153
2206,jona_than
2207,jonahduerst
2208,jonaskurniawan92
2209,jonathan.baldwin.1993
2210,jonathan.davis.391
2211,jonathanlimp87
2212,jonathanmalta
2213,jonathanscholl
2214,jond
2215,jone1719
2216,jones.jonathan.david
2217,jorge339
2218,jos_fran79
2219,josephpatole23
2220,josericardo
2221,joshgabriel92
2222,joshi110
2223,joshi59
2224,joshimukesh282
2225,joshludwigsen
2226,joshuabush
2227,joshuajerkins
2228,joshuaxu
2229,josipadiklic
2230,josipaugustin
2231,jpack91
2232,jpadams
2233,jpatmast
2234,jpbefort
2235,jpcdecolombia
2236,jpdero2
2237,jphc64
2238,jphunter
2239,jpiazza
2240,jpjauw
2241,jprogers272
2242,jproksa
2243,jprom
2244,jpt5290
2245,jpvdrm
2246,jr.abishek00
2247,jrange23
2248,jrf2421
2249,jrfarinas13
2250,jrgreaves
2251,jrieger
2252,jrivero00
2253,jrkrawcz
2254,jrlawren
2255,jrmurana
2256,jryang333
2257,js.martinez777
2258,js156826
2259,jsbookworm
2260,jschirck
2261,jschortg
2262,jsciacca
2263,jsdye2010
2264,jseaton
2265,jseto1
2266,jshahani
2267,jshennin
2268,jsmangum
2269,jswilkin
2270,jtcohen2
2271,jthekine
2272,jthreatt
2273,jtlust3
2274,jtt039
2275,jturnley
2276,ju21743
2277,juampac2003
2278,juana333
2279,juancardona543
2280,juanfdo96
2281,juanfelipecaicedo11
2282,juanfhcardona
2283,juanseb98
2284,julbyk
2285,juli_cc
2286,julia.20va
2287,julia458
2288,julian.david.00300
2289,juliana.jaimes.27
2290,juliawp2
2291,julien.klauner
2292,julien.sylvestre1
2293,juliortegon
2294,julipa02
2295,julitroi
2296,juliusqueezer
2297,jung164
2298,juniorping928
2299,junknexus
2300,juraj.ovcar
2301,jwat1603
2302,jweyhen2
2303,jwfrenc2
2304,jwichlin
2305,jwlindblom
2306,jwokim
2307,jwu10
2308,jyang120
2309,jyongc
2310,jyothichandran111
2311,jyoti15thanekar
2312,jyshi
2313,jzf132696254
2314,jzhou129
2315,jzhou339
2316,jzj701
2317,jzrinjski34
2318,k.esteki
2319,k.venu459rc
2320,k25
2321,kaanbjk27
2322,kaankuncak
2323,kaayaa40
2324,kadam.rupesh28297
2325,kadiri
2326,kaeleenovich
2327,kagte24
2328,kaisasaara
2329,kaitlinj
2330,kaizhi.qian
2331,kajal.gchougale
2332,kajal1
2333,kalakesonalisnst
2334,kalpitnarvekar
2335,kalyani.aye93
2336,kalyanikoli
2337,kamath10
2338,kamman2
2339,kamranasghar
2340,kanchangorde15
2341,kane11
2342,kanjanimody
2343,kansins
2344,kantner1
2345,kanza
2346,kapil1410
2347,kaplancosku
2348,kappaswa
2349,kapsesainath
2350,kapurdue20
2351,karaaslanmustafa4534
2352,karankantharia
2353,karanshh30
2354,karapasa026
2355,karenvila
2356,karim1986
2357,karishmahirve96
2358,karlafernanda2524
2359,karlodelic1997
2360,karna1995.kj
2361,kashasan15
2362,kashifnabi
2363,katarukaamrita
2364,kate.schreiber.33
2365,katiecroft14
2366,katiyar_ravins
2367,katrin90
2368,kaunayak
2369,kausarsaleem65
2370,kaushala
2371,kaushalmalaviya5
2372,kavyamendu
2373,kaylalee
2374,kbadahman10
2375,kbarua
2376,kbebris
2377,kbrayto
2378,kbuechel
2379,kbwiens
2380,kcatania
2381,kchan
2382,kcidkcid1992
2383,kcrosner
2384,kdaningb
2385,kdornauer
2386,kdorsain
2387,kecheng333
2388,kedar.kulkarni12
2389,keen2
2390,keerthih22
2391,kegans801
2392,kelihui1
2393,kelkulanzero
2394,kelpler
2395,kelvinho0313
2396,kemawhin
2397,keniflam234
2398,kenned45
2399,kennethong
2400,kentlouis
2401,kep924
2402,kerice
2403,keryfly
2404,keshvis26
2405,kessle10
2406,ketan.db
2407,ketanbudake0707
2408,kethinenivenkatpavan2000
2409,kevandeg
2410,keve
2411,kevecan
2412,kevin726
2413,kevinkeller929
2414,kevinlooby
2415,kewang.ritsumei
2416,kganozcan
2417,kgiacobazzi
2418,kgirkar6104
2419,kgu988
2420,khadka2
2421,khajauddinali
2422,khanjee2k6
2423,khaostehnoob
2424,khapp
2425,kharoutaj
2426,khasin
2427,khauf
2428,khc6290
2429,khjj940901
2430,khotatul94
2431,khtanveer.arif
2432,khurramahmed1997
2433,khuslen2605
2434,kiaramcclue
2435,kika995
2436,kim1947
2437,kim2918
2438,kim3300
2439,kim3804
2440,kim482
2441,kimsw9506
2442,kinakeal
2443,kinef
2444,kingb8
2445,kingforever10
2446,kingston
2447,kinjoe97
2448,kinserc
2449,kiranjadhav050994
2450,kiril86
2451,kirsams
2452,kishan7172
2453,kittipoom.123
2454,kittipoom.krudpunt
2455,kjcsport1
2456,kjpatter
2457,kkalexa1
2458,kkaur
2459,kkirkega
2460,kkm11102000
2461,kkumaarpradeep18
2462,kkunte
2463,klborowski
2464,kli0323
2465,kline45
2466,klinz
2467,kliotta95
2468,klipiszk
2469,kmatsu
2470,kmjysys
2471,kmmahuvarkar
2472,knavid
2473,knights2715
2474,knoghby
2475,knordyke
2476,kodurur
2477,kolthof1
2478,komal31p
2479,kong7
2480,kong94
2481,konkasiva1234
2482,kopunovic.jelena97
2483,kornd
2484,kortee
2485,koverley
2486,kozelr
2487,kp
2488,kparsley
2489,kperrin
2490,kpezeshki
2491,kphendra
2492,kradde
2493,kramerrb
2494,kreg001
2495,kris.smith.33671
2496,krish222
2497,krishn29
2498,krishna96
2499,krishnachavan706
2500,krishnasainadh2000
2501,kristelsolera
2502,kristiancaracciolo
2503,kristinababayev
2504,krk40
2505,krleesd92
2506,krnraina11
2507,krozman93
2508,krrish2025
2509,krunal.kasar
2510,krupen3443
2511,kruti.pradnil
2512,ksagar
2513,ksalem
2514,ksalish
2515,ksethura
2516,ksharon
2517,kshemkalyanimanjiri11
2518,kshin01
2519,kshitijgaikwad
2520,kskidmor
2521,kslawlor
2522,kspano
2523,ksriley
2524,kswartzb
2525,kubra1234880
2526,kuhlenh
2527,kuhlman
2528,kuldeeppatil201093
2529,kumail49
2530,kumar167
2531,kumar212
2532,kumar537
2533,kumarrahul050892
2534,kunupark
2535,kuohanlin
2536,kurisil00
2537,kuruvila592
2538,kushalvasoya558
2539,kushwanth
2540,kuttysujit47
2541,kvansan
2542,kvogler
2543,kwhitham
2544,kwon43
2545,kyg321678
2546,kyleblu
2547,kyrwilliams
2548,kzeligso
2549,kzingaro
2550,ladekar.vrushali
2551,ladyace88
2552,lae26
2553,laladgg
2554,lamkiu89
2555,lancaste
2556,lanceaarongosioco
2557,lancekamiyama
2558,landin
2559,landryj
2560,lanre
2561,lanruiy2
2562,laplace_
2563,laris
2564,larrottanatalia
2565,larsmusland
2566,larso101
2567,lasciel
2568,laserengineer.yu
2569,lash81
2570,lata.chavan
2571,lauraldana18
2572,lauren.j.oesterle
2573,lavanya09.353
2574,lavhalerishabh1997
2575,lavicente
2576,lawren83
2577,lawrencedk716
2578,lawrencr
2579,lbj2128694
2580,lbrist
2581,lburns4
2582,lburzawa
2583,lcontreb
2584,lcozzi
2585,ldbobbio
2586,le133
2587,lebedow1
2588,lebert
2589,ledelgado2
2590,lee1022
2591,lee2614
2592,lee2692
2593,lee291
2594,lee3120
2595,lee439
2596,lee827
2597,leedj111
2598,leekesem
2599,leiche1
2600,leijin3
2601,leiyang1
2602,leiyanggz
2603,lekhakande
2604,lelouch365789
2605,leon1024
2606,leonar37
2607,leonardoemarq
2608,leonardokrleza
2609,leonsokrates
2610,leouniud
2611,lerner
2612,leteruel
2613,leticiasmonteiro
2614,leveill2
2615,leya
2616,lez94
2617,lflemin2
2618,lgamba56
2619,lgreenle
2620,lhao1
2621,lhoppenr
2622,li13175
2623,li160
2624,li1651
2625,li2467
2626,li2701
2627,li2709
2628,li2722
2629,li3239
2630,li3604
2631,li3658
2632,liang160
2633,liao70
2634,libinzhang
2635,lijuncao
2636,likita94
2637,likithreddy
2638,lillylovebug
2639,lin1297
2640,lin180
2641,lin578
2642,lincoln5
2643,linfengli0512
2644,lingyun18
2645,linjia1984
2646,linnaduan
2647,linnjr
2648,linyuhs7
2649,linzhao
2650,liqiang
2651,lisa_tondelli
2652,lithus
2653,littlemooncake
2654,littlepandayan
2655,liturbur
2656,liu.5030
2657,liu1039
2658,liu1751
2659,liu2792
2660,liu915
2661,liuchengjie666
2662,liuhao901008
2663,liul98lazy
2664,liushunyu
2665,liutao
2666,liuzhao1225
2667,liuzhenghao
2668,liuzixuan199508
2669,livz944
2670,liyuanzhe123
2671,lizlaskowski
2672,lkanwar
2673,lksh1993
2674,lkwkevin
2675,lm45000
2676,lmackin
2677,lmassolas
2678,lmeh2789
2679,lmelend1
2680,lmyhill
2681,lnimmaga
2682,lodeloray
2683,lokesh1
2684,lokeshk93
2685,lokhanderaj55
2686,lonelymoon
2687,longparallel555
2688,lopez532
2689,lorena97
2690,lorenzo.benatti
2691,lorenzoaime92
2692,lostres
2693,lou23
2694,louis8
2695,lowe52
2696,lptq1025
2697,lrigsbee
2698,lrostro
2699,lschonau
2700,lskim1
2701,lslcyc970214
2702,ltaylor
2703,lthursto
2704,ltoy
2705,lu267
2706,lu52
2707,lualpuni
2708,lucasandrade
2709,ludao822
2710,lufthansa92
2711,luiarrare1
2712,luigi1255305453
2713,luigig
2714,luis.cangas
2715,luiszelaya
2716,lujiang
2717,luka.vanjur
2718,luka18.mikoc
2719,lunamyth0126
2720,lunwei
2721,luokaihang0822
2722,lupas2
2723,luyichen
2724,lyanni
2725,lyeh
2726,lykaalexandrea.gomez
2727,lylo
2728,lzertuche
2729,lzyaml
2730,m.asiatici
2731,m.dawson
2732,m.mohsen
2733,m.naufil1
2734,m.usman
2735,ma0205163
2736,ma3xiao1
2737,ma462
2738,ma512
2739,maarij
2740,maaz777
2741,mabadri
2742,mabdal6
2743,mabdalshakour
2744,mabdulel
2745,maciasi
2746,macoi.hollins
2747,madangopalg
2748,madhuravalvaikar1208
2749,madhurisunilpatil
2750,madhuriwawale13
2751,madmaxcesar
2752,maearley
2753,maf2299
2754,maffi
2755,mafin
2756,mag189
2757,mag2293
2758,mag3718
2759,magiccarpetride
2760,magk
2761,magness
2762,magnone
2763,maha_beheiry
2764,mahalepriyaja
2765,maheede
2766,maheen03
2767,mahefatima
2768,mahendra84
2769,maheshedururi
2770,maheshreddyerri
2771,mahhammustafa
2772,maia.bush98
2773,maiaketteridge
2774,maicol41093
2775,maira
2776,maissa
2777,maithili010
2778,majadah
2779,majedfataftahnu
2780,malharvyas17.mv
2781,malhot23
2782,maliha
2783,malsoray
2784,maltarfa
2785,mamathews
2786,mamonarao01
2787,manabu
2788,manali
2789,manasi.shinde008
2790,manassardar4444122
2791,manavraina
2792,manaz
2793,mandavkarnidhi
2794,mandy
2795,maneeshreddy39
2796,manepatilpoonam111
2797,maneshweta23
2798,manfei
2799,manfei.wu
2800,mangel.hc1109
2801,mangiv2
2802,manishakolekar1994
2803,manjarekarchinmayeen
2804,manjithbose
2805,mankumre96
2806,mann51
2807,mansourh
2808,mansur
2809,manuelagiraldo1611
2810,manuelcarlo
2811,manzija
2812,mao27
2813,mao85
2814,maps1214
2815,maqsood
2816,maradiyadhaval92
2817,marcmathew
2818,marcomuzzarelli
2819,marculius
2820,marcum0
2821,maria.a.solano.otero
2822,marialc3
2823,mariamamin123
2824,marikow
2825,marin95
2826,marioguido
2827,marito
2828,maritza8
2829,marium98
2830,mariutamarius97
2831,markhettick
2832,marko.barbancic
2833,markohol93prozent
2834,markov_n
2835,marl
2836,marquarj
2837,mart1180
2838,mart1282
2839,mart1380
2840,mart1391
2841,marta.leonetti16
2842,martincala
2843,martinsolis1
2844,marwa1
2845,marya
2846,maryama3
2847,maryannquidem
2848,marzcomer
2849,masi123.mr1
2850,maswahs
2851,matasoyu9
2852,matijacicek16
2853,matijapiskacimp
2854,mato96
2855,matt_parker
2856,matteobrilli4
2857,matteorossi
2858,mattkelley
2859,mattpley
2860,maugeld
2861,mavarakamal
2862,maxiasensio
2863,maxwest
2864,mayadamarie
2865,mayamichelle19
2866,mayanair1104
2867,mayank.vp
2868,mayanksamar786
2869,mayur.agarwadekar
2870,mayureshnagvekar57
2871,mayurgaikwad1293
2872,mayurmalode8
2873,mazbradberry
2874,mbadreldin
2875,mbaqir
2876,mbeason
2877,mbeckeme
2878,mbedard
2879,mbelissary1
2880,mbj117
2881,mbmcmurr
2882,mbrefo9
2883,mbrindise
2884,mbroski
2885,mbsami
2886,mcalisto
2887,mcarrig
2888,mcarthur
2889,mccann4
2890,mcchadmc
2891,mcclure8
2892,mcdiggidy
2893,mcginn1
2894,mcginnis84
2895,mchaffee
2896,mclarizi
2897,mcleods
2898,mcornman
2899,mcsherry
2900,mcsonic
2901,mculliso
2902,mcurto
2903,mcvitkovic
2904,md1032
2905,mdaniyalmansoor
2906,mdbell
2907,mdeschne
2908,mdevito
2909,mdevoe
2910,mdhossainali
2911,mdinezza
2912,mdmeraz
2913,mdquick
2914,mdsonnta
2915,me2ma
2916,me89
2917,mecrifat123
2918,meetnayak90
2919,megan.richards
2920,megauripawar
2921,meghanaendluri
2922,mehdibandali
2923,mehdijamei
2924,mehreen
2925,mehtajinal3101
2926,melicafranco
2927,melike_musal
2928,melikedogru22
2929,melikemusal1
2930,melisozkarr
2931,melurie03
2932,meng.huang.3551
2933,mengchen
2934,mengelh
2935,menghe1993
2936,merazalfonso
2937,mero86
2938,mertcan.bayindir
2939,mertkaggle
2940,mertyamanoglu
2941,mespensh
2942,metals.engineer
2943,meugenis
2944,meyer292
2945,meyers65
2946,mf3232
2947,mfavour
2948,mfess
2949,mffarmer
2950,mfilipasic
2951,mforshey
2952,mgager
2953,mgaspers
2954,mgodsey
2955,mgubbi
2956,mhoeper
2957,mhollars
2958,mholth2
2959,mhqqasmi
2960,mhunold
2961,micdebwor2
2962,michael.jason.ku
2963,michael29699
2964,michaelfng88
2965,michaellarge
2966,michelledsouza09
2967,michielin.alessandro
2968,miftikhar
2969,mightynebula
2970,miguelv09
2971,mihaianamaria455
2972,mihaigrigorescu29
2973,mihir14
2974,mihirgogri613
2975,mihrenoe
2976,mikaelkv
2977,mike6789
2978,mikebarsaloux
2979,mikeggibson
2980,mikekesem
2981,miketeufel1
2982,mikhilk
2983,miles70
2984,milian2
2985,mill2119
2986,mill2500
2987,mille557
2988,milles35
2989,milu21111994
2990,minal.patil
2991,minalsawant143
2992,minantawadros
2993,minduka
2994,mingjiang
2995,minhalrizvi98
2996,minhdinh
2997,mirabella.odtohan
2998,mirko.capodicasa
2999,misbah
3000,mishaim
3001,missymar
3002,mistry7
3003,miuz9010
3004,mjalvarezcomas
3005,mjbuechl
3006,mjeg2700
3007,mkalenty
3008,mkanand89
3009,mkane
3010,mkarimpour5
3011,mkgeres
3012,mkhanvilkar
3013,mkkim693
3014,mkmoody
3015,mkshirke94
3016,mkshsh
3017,mlababid
3018,mladensokic
3019,mlarson7
3020,mleaf
3021,mlelshei
3022,mleppert
3023,mli47
3024,mlovell
3025,mlowney
3026,mm4764
3027,mm52032003
3028,mma5586
3029,mmalsaft
3030,mmb
3031,mmcdow4
3032,mmchu
3033,mmedina340
3034,mmelcer
3035,mmert.bacak
3036,mmghazizadeh
3037,mmilosci
3038,mminsch
3039,mmj5
3040,mmkfc
3041,mmm111
3042,mmodi296
3043,mmohdzai
3044,mmorefie
3045,mmozcan4
3046,mmshank16
3047,mnelis
3048,mnharris
3049,mnielsen
3050,mnissim
3051,mnoftz1157
3052,mnokada
3053,mns.dinu
3054,mntvit92
3055,moazza304
3056,modica1
3057,modysather
3058,moeller4
3059,moenchd
3060,mohamadatifkhatib
3061,mohamed.maher
3062,mohamedamin2010
3063,mohammad.s.harraz
3064,mohammedawney
3065,mohanc
3066,mohdshah
3067,mohit.kulkarni
3068,mohiteruchir29
3069,mohitingale5
3070,moiz95pk
3071,moizraza10
3072,monibanwar
3073,monnett1
3074,montoyah
3075,monunith
3076,mookherj
3077,moon1002
3078,moon12star
3079,moonasayal
3080,mooreo
3081,moraes.amos
3082,morechinmay123
3083,morgan82
3084,moro
3085,morroa2secondtime
3086,motobiker91
3087,moukhtari
3088,mounikajalla99
3089,moustachepash
3090,moxin
3091,moy21
3092,mozahma2
3093,mozi_zyr
3094,mpan1218
3095,mpanzare
3096,mpark
3097,mpayne
3098,mpbland
3099,mpdolan
3100,mpejinov
3101,mpisoni
3102,mplankey
3103,mprue
3104,mqgabriel
3105,mqsu
3106,mrabe17
3107,mragei
3108,mrefaat
3109,mrinalini20.shah
3110,mroczek1
3111,mrod43
3112,mrouleau
3113,mrovella
3114,mrsnef1
3115,mrunal.mhatre12
3116,mrunalb1497
3117,mruza
3118,ms286611
3119,msaada2
3120,msahsan
3121,msalguero
3122,msargen
3123,msathak
3124,mscheker
3125,msh114
3126,mshahin
3127,mshapoch
3128,mshelby
3129,msmorave
3130,msolis27
3131,mst115
3132,mstff.1clkk
3133,mstyvejr
3134,msulaima
3135,mtakcali
3136,mtechextc
3137,mtrivell
3138,mttrch
3139,mtynski
3140,mtzcardfan08
3141,mudasir
3142,mugdhapv8
3143,mugnier
3144,muhammadsami
3145,muhammadshahzaib786
3146,muhammet.korkmaz29
3147,muhannad.sa.1
3148,muhd_amir97
3149,muktat20
3150,mumairsaleem
3151,munamfarooqui2244
3152,muneebahmed95
3153,muneebp4
3154,munir1992
3155,munjal2
3156,munkhbayar518
3157,munkherdene593
3158,muralijoshap
3159,murat.kolcu.1926
3160,muratlevent
3161,murattdo
3162,murdob99
3163,murray18
3164,murtuza.shergadwala
3165,mustafaarif12330
3166,mustafacc
3167,mvenu2
3168,mverstraete
3169,mvrteja
3170,mwapepro97
3171,mwkhan
3172,mwoulfe
3173,my2404
3174,myarber4
3175,myen
3176,myeonu
3177,myjokerss
3178,mylesdlcrz
3179,myu9
3180,mzhuang10003
3181,n0ah
3182,n0dw
3183,n2ea
3184,nabdrahn
3185,nabin1
3186,nadib
3187,nadimi.sadegh
3188,nagihankececi
3189,naihapervez
3190,naik7
3191,naikabhijeet.a
3192,naikninad7496
3193,nail
3194,naivednmy
3195,najihah.ismit
3196,nakkulab
3197,nalsinan
3198,nam18
3199,namrah
3200,namrahkhan
3201,nan.jia.0804
3202,nandya
3203,nano529
3204,nanobot2011
3205,nanoe
3206,nanohub1
3207,nanopitt
3208,nanoquan2016
3209,nanotie
3210,nanoxzapata
3211,nanto1
3212,naren.ambwani
3213,narenambwani04
3214,nareshpola
3215,narvekarsushant0
3216,naseerhakeem8
3217,nashitharoon
3218,nass_sare
3219,nate.stephon
3220,nathanknodel
3221,natoli0
3222,natsagaa_elec
3223,navee3
3224,navneetmishra021
3225,navnitkumar1224
3226,nawal1516
3227,nbaker
3228,nballint
3229,nbarbie
3230,nca46
3231,ncalta
3232,nch863
3233,ncoronas
3234,nczapla
3235,ndg2119
3236,neesea
3237,neetavarkute
3238,neeturaj
3239,neev.kiran
3240,nehalibagwe
3241,nemanja95ru
3242,nepuente
3243,neslihannayy
3244,nesquiv
3245,nestor.lobo
3246,nestor1995
3247,neven
3248,newell1
3249,ngasteyer
3250,nghadial
3251,nghaisa
3252,nguye492
3253,nhammel
3254,nhosgg
3255,niaznasir18
3256,nicholashusen
3257,nickawieber
3258,nickw3000
3259,nicolas.dehalleux
3260,nicolasdiaz200308
3261,nicolash025
3262,nicolasmontoyaescobar
3263,nidayousuf25
3264,niebrug1
3265,nielsent
3266,nihanth1209
3267,niharikasarode
3268,nikheel_mutha
3269,nikhil005
3270,nikhilch
3271,nikhiljadhav.jadhav40
3272,nikhilkumthekar1994
3273,nikita.us
3274,nikita2
3275,nikitabhise38
3276,nikitamore932
3277,nikitasridhar14
3278,nikjo504
3279,nilesh2551994
3280,nileshkartik95
3281,nimalec
3282,nimish.parkhi
3283,nimishakurup857
3284,nimmyloving
3285,nimrah
3286,nin
3287,ninadsc96
3288,ninawe14
3289,niranjanbhavsar2491996
3290,nirmalbarmanphysics
3291,nisha89
3292,nishad1994
3293,nishad9mhatre
3294,nishadkolheict
3295,nishanth1101
3296,nisith88
3297,nissrin
3298,nitiiinbaranwal
3299,niveshvaze
3300,nivipetkar
3301,nizamdelhi25
3302,njlove
3303,njr85
3304,njs310
3305,njtucker
3306,nk13
3307,nkamdar
3308,nkhuu
3309,nkjorgen
3310,nklobucar
3311,nkpuga
3312,nkwolek
3313,nljacobs5
3314,nlowrey
3315,nmchang2
3316,nmdenison
3317,nnswyger
3318,noahnuta
3319,nolanakelly
3320,norad0
3321,norayang99
3322,nottinge
3323,npava55
3324,npcalarc
3325,npschult
3326,nrjacob1
3327,nrkeen
3328,nrobison
3329,nrsyed
3330,ns23
3331,nshamsi
3332,nspoentgen
3333,nsubash30
3334,ntiwari
3335,nullaa
3336,nurazwab081810444
3337,nurelmiera99
3338,nvnreddy418
3339,nwarin
3340,nylund
3341,nyudewit
3342,nzussbla
3343,oakbulut1997
3344,obalgi3095
3345,obriencaitlin20
3346,ocampor5
3347,ocelebi2
3348,odary
3349,odorr
3350,oh262
3351,ohdannyboy25
3352,ohjeremy
3353,ojiow
3354,oknky
3355,oktayhalitekinay
3356,olazz
3357,olinwolfgram8
3358,olipeoplee
3359,olson171
3360,omar.bakry.eece
3361,omar0
3362,omarak2
3363,omarlinarez
3364,omarmonem
3365,omerfaruk
3366,omikarvekar
3367,omkar.bane13
3368,omorenof
3369,ompatel13101995
3370,omprakashjha24
3371,onadikrishnareddy72
3372,oopsbaby
3373,oreotime
3374,orsi
3375,orthm
3376,orvanano
3377,osantang
3378,osarenk1
3379,ou4sdripmv
3380,owaisbashir26
3381,owaisbukhari257
3382,owen22
3383,ownbey
3384,oyesj97
3385,ozcanguclu
3386,ozgajobs
3387,ozgurdenizkozan
3388,ozumkocaman9
3389,p1jain
3390,p20vl001
3391,p20vl004
3392,p20vl005
3393,p20vl011
3394,p20vl018
3395,p20vl021
3396,pablo.torrespz
3397,padianilanil143
3398,pagarnikita13
3399,page10
3400,palwashazafar
3401,pam2175
3402,panchalparth417
3403,pandes
3404,pandey
3405,pandey39
3406,pandubabu819
3407,pangano1
3408,pankajsalunkhe23
3409,pankhuri
3410,pao1
3411,paolino.da01
3412,parabmahadev34
3413,paragbhandarkar
3414,paragdeshpande
3415,paranjape2
3416,paresh761
3417,parikh54
3418,parikhnisarg19
3419,park1267
3420,paromita24
3421,parthiv.parikh
3422,pashea1
3423,pashterohan7
3424,pasrich2
3425,pastorin
3426,pate1421
3427,patel357
3428,patel632
3429,patel731
3430,patil52
3431,patilmonika681
3432,patilpratu1111
3433,patiltb
3434,patilvd7511vd
3435,pattiya2002
3436,paul.j.gasper
3437,paul115
3438,paula.osorio2222
3439,paulgabrielm
3440,paulsonj
3441,paulwite
3442,pavan52522
3443,pavanmkodam
3444,pavi1
3445,pawar10
3446,pawargeeta177
3447,pawarpratap555
3448,payal.vazirani
3449,pbhaveshv15et
3450,pcastagn
3451,pchivukula
3452,pcm10109
3453,pdcurtis
3454,pdgannet
3455,pdh2
3456,pdickinson
3457,pdressma
3458,pearlie1995
3459,pedro_jamorozo
3460,pendkeomkar
3461,penis
3462,pepito
3463,peppece14
3464,perri1612
3465,perrinm
3466,perry179
3467,peter012348
3468,peter13391339
3469,peter341007
3470,peter514
3471,peter_thissen
3472,peterhjones14
3473,peterjaybee
3474,peterkang890803
3475,petermathias
3476,petiepiranha
3477,petrini
3478,pettand
3479,pfcarrol
3480,pghaneka
3481,pgonha
3482,pgrozic
3483,pguleria
3484,phanik
3485,pheithof
3486,pherr123
3487,phhuang
3488,phill342
3489,phillhamer
3490,philli69
3491,phillip.falcone42
3492,philly_d
3493,phoutz
3494,piaiamatteo
3495,piaoranye
3496,pietro.carrara
3497,pikachu1998
3498,pilars
3499,pillai7
3500,pillari3
3501,pimperlajz
3502,pinehsh728
3503,pistachita
3504,pixton1
3505,piyayott9
3506,pkaundin
3507,pkhade2277
3508,pkkp2991
3509,pkulkarni
3510,plander3
3511,plg2
3512,pliu1991
3513,pmarchan
3514,pmarla
3515,pmartin9
3516,pmpoyman
3517,pnakate
3518,pnghate
3519,pniemer2
3520,podililaxmi30
3521,poiuy1134
3522,pokemeng
3523,polania.andres.a
3524,polireddychaitanya
3525,pombi
3526,ponasp
3527,ponchitofam
3528,ponnerinitheesh1234
3529,pooja9702.pm
3530,poojabatawale96
3531,poonam2499
3532,powar.prajakta111
3533,powerplayer7
3534,ppagadua
3535,ppaul2
3536,prabhara
3537,prabhudesai.gaurang.p
3538,prachi.more
3539,prachiamrutkar16
3540,pradeep17mnt0013
3541,pragatidhekale
3542,pragyakushwaha
3543,prahlada_reddy
3544,prajeish123
3545,prajoth.fernandes
3546,pramesh
3547,pramesh2
3548,pranali.kokate9
3549,pranav.ss
3550,pranavbade
3551,pranavpage33
3552,pranitgirkar
3553,pranittambde
3554,pranjal17
3555,pranjal8287
3556,pranjali26
3557,pranotikumbhar1411
3558,prateekgt
3559,prateekj212
3560,pratham201294
3561,prathamesh.nikam
3562,prathemeshjd3200
3563,prathmeshgurunathparab
3564,pratibhagawari28
3565,pratik2225
3566,pratikkavale11
3567,pratimasiva98
3568,pratz98
3569,pravalikabaireddy395
3570,pravallika94
3571,praveenapprasad
3572,pravin8290
3573,prcantwe
3574,predatorhunter51
3575,pree2cool
3576,preethinaik
3577,preeti.suryawanshi
3578,prernasingh
3579,prestons117
3580,pretenderjl
3581,prietonico
3582,primigenia6190
3583,pritam.snst
3584,pritesh.roy27
3585,pritilatajadhav
3586,pritinakhate96
3587,pritipatel
3588,pritish.das
3589,priyaj1235
3590,priyanka.chavan.s.pc
3591,priyankakunde22
3592,priyankapandya19
3593,priyankawani
3594,priyu0964
3595,priyupawar0797
3596,prnolan
3597,pro711
3598,procss2696
3599,prusinakatarina
3600,ps22ghule
3601,psardana
3602,pschavan.9
3603,pshashi
3604,pshenai
3605,pshetty3
3606,psternativo
3607,pstroik
3608,ptwethin
3609,pudovii
3610,pulkit
3611,punamdubal47707
3612,purusrini
3613,pushkarvaity
3614,pvuong3
3615,pwalimbe
3616,pwwessle
3617,pxnguyen1
3618,pyami95
3619,pyles
3620,pyzang
3621,q1091551527
3622,qadeersial
3623,qaumyou
3624,qazyyc93
3625,qianhui
3626,qianyuz482
3627,qin177
3628,qiuyuw2
3629,qjohnnyp
3630,qkrrjsxor12
3631,qm3ngv
3632,quan8
3633,quanyuhui
3634,quanz
3635,quiyax
3636,qx3kbenzene
3637,qz2422
3638,r.jayakumar2017
3639,ra2910
3640,rabbiyanasir
3641,raberezi
3642,rabhiji
3643,rachanamane7447603186
3644,rachelhatano
3645,raclark93
3646,racoonrick
3647,racotter
3648,raderc
3649,radhika30
3650,radnus89
3651,raelyn
3652,rafrubgar95
3653,raghu.shirodkar
3654,raghunandan.m.rao
3655,ragnaros
3656,raheel35
3657,rahul.jain991
3658,rahul.patil
3659,rahul.sawant
3660,rahul.ys
3661,rahul1990
3662,rahul2011star
3663,rahulbirwadkar123
3664,rahulkulkarni301
3665,rahulsrikonda04
3666,raissa_caputo
3667,raj.vadariya
3668,raj.velani
3669,rajaemaster
3670,rajani
3671,rajas.b
3672,rajasantosh6
3673,rajmandirsingh
3674,raka
3675,rakam2
3676,rakeshpatil9271
3677,rakheja
3678,rakibhyder
3679,raktim
3680,rallyemenz
3681,ralph.rodrigues69
3682,ramaith1
3683,ramonasuruianu98
3684,ramonemiliani93
3685,ramos
3686,ramotsai
3687,ramshaiqbal3
3688,ramya143
3689,ranajay1997
3690,ranegirish24
3691,ranjanjadhav1234
3692,ranju.raj18
3693,ranyangluo
3694,raom
3695,rapizor
3696,raquelhg
3697,rasha.thr
3698,rashin.ap89
3699,rashmithanair5
3700,rathi4
3701,rav2144
3702,ravesun
3703,ravichak
3704,ravina.chavan42
3705,rawletanmayee46
3706,raynsic7
3707,razavi_nader
3708,razorhoop07
3709,rbpeders
3710,rburke12
3711,rc.moreno1084
3712,rcarre5
3713,rchaconp
3714,rciez2125
3715,rcrawfo2
3716,rdelara2
3717,rdinnell
3718,rdpritch
3719,rdtaylor
3720,realblackwisen
3721,reaper117
3722,reckel
3723,red6290
3724,reddcube
3725,redfox
3726,rehan.piac
3727,rehansonarkar784
3728,reid73
3729,reiter.web
3730,ren102
3731,renben
3732,rene.lamb.7
3733,reploglj
3734,researcher13011413
3735,respected55
3736,reubenalexander2010
3737,reubenpaul34
3738,revati27
3739,rexchen2
3740,reyno105
3741,rez123
3742,rg8655285873
3743,rgalley
3744,rgeorge
3745,rgnavarr
3746,rgole02
3747,rgulo001
3748,rgvargas
3749,rharper100
3750,rhdcor05
3751,rheakhanna
3752,rhera312
3753,rhinesj
3754,rhodes6
3755,ricardocastillejo
3756,richa.chandra94
3757,richard.noronha
3758,richardzhang
3759,richg
3760,ridgea
3761,riesch
3762,rifatarashams
3763,rimal.ozair16
3764,ritesh.shukla
3765,rituraj1490
3766,rizqdo
3767,rj23s
3768,rjaiswa
3769,rjgarman
3770,rjlarrab
3771,rjpjr
3772,rkillen
3773,rkorkosz
3774,rlaalscjf2626
3775,rlilley
3776,rljacks4
3777,rlopezpa
3778,rlschnei
3779,rmadhuja
3780,rmahmud2
3781,rmarchewka
3782,rmarmol88
3783,rmcgrail
3784,rmotyka
3785,rms.maurya21
3786,rmuoio117
3787,rn11
3788,rnair10
3789,ro3t3ch
3790,robel.arega.5
3791,robert59
3792,robertocro
3793,robertra
3794,robertturner253
3795,robin451
3796,robin497
3797,robisonj
3798,robya
3799,rocky.hossain1990
3800,rodri190
3801,rogue555
3802,rohan.pawar
3803,rohan.sanghavi
3804,rohanbandal93
3805,rohanpatni
3806,rohit.sharma2017
3807,rohit.upadhyay017
3808,rohit_peesa
3809,rohitnair77880
3810,rohitrane500
3811,rohitwaghmare1997
3812,rohsh67
3813,rojas3
3814,rollere
3815,rollno4n5
3816,roloscool
3817,romack0
3818,romain.scaffidi
3819,romany
3820,romashudow
3821,ronal_denho_931
3822,ronanrice
3823,ronnesha.wingo
3824,ronraviram789
3825,rope.planb
3826,rosboro1
3827,rose4
3828,ross217
3829,rosscarnahan
3830,rossdwolf
3831,rostak1
3832,rouget
3833,roy18
3834,royanaderi12690
3835,roybell
3836,royer4
3837,roylee3
3838,roysoumya
3839,rozycki
3840,rpaldi
3841,rpark216
3842,rpatchin
3843,rpithadi
3844,rranshin
3845,rroggema
3846,rrvy8020
3847,rrx1992
3848,rschmechel
3849,rschmid2
3850,rsears4
3851,rsilvas
3852,rstang2
3853,rstein1337
3854,rsthomps
3855,rsulliv7
3856,rtibrewa
3857,rtow1
3858,rtrafele
3859,rturk8292
3860,rturner
3861,rubabzehra26
3862,rubarasheed5678
3863,rubicon777
3864,rubina
3865,rucha1795
3866,ruchi61
3867,ruchipendse
3868,ruchira_ghule
3869,ruchirasa123
3870,ruff13
3871,ruihan94
3872,rukhmanirai
3873,runakshi97
3874,runfree909
3875,runnerdude47
3876,runyul
3877,rupali1891994
3878,rupeshirkar11
3879,rushikeshkharat18
3880,rutherfb
3881,ruthvilohar
3882,rutins.guntis
3883,rutu.gawande06
3884,rutujaamate68
3885,ruturajpujari
3886,rutvikstar
3887,rutwik.patel
3888,rvanden
3889,rvenkate
3890,rvmsnaidu
3891,rvulich
3892,rwasem
3893,rweedon
3894,rweibel
3895,rxu22
3896,ry877
3897,ryadav03
3898,ryanhahaha
3899,ryanlim2
3900,rylax2389
3901,ryroy
3902,rzuravel
3903,s.arutwar
3904,s.divyalakshmi
3905,s.guerrero3
3906,s.m.bahazad
3907,s.mendez10
3908,s.rangaraj
3909,s.villamilp
3910,s282301
3911,s3668492
3912,s3692401
3913,s400py
3914,s4rahlim
3915,s59
3916,saba96
3917,sabaq165
3918,sabinadzafic1
3919,sabintandukar
3920,saboa
3921,sabolton
3922,sabrady619
3923,sabriagus26
3924,sabrina0850
3925,safiahrehman
3926,safreita
3927,safreyle
3928,sagar.mujpara99
3929,sagar.pokhariyal
3930,sagefr
3931,sagmadkam
3932,sagundalairajendran
3933,sahays
3934,sahernandez3
3935,sahil.sawant031996
3936,sahil.sonar24
3937,sahil8rai
3938,sahilberde
3939,sahilboble25
3940,sahilmagdum
3941,sail
3942,saipraneett
3943,saipranith257
3944,saipriya.tummala2018
3945,sairakayani07
3946,sairam2535
3947,sajadali001
3948,sajia001
3949,sakibmohammad
3950,sakif04
3951,sakshi12
3952,sakshiarte
3953,sakshisawai
3954,salama420
3955,salcaburak
3956,saleem_008
3957,saleh.uw
3958,salemvin25
3959,salfano
3960,salianyatish111
3961,salkuofm
3962,salvini
3963,salvir481
3964,samaddertarun
3965,samar.moustafa791
3966,samart19
3967,samet1231234
3968,samiyajabbar
3969,samkam
3970,samrider
3971,samsonkajar
3972,samuelblair17
3973,samuele.capello.2001
3974,samuelzhang
3975,sanchez_kevin
3976,sandeepk
3977,sandeepkmbl136
3978,sandhyayadav
3979,sandracore21
3980,sanduramona75
3981,saniamahrukh1998
3982,sanika.pandharkar
3983,saniyasnair
3984,sanjiv3damo
3985,sankalpkota
3986,sankeshi.supraja
3987,sanket.mane
3988,sanket.r.makwana
3989,sankethedduri
3990,sanketkadam.sk
3991,santhoshnn134
3992,santiago.laravalle
3993,santiago856
3994,santoshiparab11
3995,sanvarp1
3996,sapnabhandary31
3997,saqibalisidd
3998,saqibkamal
3999,sara262
4000,sarahacs
4001,sarahb1
4002,sarang.umarji
4003,saranokiseki
4004,saraquaini96
4005,sarasedighi
4006,sarmistha.brh
4007,sarode
4008,sarvesh.sawant
4009,sarveshbhoer158
4010,sarveshgrao
4011,sasteph
4012,satyaganesh12
4013,saumyar.1996
4014,saurabhsingh1
4015,savysaville
4016,sawant.vaishnavi25
4017,sawantshubham54
4018,sayali_m9
4019,sayalimhatre7195
4020,sayeed85
4021,sayeedec
4022,sayhello2rishavsagar
4023,sayli.shevade
4024,sayujya.nair
4025,sbarber4
4026,sbawaney
4027,sbodhe9
4028,sbukzam
4029,sc21cn
4030,scalise1
4031,scalvert
4032,schafersm
4033,schipman
4034,schuman1
4035,scmullapudi
4036,scolbert
4037,scorpion3132774171
4038,scortanustefania
4039,scott524
4040,scropio111
4041,scroskey
4042,sctsid98
4043,sd226
4044,sdibenedetto
4045,seagraves
4046,sean.babcock
4047,sean.barowsky
4048,seanilla
4049,seanm
4050,seanryan
4051,seanyen1
4052,seasay11
4053,sebas.villaba2002
4054,sebas1501
4055,sebastian.bairo
4056,sebastian.grott
4057,sebastian.wachowski
4058,sebastianbeto2015
4059,sebastianmoya2002
4060,secarmea
4061,secripe
4062,sedgerto
4063,seemamishra
4064,seesea20086
4065,sefakahriman77
4066,seher
4067,sehuyn2
4068,seijiidachi
4069,seiko_anarjin
4070,seklug
4071,selenelevis
4072,selesua
4073,selvara0
4074,senanurcetin96
4075,sendpost2mahesh
4076,seobstantial
4077,seokju88
4078,seonjaekim88
4079,serdememen
4080,serekson
4081,sergiocamilo97
4082,serhatkahraman183
4083,serickson3
4084,seven44940
4085,seyryu1
4086,sfacchin88
4087,sfallon
4088,sfanou2
4089,sfb_baig
4090,sfelton
4091,sflt317
4092,sfrissel
4093,sglynn
4094,sgrzych
4095,sgu20111399
4096,sgu20111478
4097,sgu20121423
4098,sgu20121462
4099,sgu20121468
4100,sgu20121480
4101,sgu20121481
4102,sgu20121510
4103,sgu20121526
4104,sgu20131440
4105,sgu20131466
4106,sgu20131480
4107,sgu20131486
4108,sgu20131499
4109,sgu20131504
4110,sgu20131509
4111,sgu20141385
4112,sgu20141403
4113,sgu20141450
4114,sgu20141459
4115,sgu20161283
4116,sgu20161541
4117,sgu20171498
4118,sgu20171537
4119,sgu20171544
4120,sgu20171559
4121,sgu20181329
4122,sguerra339
4123,sgupta32
4124,shabnashreej
4125,shafiqul.eee.buet
4126,shagaman
4127,shah19
4128,shah4u19
4129,shah714
4130,shah721
4131,shahram95
4132,shaikhkarnekar
4133,shaiksultan.1992
4134,shaile2584
4135,shailendramaurya
4136,shakiba.sadeghi
4137,shalalkhan18
4138,shally
4139,shalmalirburse29
4140,sham1997
4141,shamalshingte677
4142,shamsa
4143,shanbin
4144,shanehwa
4145,shankha1990
4146,shankharimeenu
4147,shannonlip
4148,shantanu123
4149,shantanupanigrahi98
4150,shao11
4151,shaonbarua
4152,shapir11
4153,sharan.raikhangar
4154,shardul
4155,shariq.khi
4156,sharlow
4157,sharm284
4158,sharm524
4159,sharma.ayushi8c
4160,sharon12564
4161,sharonsebastian333
4162,sharp1988
4163,sharp82
4164,sharvaridalvi301
4165,shashankrane12
4166,shashanksingh4000
4167,shashankverma148
4168,shashikantbagade
4169,shashmish01
4170,shatonymouse
4171,shaunj
4172,shawnad
4173,shawnc2
4174,shawnwhitman
4175,shawutss
4176,shayanali
4177,shc1518
4178,sheebahashmi0
4179,sheebaishtiaque.102
4180,sheetal.n441
4181,sheetalchaudhari2210
4182,sheharyarsamad
4183,shehraaz
4184,shehram786
4185,shehzad83
4186,shehzad_ahmed10
4187,shehzu94
4188,sheidarezai
4189,sheikhaman2012
4190,shekharpatil1167
4191,shen338
4192,sherazahmed_021
4193,sherwood_lee
4194,shettynitin667
4195,shettysachin824
4196,shevekarrohan
4197,shfinal
4198,shibssalian
4199,shihh1106
4200,shileiiit
4201,shin34
4202,shindedeepak129
4203,shingyien085062
4204,shiou2
4205,shireeshakonda483
4206,shirinkami
4207,shirishparkhe
4208,shirsekarakash
4209,shivamrawat1.95
4210,shivani.malandkar30
4211,shiyu2011
4212,shobin
4213,shollow7
4214,shoughton625
4215,shraddhagadankush1998
4216,shraddhasam78
4217,shrawanikadam
4218,shreeyarane19
4219,shreeyash6
4220,shrey.joshi
4221,shreya.mahajan
4222,shreya9609
4223,shreyahonagekar04
4224,shreyan
4225,shreyas.v
4226,shreyasgawali123
4227,shreyasnaravane
4228,shrikant4dulewad
4229,shrikantppmurkute
4230,shrimohite13
4231,shrinathnair
4232,shripal17
4233,shrirangsatbhai
4234,shriswaroop
4235,shrivastavsomesh
4236,shriya17
4237,shruthivs
4238,shruti.ganjoo97
4239,shruti1205
4240,shrutis31
4241,shrutisalunkhe170
4242,shrutisharma
4243,shubham.lunawat
4244,shubham.patil585
4245,shubhamyadav
4246,shubhrapatil77
4247,shujjat
4248,shunzhilok
4249,shuotian
4250,shwet
4251,shwetalizambre
4252,shwetanshubipul
4253,shyamm1987
4254,shyampadhi2
4255,shyno2011
4256,shyuanyang
4257,shzhang
4258,siangshengtu
4259,sicelo
4260,siddhant
4261,siddhant.d
4262,siddhant319
4263,siddhantwarankar
4264,siddharthmanu500
4265,siddhesh.soyane
4266,siddhesh.y
4267,siddheshgothankar
4268,sidewayshoot
4269,sidrah.khan
4270,sidrah.mukhi
4271,siffsco
4272,sigma
4273,siimsalum
4274,silverstons
4275,silvio_ac
4276,sim1313
4277,simon38
4278,simone_travagliati
4279,simong2
4280,simran.mulik
4281,simy
4282,sinabuet
4283,sinalkarshweta5
4284,sinam
4285,sinanag
4286,singh.aniruddh92
4287,singh152
4288,singh5987
4289,singh64
4290,singhharesh
4291,singhrajkarn1699
4292,sinha54
4293,sinlessdev
4294,siqicheng
4295,sisodiya.jaks71
4296,siu850007827
4297,sivan01
4298,sivarampg
4299,siwin2
4300,sj
4301,sjaonline
4302,sjfigurs
4303,sjhoon96
4304,sjlofy
4305,sjsadovy
4306,sjtulwt
4307,sjwkillsjw
4308,sk8rvideo
4309,skalkste
4310,skaphle
4311,skavud1
4312,skelsaye
4313,skhawal
4314,skimonkey1092
4315,skky9977
4316,skunapul1508
4317,skunduru
4318,sky_nmy
4319,skylar.woodard
4320,skzollinger
4321,slaurids
4322,slee18
4323,slillig
4324,slin471992
4325,slinanromero
4326,slorenz
4327,slosing
4328,slui
4329,slzrcrt2
4330,smackthatjohn
4331,smaddur
4332,smadrigalb247
4333,smahamulkar1013
4334,smallik
4335,smarangk
4336,smarion
4337,smdesrochers
4338,smetana4
4339,smilanos
4340,smilingdonglin
4341,smit3177
4342,smit4180
4343,sml257
4344,smoonbuk
4345,smriti.sivadas96
4346,smsandee
4347,smsayali79
4348,smtjoy
4349,smural23
4350,smurali2951
4351,smyrick
4352,snanav3
4353,snappa
4354,snathell
4355,sneha9211
4356,snehaadak
4357,snehalbhosale421
4358,snehlatapatil1072000
4359,snowling
4360,snowmanam2
4361,sofikgn786
4362,soharikareddysura2000
4363,sohelrana
4364,solimana
4365,somani8
4366,somil910
4367,son536
4368,sonalchhapriya23
4369,sonali.bhujbal1
4370,sonali.ramji
4371,sonawane.akshayak
4372,sonerkar
4373,song148
4374,song498
4375,song517
4376,song_hust
4377,songj6
4378,sonicbro
4379,sonid
4380,soniyamariya
4381,sonoftheson
4382,sooraj.soliel
4383,soto27
4384,sourabhkothari16
4385,sowinsk2
4386,sp194306
4387,sp4012
4388,spadin1
4389,spam97
4390,spampione17
4391,spaxorid
4392,spidstrad
4393,sprovost
4394,spshanbhag602
4395,spudster
4396,spuranam
4397,squall_jotc
4398,sramadasappa
4399,sravankumar
4400,srayasam
4401,sreedharan.akhilesh
4402,sreekanthnambi205
4403,sreelekhareddy1999
4404,sreepuramsravani
4405,sreeya_suresh
4406,sreya.pal64
4407,srikanthr9
4408,srivishal2110
4409,srjones92
4410,srujan1218
4411,ssakib.du
4412,ssaraga
4413,ssatam23dps
4414,ssd2017
4415,ssdlab
4416,ssdlab420
4417,ssederberg
4418,sshailee270
4419,sshelar01
4420,sshudano
4421,ssj4gotenks
4422,ssonde
4423,ssong64
4424,sstankic
4425,sstep117
4426,sstrasser
4427,st3113
4428,stancuelenamihaela05
4429,stapletl
4430,star0805
4431,stark22
4432,starring
4433,stclaire
4434,steele61
4435,steend
4436,stefaniavalenza
4437,stefano.righi1994
4438,stefanogiannini00
4439,stefenlagos
4440,stephae
4441,steve6707
4442,stevenren0911
4443,steviparker
4444,stevroid
4445,sthurman95
4446,stkerr
4447,stko
4448,stocknerd
4449,stpt37
4450,stran2
4451,stringyan
4452,stsaw97
4453,sturt1
4454,subodh19161
4455,suchan.naresh
4456,suchitrapatil0720
4457,suchitraravan77
4458,sudhamaurya
4459,sudhanshupkamble1999
4460,sudzi781
4461,sufimazli90
4462,sufyan83
4463,sufzpq
4464,suh56
4465,suh73
4466,sujan81
4467,sujeetp5555
4468,sukanya93
4469,sukhpreet11234kldfhd
4470,sukhusukhu
4471,sula10
4472,sulkin
4473,sumaiyya.kazi94
4474,sumasalian96
4475,sumayya
4476,sumitmhatre
4477,summerleaf
4478,sumyafire1
4479,sundstr2
4480,sung66
4481,sungjooncho
4482,sunilzxa
4483,sunrish
4484,supermeatboy
4485,sur405
4486,suraj.taigade
4487,suraj0707shelake
4488,suraj348
4489,surajbhoite1
4490,surajksharma7
4491,surbhib2897
4492,surya99
4493,sushantbajpai0
4494,sushblooms1
4495,sushira
4496,susme2020
4497,sutchaya
4498,suthar.kalpesh57
4499,suyash.karle
4500,suyash.sc
4501,suzannas
4502,sv.rojas
4503,sv0031
4504,svaselan
4505,svaze
4506,svendsen
4507,svora
4508,sw3023
4509,swaksharsen
4510,swapnalikitha
4511,swapnalip.kamble
4512,swapneil.hirulkar
4513,swapnilpatil8072
4514,swaroopa
4515,swaroopamaloth19
4516,swathipanchala
4517,swatimane176
4518,swchang
4519,swearen1
4520,sweene26
4521,swetha.yadas60
4522,swm88er
4523,swoper
4524,swrowe78
4525,sxiexie
4526,sxma2r
4527,syadav05
4528,syafiqah97
4529,syan4
4530,syedaamna
4531,syedzainrock8
4532,syfoo
4533,systartup
4534,szaleski
4535,szanjani16
4536,szipparo
4537,szukowski
4538,t103830004
4539,t8na
4540,taalexa2
4541,taegjin87
4542,taeho81909
4543,taher.c
4544,tahira
4545,tai8
4546,tainaracescate
4547,tajdaniel
4548,tajugole
4549,takagi1
4550,takalesusmita
4551,take0903
4552,takoda40
4553,talafrost
4554,talayhalil2626
4555,tan.ozdogan
4556,tan254
4557,tandra23
4558,tangqian
4559,tanlyleo1994
4560,tanmay9
4561,tanoue
4562,tanvi2881998
4563,tanvinj1
4564,tao37
4565,tao7
4566,taol190799
4567,taoli
4568,taoyeucm
4569,taqdeesm3
4570,taqi
4571,taqveen
4572,tarvitz
4573,tashit
4574,tate.robertson
4575,tath
4576,tawadesiddhesh1994
4577,taylor
4578,taylorah
4579,taylorolp99
4580,tbermea
4581,tbhubble
4582,tbosie100
4583,tchajed
4584,tchen135
4585,tcvitanic
4586,tdarmon20
4587,tdbuechler
4588,tdeucher
4589,tdougan
4590,techn720ab
4591,teenagewasteland93
4592,tehmonk
4593,tejashree.gore
4594,tejask2610
4595,tejasvi
4596,tejaswinipowar07
4597,tejaswitabhanu
4598,tejdhupkar
4599,terekhovpd
4600,terodactyl
4601,testeremre70
4602,tevfikdingecoglu
4603,tglavan
4604,tgokey
4605,tgroom
4606,tgrotzer
4607,thafner
4608,thartman
4609,the.notorious.djg
4610,thealbert
4611,thealmightycj
4612,theblacktigerultimate
4613,thedhowithpants
4614,thefelix
4615,theforsaken23
4616,thefreeliar18
4617,theurgeboat
4618,thoma501
4619,thomashanrahan333
4620,thomp340
4621,thoravekalpesh
4622,thuqsy1995
4623,thwolfe22
4624,tiago.ferreira
4625,tianheran
4626,tiaracorchado2
4627,ticody
4628,tingbiao
4629,tiraler
4630,tischer1
4631,tita_feg
4632,tjacks4
4633,tjday
4634,tjoung2
4635,tjweber2
4636,tjyzju
4637,tkinard1
4638,tklauner
4639,tmahlma
4640,tmbutler
4641,tmerick1
4642,tmueller44
4643,tna99ke
4644,tnalse
4645,tnoor
4646,toan52
4647,toblerone16
4648,toderobinson141
4649,tomaslarsson
4650,tomasrubiano
4651,tomic2
4652,tompkinj
4653,tongyangshi
4654,tonigaam
4655,tonnytang8
4656,tonyducvo
4657,tonysweet
4658,topperwa
4659,torken
4660,toroserkan
4661,torre188
4662,torsr2
4663,toujours.meiling93
4664,tovarbr2
4665,tpackows
4666,tpour3491
4667,tprati
4668,tqiu
4669,tracyelkhoury
4670,transegn1
4671,tremblay
4672,tripathishivam342
4673,trishapatkar19
4674,tristanolsen
4675,trived12
4676,troskyh
4677,tsa309
4678,tsambor
4679,tsaucer
4680,tsavey
4681,tscheidl
4682,tschnepf
4683,tschumann
4684,tseveendorj0808
4685,tsforman
4686,tshirk17
4687,tstrzele
4688,tsw2135
4689,tthomasg
4690,tu37
4691,tuberkargan
4692,tuckergm
4693,tuckerz
4694,tugay95
4695,tugbakoyuncu99
4696,tulika91
4697,tumblesoup
4698,tumennasanbuynkhishig
4699,turnera14
4700,tuscanowtsheryl128
4701,tushar.t.rao
4702,tushar.wadhaval
4703,tusharkumar
4704,tusharmore
4705,tux42
4706,tvh82
4707,tvisnic
4708,tvulich
4709,twildb00
4710,twilightdream37
4711,tyang66
4712,tydiercks
4713,tylersstevenson
4714,tylerwanderson
4715,typete57
4716,tyson3
4717,tzhou2
4718,tzihra14
4719,tzion.1987
4720,uasoluka
4721,ub2wark7pe
4722,ubajwa
4723,ubhaskar
4724,ucawuruo
4725,uclahuangxin
4726,uditsharma101
4727,uditvira
4728,ufuk
4729,ugur
4730,ujeshpatel92
4731,ujmatamboli97
4732,ujwala.pol
4733,ul08034
4734,umana1001
4735,umerkhan95
4736,umerzia
4737,umeshlohote
4738,unlvengineerj
4739,unolily
4740,unvora216
4741,uravi
4742,urmilabachate20
4743,urvi.panchal
4744,usoppo
4745,uuraechu
4746,uyanga59
4747,uygarelmali
4748,uzaif
4749,v.cardonac1
4750,v3lox
4751,vadabala
4752,vaibhav.gangan7
4753,vaibhav.vaidya
4754,vaibhav206rsm
4755,vaibhavkokare2011
4756,vaibhavnagar08
4757,vaibhavsrivastav653
4758,valeriamg
4759,valerio.actis.d.c
4760,valerio_nori
4761,vamsi2cool
4762,vanillayyy
4763,vank
4764,varadmeradost
4765,vargas3
4766,varikuti
4767,varma096
4768,varshada15
4769,varshitharamu118
4770,varun4varun
4771,varunmullins
4772,vasanthamtharun945
4773,vasilache.claudiu.georgian
4774,vbubuioc
4775,vchia
4776,vchiguru
4777,veb5055
4778,vedesh
4779,vedhas
4780,venjamio
4781,venkat_pulletikurthi
4782,verma52
4783,veronicathapa56
4784,vgarvin13
4785,vherr2
4786,vicktoriyavodopyanova
4787,vickyy50536
4788,victorboyu.li
4789,victorys42
4790,vidur888
4791,vidushirazdan1308
4792,vijayaher0211
4793,vijaybhargude2
4794,vijayen
4795,vijaykothari97
4796,vijendhar335
4797,vikashchauhan56.vc.vc
4798,villal
4799,villalba.perez.miguel
4800,villalon
4801,vinay3524
4802,vinayak183
4803,vinayramnath001
4804,vincetyrell.yongco.pharma
4805,vineethsukumaran
4806,vinita.iyer
4807,vinkitajm
4808,vinodnano
4809,vintila131
4810,vipankoul1410
4811,vipinkumar007
4812,virajkadam12
4813,vishaakn
4814,vishal001
4815,vishal914
4816,vishal_mistry40
4817,vishaliitn
4818,vishalnaik.0210
4819,vishmandavkar
4820,vishurajigare10
4821,vivek.sakinala
4822,vivekrana
4823,vivekvictorious02
4824,viviannh
4825,viviennecrowe24
4826,vixsnair
4827,vjti.mtech.ec2017
4828,vk10
4829,vkolar
4830,vome101
4831,vos
4832,vou.oly
4833,vram2
4834,vrindasinghal
4835,vrushali29sd
4836,vrushalithakare82
4837,vsalovnh
4838,vsunilkumar1010
4839,vuthtyra
4840,vvasu8818
4841,vvijaysaradhi8
4842,vwendt
4843,w2698919274
4844,wade59
4845,wagne267
4846,wajeehaiqbal5
4847,waldropj24
4848,waleedkhalid924
4849,walka
4850,walla110
4851,wallacjn
4852,waltercruz
4853,wang.michael213
4854,wang1020
4855,wang1471
4856,wang212
4857,wang2211
4858,wang3243
4859,wang3303
4860,wang5071
4861,wang5239
4862,wang5240
4863,wang779
4864,wang945
4865,wangrenhan
4866,wangruntao
4867,wangsheng.pku
4868,wangshuo0514
4869,wangyix
4870,wanisuraj16
4871,wannyk
4872,wapayne
4873,ward99
4874,wardah
4875,wardaishrat
4876,warlock
4877,waseemkhoury
4878,wasynczu
4879,watch00021
4880,water03203
4881,waweno137
4882,wawitzen
4883,wbartell
4884,wcatalan
4885,wchoi18
4886,wdu
4887,webb96
4888,weber164
4889,wehbemajd79
4890,weiasian
4891,weihonghe.ee
4892,weisc2
4893,weishinetl
4894,weiwei30619
4895,wellenius
4896,weller1
4897,wells8
4898,wen7631464
4899,wentao7
4900,wente1
4901,weslyn
4902,westonbuchanan
4903,wfergus2
4904,wfrazier
4905,whcraig
4906,wheberling
4907,wheele11
4908,wheffern
4909,white559
4910,white73
4911,whitmjt
4912,whuffman
4913,wie1
4914,wilburcoote
4915,wileyds
4916,will
4917,will.salmon66
4918,williamtian93
4919,willmann15
4920,willwang0737
4921,willxyz
4922,wils1182
4923,wino1301
4924,wintergoon
4925,wishard
4926,wisler0
4927,wizardnumber
4928,wkharri3
4929,wlee26
4930,wlee85
4931,wli34
4932,wmjdgla
4933,wmrey
4934,wmw0003
4935,wning
4936,woal7949
4937,wolfdwood
4938,woo0069
4939,woo49
4940,woodalls
4941,woods158
4942,woods41
4943,woshizjc
4944,wowmuchchuck
4945,wqs1992930
4946,wright46
4947,wrmitch1
4948,wsenior
4949,wshambau
4950,wtlittle
4951,wtomoya
4952,wtritsch
4953,wtso
4954,wttuestc
4955,wu289
4956,wu937
4957,wu952
4958,wuzecheng2
4959,wuzibei20
4960,wvarian
4961,wx2kc
4962,wxie
4963,wyz135
4964,wzy8899
4965,xabierdoural
4966,xarune
4967,xcz423844553
4968,xd8
4969,xgtr
4970,xiang
4971,xianglijia
4972,xiangyu1129
4973,xianzhi2
4974,xiaofeizeng11
4975,xiaoyifu
4976,xiaoyiw
4977,xie215
4978,xiexiexiewanrong
4979,xinding33
4980,xinweiguo
4981,xinyuanyou2015
4982,xiruihe1
4983,xjw5028
4984,xmacha43
4985,xogus102929
4986,xp19375
4987,xperrylinn
4988,xtyxty
4989,xu.donghao0323
4990,xu1085
4991,xu1099
4992,xu530
4993,xueh
4994,xuhao1209
4995,xunhaowang
4996,xuwenting2000
4997,xxs.m99xx
4998,xyan11
4999,xzhan150
5000,xzwy2017
5001,y.ramirezc
5002,y9zuo
5003,yacine
5004,yahuiliupku
5005,yamakonurcan
5006,yamisamo
5007,yana.johnson
5008,yang126
5009,yang1865
5010,yang2203
5011,yang601
5012,yang82
5013,yang912
5014,yanghe2000
5015,yangwang0327
5016,yangyx
5017,yanshuaijun
5018,yaozu
5019,yap1
5020,yardleynow
5021,yash.bhatia
5022,yashamon
5023,yashapeejay
5024,yashchandak
5025,yashdeepsriv2
5026,yashgupta.ece.msit
5027,yashjivrajani7799
5028,yashmandharerl
5029,yashpimpale6
5030,yashuishwar
5031,yasir.mulla47
5032,yaswanthmittapalli
5033,yaswanthreddy711
5034,yavuzselimeskicumali
5035,yay079
5036,yayatipawar601
5037,ybazarba
5038,yc_ng
5039,ychandrashekar22
5040,ychao
5041,yding16
5042,ye173
5043,yekhalaf
5044,yelin4
5045,yelmouss
5046,yenhungho
5047,yermin3196
5048,yes110766106
5049,yeyeye1
5050,yezhuo
5051,yezichao
5052,yiklun.lee
5053,yiliuhu
5054,yilmazberat1997
5055,yitaow
5056,yixing
5057,yjaquinas
5058,yjhhjy
5059,yjlee
5060,ykn2814
5061,ykoh7
5062,yla2233
5063,ylum
5064,ymenekse1
5065,ymoon4
5066,yogeshdange1004
5067,yogeshmaurya50
5068,yolandalee
5069,yong.b.lee.73
5070,yougourthene
5071,youloveg
5072,young10
5073,youyou114514
5074,ys5449
5075,ysuyebe
5076,ytang14
5077,ytliaoncu
5078,yto007
5079,ytoh
5080,yu910
5081,yuan10
5082,yuan310
5083,yuanweirong
5084,yubr
5085,yue0
5086,yuhongzeusa
5087,yujianpeng4229
5088,yujiewang
5089,yukta.rane
5090,yunusyeo768
5091,yunzhes2
5092,yup
5093,yusramarium
5094,yusuu1
5095,yuyan1
5096,yuyang_li
5097,yvonnee213
5098,ywang2528
5099,yyang100
5100,yyb0576
5101,yyue94
5102,yzenkov
5103,yzhang59
5104,yzyx1998081052
5105,z.myagmarjav0002
5106,z.wei
5107,z1765003663
5108,zach.debernardo
5109,zaheedkamaal459
5110,zaheramusvi65
5111,zahidh
5112,zahrazebra
5113,zainab2
5114,zainabnazeer456
5115,zak1010
5116,zalakdodecha
5117,zalami
5118,zaly
5119,zamzam90
5120,zangetuse1994
5121,zanh2
5122,zareen
5123,zariaevans
5124,zbrzubair.akhter
5125,zbuford
5126,zccampbe
5127,zeastman
5128,zeng17
5129,zesmith
5130,zezzaki
5131,zfarrell
5132,zflohr
5133,zfrank64
5134,zgdavis
5135,zh18
5136,zhan1732
5137,zhan2808
5138,zhan3024
5139,zhan3025
5140,zhan3294
5141,zhan3366
5142,zhan3624
5143,zhan3695
5144,zhan3720
5145,zhan3729
5146,zhan4096
5147,zhan4151
5148,zhan51
5149,zhanerobinson
5150,zhang258
5151,zhang291
5152,zhang581
5153,zhangchengyi
5154,zhangjifan5683
5155,zhao979
5156,zhaolin.guo
5157,zhaomiaomiao
5158,zhaoxinjiezh
5159,zhaoyuhe
5160,zharman
5161,zhc12208
5162,zheng528
5163,zhesun
5164,zhimin
5165,zhiweiliu
5166,zhiweiren321
5167,zhiyangwen
5168,zhou483
5169,zhou523
5170,zhou60
5171,zhou62
5172,zhu51
5173,zhu52
5174,zhu891
5175,zhu999
5176,zhuke
5177,zhuoxr
5178,zhuseashell
5179,zhuwenqi
5180,zhuxh529
5181,zifuqiwu
5182,zimerjb
5183,zixianchew
5184,zjfalbert
5185,zjufennizhang
5186,zlholme2
5187,zlu19
5188,zly10
5189,zmauri
5190,zndorado
5191,zollermi
5192,zong_po
5193,zp2151
5194,zparkwd
5195,zprofio
5196,zqazi1
5197,zrimsekab
5198,zschleic
5199,zstone2
5200,ztking
5201,ztrata2
5202,zubeydekal37
5203,zubik
5204,zulhilmymohamed
5205,zvonimir.boby
5206,zvonjena
5207,zwzhang.purdue
5208,zx.9323
5209,zxi1
5210,zyf
5211,zyj
5212,zyu_csm
5213,zzfelemb
5214,zzh915
5215,zzhiye
