davidhirsch1994,rob.rutherford2,brianwinokan,b3dinc,apih.azmi,bh29,jaimevest,zander.vartanian,adam.rubinsky,mhhostetler,sthorson,moose_the_vast,emmakate11,chrisnash3,jordanztodd,jaykrav,jimmythekid,hannahturnbull,sgrichnik,jgibbons12,matthew.s.armstrong,jverdin30,nabhell,ben.behseresht,sayanakjadilegend,langston,john.j.hayes,podolawe,asmatnal,pvallima,tsmolen,fifiebaek777,aliasa,aronskind,morloff21,ilmanziat15,kurtrosolowsky,tubbyocharles,wprieb,grollkt,gw014425,cchorens,bjmac12,wannajmie94,ben.whittle.37,thynkbig,binhtd93,clay.harrell,matt.kelley.77715,tinninfs,wolfele,hurdok,adamlevinson94,d.martin.159,valentjg,hurtrs,muhannad.abumilhah,akmal.wahid.7,sherafaira986,wan.m.wan.mohamad.zakari,kmusto,denniscolbert12,schaubend,mullere,korrmuffin,ganizs,mcneiljg,dshane28,sean.m.cartwright,geisreme,ivan.c.biggs,kovandbl,gavin0802
d.martin.159,davidhirsch1994,adamlevinson94,hurdok,hurtrs,grollkt,kmusto,nabhell,bjmac12,wolfele,dshane28,sean.m.cartwright,sthorson,morloff21,tinninfs,matt.kelley.77715
patriciae.navarrop,sebas1501,prmjuan,larrottanatalia,dianamg,stefy.barrero,jeissonj.loaizam,darwindubay,edwinf.sarriar,monicavelasquez140,carlosalejo979,mariae.rueda.718,lufecobe,angiek.foreroe,javierchurtadov,maleja95,gisselle.ramos.21,marialesalamanca94,josesusatama,karenr.torresm,sebastianam,leon241254,lucy.bernarodriguez,waltercruz,mariap.diazc,juan93andres
amremad,ali.elmaraghy.7,abdelsalamadel,sara.hanafy.752,carket23,nadinehelmy1,vanavinoo,amgad.fekry.3,ahmedelswify,binospop,asmaamohamed94,shahira.mohamed.22,rana_karem,ramsiscomm2014,na3na3333,omnia,3omariotareq,mostafa.kamel.8989,ahmedcoolman,menna.khaled.925,hodashadi,safeddin,sammikhail,ayam.alaa,dinatarek,jocian.jemy,halafadl94,magedaziz2011
davlopcar1,tammurvil,blanco02,lurodri93,anajacval
timoneda1,alexistellovalero,anna1494,raul.4.bcn,david.schmelz.1,ritasalavert9,derverwuenschte
mookherj,guevaral,hoyuelaa,leungs,mezam11,starksa4,ocampor5,kaidazan,maciasc4,unlvengineerj,lih12,rasmus20,sharifs,huangj19,alyson305,alv7n,bertas,workuy,solanos3,degracia
lauraz,alaskalany,hasanphy88,aamirh.kth,wilhelm.piao.3,prevosti,wilhelmpiao
m18091990,mookherj,workuy,nimo,unlvengineerj,guevaral,sharifs,jkdeboy,hoyuelaa,alyson305,villalb5,alv7n,rasmus20
hfrancon,sumitm,louis.ng.5015,alaskalany,anhphm,aamirh.kth,andsmi,matheus1618,hasanphy88,jespersr,prevosti,sihuic35,wilhelmpiao,lixiang12
sho1123,billli1996,cullenglasgow,anna.mast2,bpgolfguy92,jefrin,lolipopcarolwang,pbhatta2,tara.cullerton,jmmille6,allysonv10,scpiper2,mikeandike5374,carolgu2,jjiang14,melissagoetter,csbaile2,mantianxue0101,tjweber2,ntsherm2,dlitt2,ruining2,ntxuby,dkwok2,earthy,hylin2,curtis.c.baker,hank.liu.180,ryba.konrad,palchec2,lbward93,mkbaile2,knipfer2,ahli2,ajgordon,yyang132,jake.kornacker,jtcohen2,wem5637,kjcsport1,julia.zuo,meher.bharucha,dwchris2,angelaxbaby93,me1291441,grober.dan,janeyoo34,achoi121,remlevin,kahill2,beng3,klwells2,cledesma2331,xiasang2,werkkdy2,dman5505,hmtaylo2,jiechen94,mrhennek,kote.deepa,jeremy.chew,gvelard2edu,xli121,myeoh2,kfeng,eprzyby2,yyang10,sarahresarf,lfirpo,masiyi9406,isaacehoffman2,dagapit2,spmurra2,spshah6,wlarson2,cory93,amango4
bcclanc2,hlai7,hank.liu.180,anna.mast2,elin11,hsp6634
fgonmol,romero,pabloo,venteer,javimanolo,carmenmndzrms
rh.aguirre15,arnold.gonzalez,diana.burciaga,mariaelena.fuentesmontero,napolesd,villalobosp.eduardo
showmo082422,sakibul.hasan.583,ehtesham.showmo,sidratul.muntaha.50159,ashiq.i.aziz
mrinmoy.pol,tuloy10,asad43,mhdhsn48,chinmoysaha84,raju024
salman.manzoor,fywudi,timmerix,sulemansami,pkoswatt,maitreyadutta,harshadsurdi,treblitz,saba.rajabi,gxinchen,zjufennizhang,zjduleo,yinglei8888,a023087,ionman1968,a80718113a,wangld11,catterrell,pfirth,sapman,jianyi.gao.1
daesung,gihyun.tae,kwop1237,hjy100444,jklprotoss
guheak92,jungmin.lee.14268,gog40,jyarika,hihibyebye,qwer29,dreameryss777,skky9977,jjk00122,poby,primeevir,cjrlfrlf,jwh0114,ehdrms3204,dreameryss,qwdf29,hwh7980,rtow1,hodori90,rohsh67,fasterthan88,woo0069,jaypark5769,dico7717,mjis14,alenldkr,ys5449
guheak92,rohsh67,gog40,skky9977,jwh0114,ehdrms3204,dreameryss,woo0069,qwdf29,jjk00122,hwh7980,primeevir,rtow1,jaypark5769,dico7717,cjrlfrlf,hodori90,ys5449
guheak92,rohsh67,gog40,skky9977,jwh0114,ehdrms3204,dreameryss,woo0069,qwdf29,jjk00122,hwh7980,jyarika,rtow1,jaypark5769,dico7717,cjrlfrlf,hodori90,ys5449
guheak92,rohsh67,gog40,skky9977,jwh0114,ehdrms3204,dreameryss,woo0069,qwdf29,jjk00122,hwh7980,jyarika,rtow1,jaypark5769,dico7717,cjrlfrlf,hodori90,ys5449
guheak92,gog40,shirinkami,jyarika,hihibyebye,skky9977,jjk00122,primeevir,cjrlfrlf,jwh0114,ehdrms3204,dreameryss,qwdf29,hwh7980,rtow1,wintergoon,hodori90,rohsh67,woo0069,jaypark5769,dico7717,ys5449
dante1111,hjwhjw123,yuyang_li,dtobe2012,jianfei_zhao,jon1,hew1,pjl3,ariana_spentzos,junrui.li,jninia
amit31416,sgk15,hakimfaysal,farjanasnigdha,raju024,nujhat_91,anikchowdhury,aqeeb.i.arka,navidanjumaadit,shuvajit.photo,chinmoysaha84,nishat118,rakibhyder,jubayer,raisafabiha,hasibdalim,tuloy10,samdias146,rheo126,asir.sakib,ehsan
nam.hyeonwoo.7,dkdud6874,wjh4026,qkssms1,junseog.jeon,jongho7950,nanosap,gyeongsu.sim,oh.donggi,cyj667,harusari7,ssong4667,weare1235,dowkzld1010,ssj5711,1218g
nam.hyeonwoo.7,wngustlr5936,wjh4026,qkssms1,junseog.jeon,jongho7950,nanosap,gyeongsu.sim,oh.donggi,harusari7,cyj667,ssong4667,weare1235,dowkzld1010,ssj5711,1218g
wngustlr5936,wjh4026,qkssms1,junseog.jeon,jongho7950,gyeongsu.sim,oh.donggi,harusari7,cyj667,ssong4667,weare1235,dowkzld1010,ssj5711,1218g
nam.hyeonwoo.7,wngustlr5936,dkdud6874,keeyeol,wjh4026,qkssms1,junseog.jeon,jongho7950,nanosap,gyeongsu.sim,oh.donggi,cyj667,weare1235,ssong4667,ssj5711,dowkzld1010,1218g,thfqkddnf159
vinodnano707,mugdha.2608,anusha9660,bharathgogikar,gvganeshslo,swetha.yadas60
xlefle00,peterson91x,josip23,zdenek.hrebicek,demeter.kykolka,lvenkrbec,36tiger63,alien007,aspektxxx,detroitracer,xskals01,kapoo,d.pamanek,sedlons451,xwalte01
martin.stusek,radek1234,xmucha05,xkrejs02,dudamichal1992,mahor12,dusouuaa,vetrelec,ondrejpijacek,gr4viton,xnohaj00,xdusek19,budysvk,chlad.miloslav,dddddaviddddd,xvasko09,dubrma,xkrasn04,xvozar02,martin7334,dohnalosobni,sfence,rhrdina,xhulav00,xbarin06,xtesar27,coarser,lucky99,xhavel04,vojta.moravec,jakub.kastner.79
anikchowdhury,navidanjumaadit,shuvajit.photo,raju024,anit.ahsan,nujhat_91
amit31416,sgk15,hakimfaysal,farjanasnigdha,raju024,nujhat_91,anikchowdhury,navidanjumaadit,shuvajit.photo,chinmoysaha84,nishat118,rakibhyder,jubayer,raisafabiha,tuloy10,sayeedchowdhury,samdias146,oishi.nnc,rheo126,asir.sakib
a9b1c3,jackson.alec,lunajlt,ferry,rpraneeth06,sulemansami
kcantley,tylernichol,linkquiver,rubel.shikdar,rubel05eee,gaurav.sheoran88,andresvaldepena,sumedhagandharava,sepideh
jbrown76,jfoyer2,fhismail,rishychacko,aklaas2,kote.deepa,thexcguy,dvnguye2,minsu.yu,jmxscrs,wang.xiaohao.3,cychan3,june,gomezsa2,lcheng12,aabi10,dalong2,rlmcdon2,wyattsmcall1,mrhennek,shuoliu3,dpapanicolas,andrumar10,lin.joanna.y,marjorie.dallmann,mrloube2,matteo.hoch.1,eya369,janewjp501,drennan1,xiaozhouas,prashramani12,coleymei,coolcristobal,avandorn1,csbaile2,bababu,d82232004,hhkkkxxx133
farheenjahan66,zohaib.khan.16752754,nabeel.ahmed.79219,abdulbasitdhedhi,talha.aly,mammadsiddiqui15,jalal.shahab.brothers,khudaijasaleem,1993daniyal,muhammad.usama.shakil,juniman29,humi1245,nedianbilal
talha.aly,humi1245,ksumaira7,nedianbilal,faizamoazzam8,nausheen.athar13
jrfarinas13,flsilva,rocolo14,michael.e2005,ecarodelcastillo93,antonl09,mariana_quantum,rm.mutz,pfrodriguez,donnadel,ericdodgers3,felipe.sanchez.127,fandrade5,stella
boniljor,cesarax,uriel.samaniego.3,aporti330297,stella,mfmartinez4
vastago,pedroveralara,rbarbosa,ann.barrufeta,teleco
helena.taribo,rbarbosa,ann.barrufeta,tom602,nooshin.abdollahii,akils,sandra.sastre.riera
jan.machacek.12,markoshappy001,kozmos,36tiger63,kalab,xlefle00,peterson91x,zdenek.hrebicek,ondrejpijacek,aspektxxx,detroitracer,gr4viton,xnguyz07,xskals01,xwalte01,josip23,xvasko09,lukas.janic,martintatak,dubrma,xkondl,kapoo,xkopul02,mmod,lorant124,richardjanac
chadecon,crismago,claralevaz,tammurvil,blanco02,lurodri93,acojim,tinaforja93,luiararol,anajacval
justme,martin.stusek,radek1234,lebeda,xkrejs02,dudamichal1992,mahor12,dusouuaa,vetrelec,gr4viton,xnohaj00,xdusek19,zoidbergus,chlad.miloslav,elektronix,gottwald9,nomad.007,martin7334,dohnalosobni,martin666,rhrdina,xhulav00,xtesar27,coarser,xhajek29,xsebes15,tomasjasnu,johnymichal,xhavel04,vojta.moravec
xnovak0l,mdosedla,jurajs84,xgalra00,xgamar,kubanek1,miroslavh,dolezalmiroslav,pepa.bobek
snowjm22,mjb18,dlipke,enelson1,bananobunch
sifflammable,keten,olk335,ajer95,jiantingh,bettysu1992,aribenjamin2014,dadiliyi,starwyx,elizabethdebenedictis2014,shiyi12cn,weizhaozhang2014
maheenjd,arqamkhan,mahrukhasghar,faizan_bajwa13,aliirfan13,khudaijasaleem,muhammad.usama.shakil,sanafaiza,s102,najmafaiza,alifyah1,malihaashraf05,zainzia,daneylpasha,risik,saadmohsinsiddiqui,m1,farheenjahan66,samreenasmara,talha.aly,tubafaizan,nabeel.ahmed.79219,ramal.jafri,iframoid,nedianbilal,erumnida,urooj.fatima.3745,el43,el93_el96,hmf1492,jalal.shahab.brothers,alishahvadsaria,ruk_tuk,malinawaz345,mehshar,esaleem71,el83el85,1993daniyal,hajra16,wasif.engineer,shanno447,saadhussainconquer,mohsin.nusrat,juniman29,saqib.dastagir,1ooie,fizza.shamim,sabamalik000111,faizansalehshaikh,atiyab,tab1,arwakhuzema93,el301el302,ali.mubashir2993,yusra_ammara,mammadsiddiqui15,nageenkhatri,mahrukh.asghar2120,humi1245,umair.mallick93,sidra30,mzp482,zohaib.khan.16752754,anm_92,faizamoazzam8,sameer786,tayyabsiddiqui19,usmansiddiqui316,sanam_sarwar,mdaniyalmansoor,jazibabidi,nedian.tahir,mariamchoudry,arooj.fayyaz.9,sidra2020,basrahafeez2000,sumbul,sameer.ansari786,x_man,abdulbasitdhedhi,aq.mahmoodqadri,nabeelahmed956,hiraamjad028,khwaja.nabeel,hiraimtiaz
patriciae.navarrop,javierchurtadov,juans,sebas1501,lorenaclc95,darwindubay,leon241254,mariae.rueda.718
najmafaiza,aq.mahmoodqadri,tab1,faizamoazzam8,sidra30
patriciae.navarrop,javierchurtadov,maleja95,jeissonj.loaizam,sebas1501,leon241254,dianamg,mariap.diazc
davlopcar1,claralevaz,blanco02,lurodri93,tinaforja93,anajacval,marinieves93
chadecon,crismago,belamarod,davlopcar,tammurvil,luiararol
chadecon,crismago,claralevaz,tammurvil,blanco02,lurodri93,acojim,tinaforja93,luiararol,anajacval
fgonmol,pabloo,romero,venteer,carmenmndzrms
belkov,alekvas,b1adedanzer,sss603,alenakosykh
jasisson,kuanwang,connorchilton,kfang5,jeffreyasu,alvaro14,spdewitt,hustzzh1992,thomas901,nagendra09,cfarnsw2,veramos15,chrismay,glass08
ajer95,olk335,dhs007,jiantingh,bettysu1992,epd878,aribenjamin2014,dadiliyi,starwyx,sel314,elizabethdebenedictis2014,shiyi12cn,weizhaozhang2014,jakesong2015
winsgao,liurunjia,feiyang,yjw_piapia,ledliang110,cxj6672016,gardenia1108670103,zk1991,huangyujie,zxm_seu,leesy,shulan2010,queenslandy,wingsctt,lguan1992
sweet711,msandhu,ninadinjaski,lracz,jhalloran,theonlycappy,mfiorella,yyd708,prajak,gayno015,aboynton,wylbeleiv,wenwen.w.huang,lucacironi87,smiranda80,avahdati
karandoss,jylee,lracz,edmundwschuster,theonlycappy,mfiorella,nej,aboynton,wylbeleiv,akinorikochi,roftadeh65,yrs22
ywu77,strzebo2,rppatel8,leeji790,pajense2,captcarisma,tal33,pmarian2,harshil128,lchung9,ajeong3,piyayott9,chantar2,jwang012794,ndenard2,malak577,jkrol2,jake.belica,secunni2,whatabeautiful,xinding33,mcyang3,abhansa2,haelim1227,kihong.ahn.9,uiuczhang11,simmond2,jdurant2,garyliu2,ahnhs910,pitcha.mt,may.jonathan12,smirnov2
tayyabsiddiqui19,aliirfan13,talhathefuture,tubafaizan,sanafaiza,1ooie,s102,faizansalehshaikh,malihaashraf05,ramal.jafri,daneylpasha,erumnida,urooj.fatima.3745,yusra_ammara,nageenkhatri,ruk_tuk,sidra30,esaleem71,el83el85
priyadarshini1230,asengup,hassan19,gupta243,kyferwing,zubair_al_azim
melbahr5,jcoolpepper,ghartma,tushar.chitrakar,tianfeiliu90,pakles,sesulliv,boyer2424,haleys,bryantsugg,ehrmicha,sewsulliv,hangbui,ebfleming,myungsuk1020,aweathers,kritim20,mmsadeghi,kruanlei
jjotte2,qinli2,saphknight,jkim561,hmajith2,mingye.gao,brianwzx11,zjz.jiklint,peiyiiina,zjhaber,puthala2,jackxiao1104,mizulsk2,lafaye2,qinglin2,dtmrnav,jshi3120,zicheng.long,kavitasrinivasan,yiyue.luo.9,jeoneil2,jacob.dutler,skapoln2,zhucq330873348,laoyumi904,pierce.randle,madara61796,adsnyde2,jhuang84,xsun45,vkhanna3,eslee6,goszkow2,liamthirdtry,ychu18,marcin2,yyao13,jonbaebae,tmccar4,jjauch93,whu14,michiizu1996,cjisrael1015,kmckillop,emfoley14,justinb1,17staru,aaaandrew,laurentaylor,jasondxzhang,emilio.ramirez.37604,bluefisher12,charmisuk,bfiszbein,cwojtan,mgulson2
parsonsm,zhu431,tictonk,pangb1,kaiser17,robin198,jtrouba,li1470,pnorman,pspagnolo72,jinghan1022,ahmed49,paulleonc,smithjared1994,cohen.jakedavid,astronut95,thoma386,ramire28,woodsh,telliott,theresa.saenz.1,dacapo007,sullivaf,kim383,jfschrad,posta,lim154,gflesner,glinvill,azzedinr,horner4,alexj9,ncain3,ross_piedmonte,lucas.ray.169,hallowj,czy121301,tcurtiss,vganapa,tbruttom,tlshelhart,haojiex
sho1123,billli1996,a.schleife,anna.mast2,cullenglasgow,abaddon2mist,bpgolfguy92,jefrin,lee895,lolipopcarolwang,schiavo1,tara.cullerton,pbhatta2,jmmille6,allysonv10,scpiper2,elin11,yyang100,will.j.mccracken,slee342,carolgu2,jjiang14,zhensun5,melissagoetter,aniruddhshivram,csbaile2,mantianxue0101,tjweber2,ntsherm2,jwang182,asimha2,ruining2,ntxuby,dkwok2,earthy,hylin2,yitaohuangnb,jiechen.wang7,chong.gu.5,curtis.c.baker,junpeng.qiu,mcheng94,qiujiezhao1994,toujours.meiling93,adsnyde2,palchec2,lbward93,mkbaile2,yoo66,faizal2,knipfer2,jacobcamp1,ahli2,jmanand2,dyoon11,billli1997,yyang132,jake.kornacker,jtcohen2,kjcsport1,meher.bharucha,dwchris2,me1291441,grober.dan,janeyoo34,achoi121,hlai7,remlevin,vivianzry92,a_kuzni2,wiieat.chen,beng3,qazyyc93,dpapanicolas,klwells2,sguo12,simpkns2,cledesma2331,xiasang2,werkkdy2,dman5505,hmtaylo2,dustin1,jiechen94,mrhennek,hankliu00,kote.deepa,dmcgovern88,sage,seanxyy0914,gvelard2edu,myeoh2,kfeng,eprzyby2,yyang10,antony.huang.129,sarahresarf,lfirpo,padget1,gsharma80,masiyi9406,isaacehoffman2,bcclanc2,dagapit2,bhanley2,spmurra2,spshah6,wlarson2,salman2,firpo2,cory93,amango4
ntxuby,dwchris2,kote.deepa,janeyoo34,hank.liu.180,vivianzry92,eprzyby2,tara.cullerton,elin11,hsp6634,sarahresarf,lfirpo,beng3,masiyi9406,palchec2,mkbaile2,kevinchiou2019,cledesma2331,jjiang14,melissagoetter,dman5505,hmtaylo2,csbaile2,tjweber2,jcooney2,mrhennek,amango4
janeyoo34,xli121,julia.zuo,spmurra2,sikaufm2,joonheekimk5,bhanley2,a.schleife,zhensun5,anna.mast2,jmmille6,ahli2,abaddon2mist,dlitt2
xli121,julia.zuo,sikaufm2,kuo20,jmmille6,dlitt2
parsonsm,zhu431,alaimana,aianlo,jtrouba,pnorman,pspagnolo72,jinghan1022,ahmed49,hoikim91,paulleonc,smithjared1994,cohen.jakedavid,astronut95,thoma386,ramirez28,adithyabhattachar,woodsh,telliott,theresa.saenz.1,kim383,jfschrad,posta,lim154,gflesner,azzedinr,horner4,ncain3,sawa,lopez86,ross_piedmonte,lucas.ray.169,hallowj,mmckinne,czy121301,tcurtiss,vganapa,nspear17,tbruttom,tlshelhart,haojiex
parsonsm,zhu431,alaimana,aianlo,pangb1,kaiser17,robin198,jtrouba,pnorman,clandon01,spschriver1,nspear17,fiferj,pspagnolo72,jinghan1022,ahmed49,hoikim91,smithjared1994,cohen.jakedavid,thoma386,astronut95,ramirez28,tlshelhart,adithyabhattachar,mcapestr,woodsh,telliott,theresa.saenz.1,dacapo007,sullivaf,kim383,jfschrad,davgumo,posta,nanohueb,xphuah,lim154,gflesner,peachrings,richa201,azzedinr,sawa,ross_piedmonte,mjankowicz,lucas.ray.169,hallowj,mmckinne,tcurtiss,vganapa,sboes95,tbruttom,ncain3,haojiex
ksnvikrant,jhyang,mdasta,timchamb,dmfreema,wxiong,yingma,gann.reddy,wband,chandraveer,mdsalahuddin,joannamm,son536,aak126,ramansbach,efrainhr,jianluo,hzxsbigpig,afchadwi,bluefish817,kubra87,laagesen,njchen,ajana
mdsalahuddin,ramansbach,efrainhr,gann.reddy,jhyang,mdasta,hzxsbigpig,afchadwi,joannamm,wband,njchen,ajana,ylifan
cseiler16,tristanwu686,priyank247,garrettmonroe98,abenadia,mrquell,aanto7614,souto.alan,ork3red,mykytheman1,sammyyo1998,admostkimo,memeiselandi
jrfarinas13,fernando.torres.906,dedeniega,supersaok666,flsilva,clubitup,donnadel,fandrade5,eddierocha79,steese2000,antonl09,rm.mutz,jamartinez16111982,pfrodriguez,felipe.sanchez.127,thisoneworked,rocolo14,michael.e2005,ecarodelcastillo93,mariana_quantum,ericdodgers3,gjesparza
tayyabsiddiqui19,hannanwildfire,saadhussainconquer,aliirfan13,tubafaizan,mariamchoudry,fizza.shamim,ahsansag93,sidra2020,alifyah1,najmafaiza,ramal.jafri,zainzia,sumbul,risik,erumnida,urooj.fatima.3745,ali.mubashir2993,x_man,el93_el96,babarchacher,hmf1492,aq.mahmoodqadri,ruk_tuk,m1,esaleem71,samreenasmara,el83el85,khwaja.nabeel,hiraimtiaz,anm_92,faizamoazzam8,sameer786
maheenjd,sanam_sarwar,saadhussainconquer,aliirfan13,talhathefuture,tubafaizan,sanafaiza,jazibabidi,saqib.dastagir,mariamchoudry,alifyah1,faizansalehshaikh,malihaashraf05,basrahafeez2000,sana_shaukat2005,sumbul,atiyab,tab1,erumnida,el301el302,el93_el96,saadmohsinsiddiqui,nageenkhatri,aq.mahmoodqadri,ruk_tuk,sidra30,m1,esaleem71,samreenasmara,el83el85,anm_92,sameer786
el93_el96,maheenjd,sidra2020,huda.parvez01,hajra16,risik,sameer786
boniljor,cesarax,uriel.samaniego.3,stella,mfmartinez4
farheenjahan66,zohaib.khan.16752754,nabeel.ahmed.79219,mammadsiddiqui15,jalal.shahab.brothers,khudaijasaleem,1993daniyal,muhammad.usama.shakil,juniman29,humi1245,nedianbilal
tayyabsiddiqui19,maheenjd,saadhussainconquer,aliirfan13,faizan_bajwa13,sanafaiza,tubafaizan,babar.siddique2,saqib.dastagir,s102,mariamchoudry,fizza.shamim,alifyah1,faizansalehshaikh,malihaashraf05,ramal.jafri,daneylpasha,sana_shaukat2005,sumbul,atiyab,tab1,erumnida,el301el302,ali.mubashir2993,yusra_ammara,x_man,el93_el96,nageenkhatri,hmf1492,aq.mahmoodqadri,mahrukh.asghar2120,alishahvadsaria,ruk_tuk,sidra30,m1,samreenasmara,el83el85,tehreemzehra,khwaja.nabeel,hiraimtiaz,anm_92,sameer786
ywu77,strzebo2,rppatel8,leeji790,pajense2,tal33,captcarisma,pmarian2,harshil128,lchung9,doyoulikenoodles,ajeong3,piyayott9,chantar2,jwang012794,ndenard2,malak577,jkrol2,paujesque,jake.belica,secunni2,rbelul3,whatabeautiful,xinding33,choquett,abhansa2,mcyang3,simmond2,jdurant2,garyliu2,ahnhs910,pitcha.mt,may.jonathan12,smirnov2
tayyabsiddiqui19,mariamchoudry,maheenjd,fizza.shamim,ahsansag93,sidra2020,alifyah1,najmafaiza,babarchacher,ramal.jafri,esaleem71,khwaja.nabeel,tubafaizan,ruk_tuk,faizamoazzam8,urooj.fatima.3745,m1,sameer786
saadmohsinsiddiqui,saadhussainconquer,faizansalehshaikh,khudaijasaleem,atiyab,sanafaiza
claudia92,afernando240,naiavazquez,dlx_ares_sp,brigitt3b,danigonzalezarmesto,jfernandeztoribio,irenujamc,aeromexico12,soragorn91,jufrancisco,jacopo.repossi
jpedros100,claudia92,afernando240,naiavazquez,dlx_ares_sp,brigitt3b,danigonzalezarmesto,jfernandeztoribio,aeromexico12,soragorn91,jufrancisco,jacopo.repossi
jpedros100,afernando240,naiavazquez,dlx_ares_sp,danigonzalezarmesto,jfernandeztoribio,irenujamc,jufrancisco,soragorn91,claudia92,jacopo.repossi
dlx_ares_sp,brigitt3b,danigonzalezarmesto,jfernandeztoribio,jufrancisco,soragorn91,claudia92
greniray,wendy2015,trevynhey,ryandempsey,bmc2531,twp3,dlipke,hkamat,pg3
josephyi,zaynluv00,vicorral92,lewong27,mbrooks8,dr.sreyes,sindelar_ashley,kara.e.mccloskey,rachelhatano
jhmartin1456,richardccramer,curlypie10,nadamski,asabbas,danielmyersj,csample,claytonjcozzan,changminlee86,superspartan999,manikgoyal273,jvinckeviciute,arwasaudabdullah,dhfabini,aal7assan,evancallaway,gundang2
marti447,cdymond,ckwok144,obrien70,wang1640,kint,rhein,jterrel,zeng31purdue,mkatamba,davidjohnson,hoikim91,liu991,yohung777,zhan1193,lopez32,rwilmes,pnoren,pelaez204,jcompara,mtowers,bkads1163,dragontnt0923,kim1325,ben.helfrecht,wang1178,port,abcazaz22,qlewis,cshang,jackie0212,dblomek
mkatamba,pspagnolo72,jfschrad,tictonk,haojiex
bywolfe,rpromyoo,melshal24,ashitamohile,gmbankar37,john.flowers.5,rocky.hossain1990,mcginnis84
abollo2,abollo,hpengc,nannan,skate00,qgjie1990,bingo0117
abollo2,abollo,hpengc,nannan,abollo3,skate00,qgjie1990
abollo2,abollo,hpengc,nannan,abollo3,skate00,qgjie1990,bingo0117
anpham184,friendd1,jab10190,yingjie.liu1989,yingjie.liu.925,em.slimking,wileyds
ja.martinez1423,dluna16,prietonico,edrevelo10,qwertyuiopq1,sue.pernett,wmrey,jezl8,s.mendez10,msantiagobp88,franz,ticesa
ja.martinez1423,bestkira,slinanromero,cdaza933,wa.forero10
knikhil1995,dollarised.kshitiz,ayushshringi,hitarthiitb,dagasarthak,sourabhchrs93,shoryaconsul,siva11,suryaiyer95,akashsaini163,tandon.pulkit,ashlesha,aritra.l895,varshith178,kirtikantsahu14389,aravindh.siddhu,anant.jaikray,priyadarshi56,karthikporwal7,p.k.sahaelectronics,jontyjashan,sukhi1251,ranvirranaiitb,rupesh_chaudhari,mustafa.lw,irfanmk,mahesh.anigol,ksiddharth435,abhimanyu.iitp,vivekarte24,jaineshdoshi,maneeshmeena7
peterson91x,josip23,zdenek.hrebicek,demeter.kykolka,machacek.jan2,martintatak,lukas.janic,d.pamanek,markoshappy001,xskals01,mmod,kapoo,xkopul02,kozmos,36tiger63,richardjanac,petr.stastny.94,kalab
martin.stusek,radek1234,xbosti03,xkrejs02,xvalik00,mahor12,vojtisek,dusouuaa,vetrelec,honza03,springer.radek,chlupatej,gr4viton,xnohaj00,xkrcma12,xdusek19,zoidbergus,chlad.miloslav,elektronix,xkrasn04,sfence,rhrdina,xhulav00,xbarin06,coarser,xhajek29,junekji,xsebes15,johnymichal,lucky99,xhavel04
x.chen311,taxochacon,hamed.shamkhali,zhouzhao,nblanc4,amehrn1
zhouzhao,nblanc4,x.chen311,giovonik,taxochacon,lifeiscool84,hamed.shamkhali,lphelp3,ayoun55,daniel.lepkowski,dravar1,pchaco2,tallis,amehrn1
tylernichol,azariasdolores,rubel05eee,gaurav.sheoran88,andresvaldepena,linkquiver,sumedhagandharava,sepideh
nam.hyeonwoo.7,wngustlr5936,wjh4026,qkssms1,junseog.jeon,jongho7950,nanosap,gyeongsu.sim,oh.donggi,cyj667,weare1235,ssong4667,ssj5711,dowkzld1010,1218g,thfqkddnf159
nam.hyeonwoo.7,wngustlr5936,wjh4026,qkssms1,junseog.jeon,jongho7950,gyeongsu.sim,oh.donggi,cyj667,dowkzld1010,1218g
nam.hyeonwoo.7,wngustlr5936,keeyeol,wjh4026,qkssms1,junseog.jeon,jongho7950,nanosap,gyeongsu.sim,oh.donggi,harusari7,cyj667,ssong4667,weare1235,dowkzld1010,ssj5711,1218g,thfqkddnf159
vlsifablab,akshatakki,pragatiagarwal,nitten,ashima02,shikha14vlp10
amr1992ahmed,eng.mustafa.k,krepton,amnsawaby,abdelrahman.heikal,eng.raghda2011,eng.samehfares,abdelrahmansf,karim.mohsen.1984
himanshugautam1908,vlsifablab,sharma9shikha,akshatakki,shipra.sharma.161,pragatiagarwal,sonamjn98,nitten,priyanka.sarika1992
himanshugautam1908,vlsifablab,sharma9shikha,akshatakki,shipra.sharma.161,nitten
chunyu.li.330,ronanrice,jl3920,stan.tseng.3,enmin.shih,sj2659,btran2,ktien,js4691,alexxucui1988,pc2671
claudia92,afernando240,naiavazquez,dlx_ares_sp,brigitt3b,danigonzalezarmesto,jfernandeztoribio,irenujamc,aeromexico12,soragorn91,jufrancisco,jacopo.repossi
haitianxu,tylernichol,linkquiver,azariasdolores,rubel05eee,gaurav.sheoran88,andresvaldepena,sumedhagandharava,sepideh
kcantley,tylernichol,linkquiver,azariasdolores,rubel05eee,gaurav.sheoran88,andresvaldepena,sumedhagandharava,sepideh
claudia92,afernando240,naiavazquez,dlx_ares_sp,brigitt3b,danigonzalezarmesto,jfernandeztoribio,mfrr3,aeromexico12,irenujamc,jufrancisco,jacopo.repossi
vgaddam1,agurkhe1,vpamidi1,pnagabh1,rajatarun1,nkitamu1,jchappa1,mpallay1,nuttar1,hkim241,rushuifang,pragunbabber,nagabhyruphanindra,mymf8,15vivek92,rohan.joshi321,chigurupati.akhi,beckydeng1234,arfat,ipatka1,jpeter13,leonppontes,karmagn1,jrivas2
afernando240,naiavazquez,dlx_ares_sp,danigonzalezarmesto,jfernandeztoribio,irenujamc,jufrancisco,claudia92,jacopo.repossi
jwang70,niuniuniu,cguo7,luopeng901223,yuwei.li.39,niuyinxun
azamat,cthulhuchgk,julia,eugene.buntov,ozeum,sergeevandrew,stas,n.s.begun
nam.hyeonwoo.7,wjh4026,jongho7950,ssong4667,dowkzld1010,1218g,wngustlr5936,dkdud6874,weare1235,ssj5711,qkssms1,junseog.jeon,oh.donggi,keeyeol,gyeongsu.sim,cyj667,harusari7,nanosap,thfqkddnf159
nam.hyeonwoo.7,wngustlr5936,wjh4026,qkssms1,jongho7950,gyeongsu.sim,cyj667,harusari7,weare1235,ssong4667,1218g
nam.hyeonwoo.7,wjh4026,jongho7950,ssong4667,dowkzld1010,1218g,wngustlr5936,dkdud6874,weare1235,ssj5711,qkssms1,junseog.jeon,oh.donggi,keeyeol,gyeongsu.sim,cyj667,harusari7,nanosap,thfqkddnf159
ib46712,dani36,vlatko2204,karlo.uchytil,aykutkabaoglu,shegz,zeki5505,fantinokarius
claudia92,afernando240,naiavazquez,dlx_ares_sp,brigitt3b,danigonzalezarmesto,jfernandeztoribio,irenujamc,aeromexico12,soragorn91,jufrancisco,jacopo.repossi
claudia92,afernando240,naiavazquez,dlx_ares_sp,brigitt3b,danigonzalezarmesto,jfernandeztoribio,mfrr3,aeromexico12,soragorn91,irenujamc,jufrancisco,jacopo.repossi
mintz026,tanchi69,macve004,schmo025,samrobinson.g,baier043
cbunker,btramme,barkaloww,cbg888,forrestson,mishra24,jmillerh,arnabjghosh,sstoddar13,catneff,jamesbob007,huangwendi0623,barker7,clarencechan0427,dsenpurdue,nanderson,rtjahjon,parthsharda11,ktalathi,joelschwallier,suzanne.bagnoli1,tarang.saxena.5,li1014,shah153,hackers,davis538,marti578,connor9001,robbyc.stevens,mruggier,young192,xinyanglu,saurabhsaboo14,philitup5,hansen56,jtwirtz,lchristl,jcgerber,eck.justin,smohler14,humphrey.ariel,bhat.utsav,dandichen0502,genius9367,lzc360448787,b100curry,dandaman9753,silverfoxno10,sander75,rstemme4,sms2157,delreajc,cheng.chen.121772,crawfo20,mapolaya12,kreed321,cindyq1200,zhang767,sgranger112,rubioc,aquirini,rfinch,luke.polster1,zhinz,tpalcheck,cyberg95,dmills1028,jennifer.janusz.5,little12,ateays,dylan.simpson.832,kpm1669,qmm7,suzannebagnoli,allan.calomino,jordanm,ryanspesard,dylanjmadden25,johnhenry.fischer,wbrumlev,zjuliot,hpascoal,jpej,bojun.song,jhoffine,nicksand84,ifrankpurdue.edu,neal27,xuzhenlei,nasirbilal,bsemmens,nkochhar01,low0
bruce6,low0,mfulwid,kx,eck.justin,tomohiro18
wbrumlev,rtrostle,sotongnic,yasinalaa,elum,nzabikh,nathanw594
mitchellrainey,gjandersen,bdmich,zhuqingl,zbylicki,ewbruns,ben.waldschmitt,aoser,srconn,renchenhao,jwvetter,jaweber93,jchammen,xinhangs,rachel.philiph,ryanwalk,jritland,zradecki,jrcollier14,joeregen,pawilson,that.one.kid.robin,max.wood.58,noel.aguirre.96,samdamandias,jkuderer
parsonsm,zhu431,tictonk,aianlo,pangb1,kaiser17,robin198,jtrouba,li1470,pnorman,clandon01,mkatamba,fiferj,pspagnolo72,jinghan1022,ahmed49,paulleonc,smithjared1994,cohen.jakedavid,thoma386,astronut95,ramirez28,adithyabhattachar,mcapestr,woodsh,telliott,theresa.saenz.1,dacapo007,sullivaf,kim383,jfschrad,xphuah,posta,sboes95,jiamanhe,lim154,gflesner,glinvill,richa201,azzedinr,alexj9,horner4,lopez86,ncain3,ross_piedmonte,spschriver,mjankowicz,lucas.ray.169,hallowj,mmckinne,czy121301,tcurtiss,jcassady30,vganapa,nspear17,tbruttom,tlshelhart,haojiex
wngustlr5936,wjh4026,qkssms1,junseog.jeon,jongho7950,gyeongsu.sim,harusari7,weare1235,ssj5711,dowkzld1010,1218g
davlopcar1,claralevaz,blanco02,lurodri93,tinaforja93,anajacval,marinieves93
amranx88,mpatchen1,jwang70,long7guo,cs24451,wangjunshu1003,wj271503,luopeng901223,yuwei.li.39,niuyinxun,dlei3,nanbo8,prindaria,mohdsyahrinamri.mohdnoh28,jessie7shi,zhengpuguangsjtu,zhaoxm1107,uos,wqs1992930,l_lopez645
amranx88,cs24451,jessie7shi,zhaoxm1107,luopeng901223,wqs1992930,dlei3
niuyinxun,amranx88,qiushiwang,mohdsyahrinamri.mohdnoh28,cs24451,jessie7shi,wj271503,zhaoxm1107,qiushi1,wqs1992930,dlei3
amranx88,qiushiwang,jessie7shi,qiushi1,wqs1992930,niuyinxun
matthewpatchen,c1059217,wj271503,msamohdnoh1,jasonlp11,mohdsyahrinamri.mohdnoh28
jwang70,c1059217,cguo7,williamzhao1107,pzheng7,cs24451,wangjunshu1003,luopeng901223,c786605443,yuwei.li.39,niuyinxun,xuanmingzhao,dlei3,wangj879,nhleo0028,schen62,jessie7shi,zhengpuguangsjtu,wqs1992930,leidanqi92518
bsherr,cleaf30,rgomesal,randal.s.baron,mjlareau,ebrown18,asar2525,jdeforge,roipf,ajkeith15,ctillson,pbergin,rtaft15,evan.albert12,cdeloren,paolodrossi44,mcl01190,braedonlohe,fsansoz,mpereir1,jlister93,binh.bui.387,jpvander,tgallant,cjohara9992,carcovit,tgarrow,ncareyuvm,marcus.wilkinson10
methusela,sonoftheson,hoffmeister113,marshm3,swartr,mangiv2,barras2,clinton.halloran,rickak,aaldee,ladyace88,colm.grant93,lees23,lphuang,siddharth.s410,choicexu,willisis2,brayfc,pstrhbn,simona5,leichen312,hodsod,alex.levenstein.92,cretea.pikes,sarelistraub
methusela,sonoftheson,marshm3,mangiv2,barras2,clinton.halloran,aaldee,ladyace88,ssjadeguardian,lees23,lphuang,siddharth.s410,choicexu,brayfc,pstrhbn,leichen312,alex.levenstein.92,cretea.pikes,simona5
rlh5,snowjm22,brc3,mjb18,cainecole,dlipke,enelson1,bananobunch,stl4,amf8
methusela,willisis2,alex.levenstein.92,hoffmeister113,cretea.pikes,swartr,pstrhbn,colm.grant93,rickak
rlh5,snowjm22,bmonster88,mjb18,cainecole,enelson1,bananobunch,stl4,amf8
sali12,zhoffm,sho1123,cullenglasgow,jefrin,schiavo1,pakelti2,ajwisni2,adiassasino,ed.tir.1,kregel2,ndunlap2,samsrajer,zhensun5,jylin4,melissagoetter,zhanshi,mantianxue0101,dlitt2,crosent2,eaallen,cwojtan,mpunuk,asimha2,ruining2,ntxuby,jkim561,hmajith2,frankkelly47,buhl2,myang39,qinglin2,mcheng94,ecyoung,jacobcamp1,dchlebek2,whu14,lachwsk2,mlandi6,17staru,laurentaylor,mchu5,dshi10,jonathan.lin.773,rishychacko,zwu27,julia.zuo,alvinlvalysa,mingye.gao,clopes2,sdschmi2,me1291441,cgu8,szhang87,sdhanak1,grober.dan,adam.brown.39395033,nocyama,bshen9,a_kuzni2,shoppe2,khuang31,ywada3,beng3,pierce.randle,naveedjamali7,dpapanicolas,tianshu2,yyao13,slbecke2,jedrals2,deepakcmani,reisber2,amber.snil,stephanieh,dman5505,gracepakeltis,dkuai2,pokhym,njamali2,nlee17,shenxinrusue,avelard2,dli29,antony.huang.129,statar2,kagebei2,gooneti2,warpins2,gsharma80,shirley123xiong,jaikarnik95,yliu181,emfoley14,prandle2,chunxu2,hzhou30,talee3,hhardin2
ladyace88,sonoftheson,marshm3,cretea.pikes,brayfc,mangiv2
ladyace88,cretea.pikes,marshm3,sonoftheson,brayfc,mangiv2
ladyace88,sonoftheson,marshm3,cretea.pikes,brayfc,mangiv2
ksnvikrant,jhyang,timchamb,dmfreema,yingma,gann.reddy,wband,chandraveer,mdsalahuddin,joannamm,son536,aak126,ramansbach,efrainhr,jianluo,hzxsbigpig,afchadwi,bluefish817,kubra87,laagesen,njchen,wxiong
amr1992ahmed,krepton,amnsawaby,abdelrahman.heikal,eng.raghda2011,abdelrahmansf
salman.manzoor,fywudi,timmerix,sulemansami,pkoswatt,maitreyadutta,harshadsurdi,treblitz,rfang4,saba.rajabi,gxinchen,zjufennizhang,yinglei8888,a023087,a80718113a,ionman1968,wangld11,pfirth,sapman,jianyi.gao.1
hamsin1011,chony1637,choys2012,nobellant215,changjo19,joonhanyi,daehyeon.kim.585
suvinds,weihonghe.ee,weng448,defy1984,lofaldli,nightlord666,yuxinsun225,longpear,ruichen77,javman1986,alauchtz,qq2524233,speedyfro,magnus.mariero,danielb,hugh.braico,silja_bogfjellmo,maij,zjqhero266
nam.hyeonwoo.7,wngustlr5936,dkdud6874,junseog.jeon,jongho7950,ssj5711,dowkzld1010,1218g
qkssms1,jongho7950,ssj5711,ssong4667,dowkzld1010
dluna16,slinanromero,cdaza933,paulobp,wa.forero10,am.alarcon346,msantiagobp88,franz,ticesa
jrfarinas13,carmen.adel.56,jledesma5,scampolla5,alfredo.gonzalezflores,raymundo.delarosa1,fernando.torres.906,dedeniega,supersaok666,flsilva,boniljor,aeron17,jperez35,icorral,donnadel,fandrade5,oring5express,eddierocha79,hugo.solorzanocampos,steese2000,antonl09,gabriel00274,rm.mutz,jamartinez16111982,pfrodriguez,felipe.sanchez.127,stella,thisoneworked,rocolo14,michael.e2005,ecarodelcastillo93,mariana_quantum,tmaldo22,andres.medina.79219,ericdodgers3,gjesparza,itarin08
jainilgpatel,stefanieark,polemale,archduke900,bboylekz,anthony.remo,kaustubhshah,sloppyjoe911,matt.deno93,xinnancao,kfaist,dgevans86,dheer.mehrotra,csabin18,soyabk1198,hollybo,hassanin74,palmbeach316,weicong,kbradley411
jainilgpatel,kyleeng,dgevans86,woshiee123,patnilki,dmills9,czy248200289
alshahrooor,chahid_abdo,javier.laitue,lettycastrejonbarron,almansouri,abalshuaibi,mtgho
rarshad,lazyasfcuk,dginoza,pf8363,bshanmo,wuyiyang,sambeau,jamesbezuk,capel,nourin,annaswan,yany,abesary,mounikav,dyour,mpcondak,mkramer1
anonymousperson395,shayanhtc,farheenjahan66,babarchacher,mammadsiddiqui15,engrmkumailali,sabanazir001,el43
alshahrooor,chahid_abdo,javier.laitue,turkiat,lettycastrejonbarron,almansouri,abalshuaibi
anonymousperson395,jazib.kaleem,nabeelahmed956,mammadsiddiqui15,engrmkumailali,shafaqzehra1,juniman29,humi1245
tylernichol,azariasdolores,gaurav.sheoran88,mdmobarokhossainrubel,andresvaldepena,sumedhagandharava,sepideh
yasmin.atef3,a94,hassanism,kareem.waseem,shohdy,ebram.bero.92,lydia.alfred93,felfelflafely,hos.mohammed,ahmedkhaled93,usfmohy,amr_taha_93,sherouknasr24,electro.ahmed,dola47,nadine_atef,hala.adel.142,jerome.mourad,yasmin.adel.ya,salma.ghobara,ahmed.tariq.94.10,hashem.emad,midomatrixrb10,reemakhaled,harvey.hany.71,jessica.joussa,tifa.madboly,shosho.khaled.710,riru94,andrrrew,salma.elshamy.754,ahmad.wael.165,king27med,lailamo95,yousra.azab.9
garrett,noobkiller0,talesdv,polardusk,alexberlingeri,robynstar87,mohammad.kabir92,pardiss1,lemon82124,smalhi,kurt.ahn,curi87,talonchandler,mankity,jethro4,gfbeales,michaela.ragoonath,aabadi,emilyxu1995,jiwhan328,sports,pwnt818,ncrofty,ellinorcrux,wphan604,linus744,nchiu94,williamtbwright,ibnul.hussain.1,nicolas.ivanov94,gcasey,casey.gx,lejaym,eece_user_03,bkbkbkbk,trafalgarlove,leehyungjoo94,ice7ven,malonej,sj306,tashfiq.yazdan.alam,james.q.feng,sanguoshaisawesome,pouriagh
minwoo.kong.1,2kanghee,ckddns777,kbbc1234,kiseob.jung,phwoook,fermioncj,shinyoung.park.5688
abdullah.alshuaibi,alshahrooor,javier.laitue,turkiat,lettycastrejonbarron,almansouri,sumeyrakrs,mtgho
anonymousperson395,nabeelahmed956,mammadsiddiqui15,khudaijasaleem,sabanazir001,humi1245
josh.morris.92167789,barofske,riessa,hallmat,alhaninb,audrey.hendon,adam.argetsinger,zplotzke,elzingan,ganzevol,drew.sheffield.10,deboerad,gilletry,tatchinj,vanossp,wieling94,gmorren11,gaigalac,isaac.labean,westrab,hinchmaa,czajkows,void191,dkarnazes,johntylerwallace,junkinja,wilsscot,hunterla,warnemar,jiaolh,lavignan
nam.hyeonwoo.7,wngustlr5936,wjh4026,qkssms1,jongho7950,gyeongsu.sim,cyj667,ssj5711,weare1235,ssong4667,dowkzld1010,1218g,hyukdoo.jang,thfqkddnf159
nam.hyeonwoo.7,inyeal.lee,wjh4026,jongho7950,ssong4667,dowkzld1010,1218g,hyukdoo.jang,wngustlr5936,dkdud6874,weare1235,ssj5711,qkssms1,junseog.jeon,dowkzld10,gyeongsu.sim,harusari7,cyj667,nanosap
nam.hyeonwoo.7,wjh4026,jongho7950,harusari7,ssj5711,dowkzld1010,ssong4667
dyoon11,yoo66,zhensun5,faizal2,dmcgovern88,jacobcamp1,a_kuzni2,aniruddhshivram,antony.huang.129,simpkns2,qiujiezhao1994,gip0441
nam.hyeonwoo.7,wngustlr5936,qkssms1,jongho7950,gyeongsu.sim,cyj667,harusari7,ssj5711,ssong4667,dowkzld1010,1218g
shalinijr1993,danshields1134,sava.popovic.1993,sxa5283,wchen117,xxm614,ryan.nigh,williamferrell4,yww5270123,manicho11,acs5538,tqd5098,zetanpsu,rvw5155,mef231,ccolina,nas5467,jav5318,jfj5017,jmanbaseball,njc5188,psuheyalong,black.paulj,excaliburorz,rfs5115,ras5763,tdh5096,eiw5060,alexhigh419,mrahn,dontagadson92,efrock2,ajh5615,calebyoung26,pvs5183,rsa5107,ama5801,controlad2,mingyuezhang93,nqb5128,zenger,ppp5068,landcarp,rrh5100,rinkal23,hxn5042,yyx5048,jvm5700,sop5346,neil.karmaker,jjf5345,jmz5169,wmi5002,svk5434,hanna0993612,mls5686,zhouhn0413,nss5132,ram5798,jof5213,mikewilkie,ajc.constable,sew5166,rav5132,pmb5191,wpm5039,nathankeilbart,h.bomb.rauchinator,bhwatson14,owe5014,zelong,yww5270,rws5608,tyler.merica.15,fon5018,ssm5275,jkopatz10,gt2199,ryan.romesberg.98,baonanqi,clc5537,yvl5323,jawaher,lmr5491,yzz5174,rsweny33,mjb5893,jeff.kronz,pnw5011,cmmiller67
mingyuezhang93,nqb5128,jfj5017,ppp5068,zenger,danshields1134,landcarp,guizetan,jmanbaseball,fatinazizi94,sxa5283,xxm614,hxn5042,yyx5048,zelong,yww5270,sop5346,black.paulj,neil.karmaker,rws5608,manicho11,excaliburorz,jjf5345,jmz5169,wmi5002,rfs5115,tdh5096,jkopatz10,eiw5060,ryan.romesberg.98,mrahn,efrock2,yvl5323,a_hallway,yyz5263,jav5318,pnw64000,yzz5174,sumant.sai,calebyoung26,zhouhn0413,rvw5155,pvs5183,rsweny33,ram5798,jof5213,rakan115,ajc.constable,nas5467,controlad2,rav5132,whf4psu,jeff.kronz,cmmiller67,pmb5191
calebyoung26,zhouhn0413,pvs5183,shalinijr1993,landcarp,mikewilkie,sxa5283,black.paulj,clc5537
tyvyu,tale.pejcevski,rahilka,kafe93,thegermanac,marko.juice
nam.hyeonwoo.7,wngustlr5936,wjh4026,qkssms1,jongho7950,gyeongsu.sim,cyj667,ssj5711,weare1235,ssong4667,dowkzld1010,1218g,hyukdoo.jang,thfqkddnf159
nam.hyeonwoo.7,wngustlr5936,dkdud6874,wjh4026,qkssms1,junseog.jeon,jongho7950,gyeongsu.sim,cyj667,harusari7,weare1235,ssong4667,ssj5711,dowkzld1010,1218g,hyukdoo.jang,dowkzld10
trander1,agurkhe1,vpamidi1,pnagabh1,nkitamu1,mpallay1,rjoshi4,nuttar1,hkim241,rushuifang,pragunbabber,mymf8,15vivek92,rohan.joshi321,beckydeng1234,arfat,ipatka1,jpeter13,leonppontes,karmagn1,jrivas2
nam.hyeonwoo.7,wjh4026,jongho7950,ssong4667,dowkzld1010,1218g,wngustlr5936,dkdud6874,weare1235,ssj5711,qkssms1,rlagop12,hyukdoo369,junseog.jeon,oh.donggi,gyeongsu.sim,cyj667,harusari7,nanosap,thfqkddnf159
nam.hyeonwoo.7,wjh4026,jongho7950,ssong4667,dowkzld1010,1218g,hyukdoo.jang,wngustlr5936,dkdud6874,weare1235,ssj5711,qkssms1,junseog.jeon,keeyeol,gyeongsu.sim,harusari7,cyj667,nanosap,thfqkddnf159
nam.hyeonwoo.7,wngustlr5936,dkdud6874,wjh4026,qkssms1,gyeongsu.sim,weare1235,ssong4667,dowkzld1010,1218g,hyukdoo.jang,thfqkddnf159
trander1,vpamidi1,pnagabh1,languageofsky,rajatarun1,mpallay1
trander1,vgaddam1,agurkhe1,vpamidi1,pnagabh1,rajatarun1,nkitamu1,jchappa1,mpallay1,rjoshi4,nuttar1,hkim241,rushuifang,pragunbabber,mymf8,15vivek92,rohan.joshi321,languageofsky,beckydeng1234,arfat,ipatka1,jpeter13,leonppontes,karmagn1,jrivas2
tribunus.vii,matthewpeters2013,newtons4thlaw,ealster2004,smarks13,mbarona2,laurendellon2014,david.chen.david.chen,yingyu2012,karsonleperi,rrb915,clw802,aiscen1,jedelbrock,hakyung.kwon,camille.b.18,kurinji,mjskwarczek1,ealster,kevinchiou2019,redmondlhota2015,arisb26,iza.samek,whmadan1990,aribenjamin2014,boranma,benbucior,jch371,zmc912,monkeye26
henryniiotu,kwabenaasante66,josephdaafuor,slimsavern,banang11,deekay01,kanbogtah.dindomah,eislebd,appfranklin,kingsford.asare.31,brakokofi,mightystar
xmucha05,jan.machacek.12,markoshappy001,sodyn,d.pamanek,36tiger63,kalab,peterson91x,asterixias,ondrejpijacek,alien007,aspektxxx,detroitracer,xnguyz07,xskals01,xwalte01,dddddaviddddd,josip23,lukas.janic,dubrma,xkondl,xvozar02,kapoo,xkopul02,mmod,sedlons451
ae.villamil1990,jorgeos,raizcuadradad,horo,hernan.rojaschitiva
radek1234,martin.stusek,xzmesk04,dudamichal1992,mahor12,nomaxx,dusouuaa,xnohaj00,xkrcma12,xdusek19,budysvk,elektronix,xkrasn04,nomad.007,xarbos,xjelin36,sfence,xbarin06,xtesar27,coarser,xhajek29,lucky99,xhavel04,vojta.moravec
gottwald9,johnymichal,zoidbergus,xhulav00,rhrdina
jrfarinas13,gwsimmons,jledesma5,scampolla5,alfredo.gonzalezflores,raymundo.delarosa1,fernando.torres.906,dedeniega,boniljor,flsilva,donnadel,josueperezcoello,fandrade5,oring5express,eddierocha79,hugo.solorzanocampos,steese2000,gabriel00274,rm.mutz,jamartinez16111982,pfrodriguez,felipe.sanchez.127,thisoneworked,stella,ttowner94,rocolo14,michael.e2005,ecarodelcastillo93,mariana_quantum,tmaldo22,ilzee.tarin,andres.medina.79219,ericdodgers3,gjesparza
gottwald9,johnymichal,zoidbergus,xhulav00,rhrdina
cloverwang22,kongxy10,taslima_86,czf0504,gengyuan.chen,jiyunpark,mertyigit
peterson91x,lukas.janic,xmucha05,dubrma,36tiger63,aspektxxx,xskals01,sodyn,kapoo,d.pamanek,xwalte01,geralt.v.rivia
dddddaviddddd,xlefle00,josip23,zdenek.hrebicek,lorant124,kalab,xkopul02,richardjanac
mahor12,martin.stusek,dusouuaa,vetrelec,chlupatej
radek1234,xkrasn04,nomad.007,xhavel04,xdusek19,dohnalosobni
peterson91x,lukas.janic,xmucha05,dubrma,markoshappy001,36tiger63,xkondl,aspektxxx,gr4viton,xskals01,sodyn,kapoo,d.pamanek,xwalte01,geralt.v.rivia
coarser,lebeda,xhajek29,xarbos,xnohaj00,chlad.miloslav,dudamichal1992,vojta.moravec,xzahra18,zoidbergus,sfence,rhrdina
mahor12,martin.stusek,dusouuaa,vetrelec,chlupatej
xtesar27,gottwald9,honza03,lucky99,xjelin36
jrfarinas13,gwsimmons,carmen.adel.56,jledesma5,scampolla5,alfredo.gonzalezflores,raymundo.delarosa1,fernando.torres.906,flsilva,aeron17,josueperezcoello,fandrade5,eddierocha79,hugo.solorzanocampos,steese2000,gabriel00274,rm.mutz,pfrodriguez,felipe.sanchez.127,thisoneworked,ttowner94,rocolo14,michael.e2005,uriel.samaniego.3,andres.medina.79219,ericdodgers3,gjesparza,itarin08
azamat,cthulhuchgk,julia,ozeum,sergeevandrew,nikitadaianov,stas,n.s.begun
boniljor,ecarodelcastillo93,roberto_oc1,stella,mfmartinez4
salman.manzoor,fywudi,timmerix,sulemansami,pkoswatt,maitreyadutta,harshadsurdi,treblitz,rfang4,saba.rajabi,gxinchen,zjufennizhang,yinglei8888,a80718113a,ionman1968,wangld11,pfirth,sapman,jianyi.gao.1
dluna16,edrevelo10,slinanromero,cdaza933,paulobp,wa.forero10,am.alarcon346,msantiagobp88,franz,ticesa
jfoyer2,melissacrawford396,skong10,eli.longbottom,langas2,lpfung2,jmxscrs,sid.muthal,wang.xiaohao.3,pschmid28,afscg,michael.gao1,jmmille6,rlmcdon2,ammartn3,akagti2,svemulapati,ryanc,icetree,samdawg,andrumar10,bluewaves3141,yizhu3,jesse.w.gunderson,icyroderick,intae12,jochoe1,coleymei,cgooding1,csbaile2,lucas.liu.3367,jagraha2,gregorlax37,hhkkkxxx133,luminoussky07,jjleigh2,jdolins2,jtolin2,didizuibang,mkersten,tkao4,rshah82,ducharm2,june,adatia1,shmeeel,lingyi.kong.5,siddharth.bidasaria,peterwu2,aabi10,pvuong3,wonho.chungy,gabriel.su.7,wyattsmcall1,titusfong,balsaofthespear,hjko0107,sataylor8,kenned45,li160,lin.joanna.y,marjorie.dallmann,hpark90,knipfer2,pramesh2,janewjp501,renagade4,pandabrewski2,drennan1,stanley0010703,cookie.green.7798,kkoppula2,xiaozhouas,dgardne2,frostybeverages,kakaxizhixin,boisver2,bababu,shravan.gupta,psroy2,jtcohen2,sulaimn2,xxchriskimxx,koliva2,haller2,jake.didier,julia.zuo,rishychacko,aklaas2,vinjamu2,chenxid,minsu.yu,eperbohner,cychan3,tjroger2,yfang12,njalexa2,dalong2,joseibert93,tapeterson2,jp199275,shuoliu3,sam.chuanxie,dpapanicolas,jaber2,ojoya24,nbruck2,kloseliebej,matteo.hoch.1,mohsaad,andrewhowell,cledesma2331,deepakcmani,kwh1210,jchardy2,ozoude2,cmschuetz,ashah13,mjtomei,rdatta2,abhimanyu.khandelwal,prashramani12,avandorn1,dtaylo21,d82232004,mrhennek,wratner,jbrown76,sheelshah22,fhismail,romanomatthew23,eric.ayala2,sxu32,pablorosas,kote.deepa,han109,thexcguy,dyangsteven,ysheng5,cyim2,mattfedd,lcheng12,saurav.puri,iseri2,rstang2,lfirpo,bob.kummerer,cmao3,gsharma80,rahul.bhatia.k,keward3,mrloube2,caily1995,hzh631038469,bhjhnsn2,eya369,vigneshka,fliu14,rodrig67,jkravitz61,ablandi2,paulmis2,nanohub77,yarrama2,salman2,yjiang71,sauronalexander,coolcristobal,vbahl2,kaaere94,obrzutkevin
anonymousperson395,jazib.kaleem,shanno447,farheenjahan66,mammadsiddiqui15,sabamalik000111,zulqarnainshah15,khudaijasaleem,el43
yixiong.li.5,me_i,cyim2,funnyseanyu,shmeeel,ngeleza2,lzy329287313,gggrade
julia.zuo,ramu2,zelun.luo,glink09,magician03,maximumsam6,ychen361,aldave,irtwiaos,zerohp,zwidder,mgrawe,ngpeter2
jazib.kaleem,maheenjd,khudaijasaleem,talhathefuture,tubafaizan,jazibabidi,sabanazir001,mariamchoudry,alifyah1,malihaashraf05,basrahafeez2000,sana_shaukat2005,sumbul,atiyab,tab1,mammadsiddiqui15,nageenkhatri,engrmkumailali,aq.mahmoodqadri,ruk_tuk,sidra30,nabeelahmed956,farheenjahan66,samreenasmara,tehreemzehra,shafaqzehra1,anm_92,sameer786
maheenjd,ahsansag94,sanam_sarwar,saadhussainconquer,talha.aly,aliirfan13,sanafaiza,syedfamily222,sabanazir001,s102,mariamchoudry,sidra2020,alifyah1,faizansalehshaikh,malihaashraf05,ramal.jafri,zainzia,sumbul,atiyab,erumnida,urooj.fatima.3745,el301el302,ali.mubashir2993,el93_el96,saadmohsinsiddiqui,babarchacher,nageenkhatri,ruk_tuk,sidra30,m1,esaleem71,samreenasmara,el83el85,huda.parvez01,khwaja.nabeel
maheenjd,saadhussainconquer,talha.aly,mdaniyalmansoor,sidra2020,alifyah1,ramal.jafri,zainzia,malihaashraf05,sana_shaukat2005,sumbul,tab1,risik,ali.mubashir2993,x_man,nageenkhatri,ruk_tuk,sidra30,anm_92
yusra_ammara,el93_el96,sanam_sarwar,saadhussainconquer,faizansalehshaikh,esaleem71,malihaashraf05,aliirfan13,el83el85,daneylpasha,ramal.jafri,el301el302,sanafaiza,syedfamily222,saqib.dastagir,erumnida,x_man
ja.martinez1423,dluna16,gp.salazar1970,slinanromero,s.mendez10,bestkira,qwertyuiopq1,asmelkav,franz,ticesa,pa.guerrero2498,edrevelo10,prietonico,sue.pernett,wmrey,jezl8,afpimi,msantiagobp88,tronicdcam
jrfarinas13,carmen.adel.56,jledesma5,alfredo.gonzalezflores,amypaulinamedina,fernando.torres.906,flsilva,aeron17,clubitup,gregorio.simmons,icorral,donnadel,josueperezcoello,fandrade5,antonl09,gabriel00274,rm.mutz,pfrodriguez,felipe.sanchez.127,stella,thisoneworked,ttowner94,rocolo14,michael.e2005,ecarodelcastillo93,mariana_quantum,xabyblack,ericdodgers3,gjesparza
crismago,davlopcar1,claralevaz,blanco02,lurodri93,acojim,luiararol,anajacval,marinieves93
xtesar27,gottwald9,honza03,lucky99,xjelin36
s3498837,harshini,s3526390,s3495790,s3472907,s3513955,s3416825,s3525533,s3383281,s3499389,s3522008,s3525659,rosscap,s3330480,s3285100,neeragmodi,josegomezdavila14,patrickrossiter,s3333177,s3495868
s3330480,s3285100,s3383281,s3499389,patrickrossiter,s3526390,s3495868,s3525533
chadecon,crismago,claralevaz,tammurvil,blanco02,lurodri93,acojim,tinaforja93,luiararol,anajacval
chadecon,davlopcar1,claralevaz,lurodri93,tinaforja93,marinieves93
c0ndeastar0th,ae.villamil1990,hernan.rojaschitiva,davidar9182,jorgeos,raizcuadradad,horo,felipe_249
hangbui,boyer2424,jcoolpepper,ghartma,kritim20,mmsadeghi,pakles,sesulliv
achuma2501,aravindraja145,ajithaxavier,nithya1031996,prisky,prabha23,arkamandal,divyas,gouthami,pr13ns026,stephena26,arthiravi1996
firasatqiya,mrsm1l3yz,yusufhakimw,keti,rafikasari,robieths
cclement093,meganmazzella1,smikhail93,vanessajarbo,jingtang,jesulek,pjmanso2,mrkowalsky
achuma2501,pr13ns013,aravindraja145,ashinaa,ajithaxavier,nithya1031996,prabha23,abifeb10,rupicalois,arkamandal,divyas,gouthami,abisheikv,tamils801,aishwarya,arthiravi1996
rachelrishar,ashinaa,ajithaxavier,nithya1031996,richellerego7,youvanidha,prisky,rupicalois,abifeb10,arkamandal,stephena26,tamils801,aishwarya,pr13ns017
nithya1031996,prisky,arkamandal,divyas,pr13ns017
pr13ns013,rachelrishar,aravindraja145,ashinaa,ajithaxavier,nithya1031996,richellerego7,prisky,prabha23,abifeb10,arthiravi1996,arkamandal,pr13ns026,abisheikv,tamils801,aishwarya,pr13ns017
pr13ns013,rachelrishar,tonygeorge1995,nithya1031996,richellerego7,youvanidha,arthiravi1996,abifeb10,rupicalois,pavi.62kumar,arkamandal,divyas,abisheikv,stephena26,tamils801,pr13ns017
achuma2501,ashinaa,ajithaxavier,richellerego7,youvanidha,prisky,prabha23,abifeb10,divyas,pr13ns026,tamils801,aishwarya,arthiravi1996
achuma2501,pr13ns013,tonygeorge1995,rachelrishar,aravindraja145,ashinaa,ajithaxavier,nithya1031996,richellerego7,youvanidha,arthiravi1996,abifeb10,pavi.62kumar,arkamandal,divyas,stephena26,aishwarya,pr13ns017
beatrice.miccoli,filo91,jgrossman,giacomo.bruno,ihussain899,dconti,arastoo4522,gbruno,pietrozaccagnini,marcomandurrino,mianfarrukhmehmood,berardone3
giacomo.bruno,ihussain899,arastoo4522,mianfarrukhmehmood,marcomandurrino,beatrice.miccoli,berardone3
dswarre2,jddicker,funnywille,jaingra2,sarober4,gthauser,awsmall,ryanmcpherson,camooney
abbaldwi,jongkindjoe,jaingra2,twaters10,apkellih,jmalle10,ryan.farlow.31,secarmea,edeaster,memays2,dswarre2,tjoweida,sanielpatrickk,mpbenbow,kmfrink,jddicker,markitislily,amfarrah,msmorave,dkang4,jtjordan,kgmingay,yyue94,ktsaud,awsmall,camooney,kjmirrie94
rjlarrab,cbdonohu,bepeter2,yyue94,abloutha,daniellestallings4
jlin16,rjlarrab,gwcrego,kgmingay,cbdonohu,john.paton.35,graham.marshall.9889,zzfelemb,bepeter2,daniellestallings4,yyue94,jhgillen,wdcrumpl,bradytrev,elucas
simeonipietro,guillaume_bonnet_93,emhya,luca92.petit,amira.bencherif,raymenae,victoria.mishukova,simonadalmasso,joelchevrier,chiararossi1993,peppe91,aalexis78,giu.meuli,gianmarcodelbono,antea.risso,lorenzo.meraldi,marco_347,lu.iglesiash,francescomanegatti92,ivan.nyhanitra,mahas,alessio.fragasso,maryam.massouras,robin.didier,lefechristopher,mastari.marouane,marco92
niuyinxun,amranx88,dlei3,nhleo0028,cs24451,jessie7shi,wj271503,zhaoxm1107,mohdsyahrinamri.mohdnoh28
nanbo8,elu14yl,rguo4,wangjunshu1003,luopeng901223,prindaria,uos,l_lopez645
afernando240,naiavazquez,dlx_ares_sp,brigitt3b,jfernandeztoribio,irenujamc,jufrancisco,claudia92,jacopo.repossi
jwang70,c1059217,cguo7,long7guo,williamzhao1107,cs24451,wangjunshu1003,luopeng901223,qiushi1,handsomeking,c786605443,yuwei.li.39,dlei3,xuanmingzhao,niuyinxun,wangj879,nhleo0028,schen62,prindaria,jessie7shi,niuniuniu,zhaoxm1107,leidanqi92518,l_lopez645
josephyi,zaynluv00,vicorral92,lewong27,mbrooks8,dr.sreyes,sindelar_ashley,kara.e.mccloskey,rachelhatano
methusela,sonoftheson,hoffmeister113,marshm3,swartr,mangiv2,barras2,clinton.halloran,aaldee,ladyace88,ssjadeguardian,colm.grant93,lees23,lphuang,siddharth.s410,sarelistraub,willisis2,choicexu,brayfc,pstrhbn,leichen312,hodsod,alex.levenstein.92,cretea.pikes,simona5
siddharth.s410,leichen312,choicexu,ladyace88,sonoftheson,marshm3,hodsod,swartr,cretea.pikes,colm.grant93,simona5,mangiv2,barras2,lees23,lphuang,aaldee
methusela,alex.levenstein.92,hoffmeister113,pstrhbn,colm.grant93,sarelistraub,rickak
parsonsm,campb122,alaimana,kaiser17,robin198,jtrouba,ahmed49,smithjared1994,cohen.jakedavid,astronut95,adithyabhattachar,woodsh,theresa.saenz.1,redwing,dtisdale,raphaelkimme,kim383,gflesner,fernandd63,glinvill,richa201,horner4,lopez86,sawa,matthew.l.binkley,ross_piedmonte,glhinkle,hallowj,czy121301,tcurtiss,ljc99,cvieira,vganapa,nspear17,tbruttom,posta
matthew.l.binkley,redwing,raphaelkimme,dtisdale,glhinkle,campb122,fernandd63,ljc99
matthew.l.binkley,jinghan1022,leavittm0,alaimana,pangb1,smithjared1994,li1470,cvieira,vganapa,woodsh,azzedinr
greniray,wendy2015,bmc2531,hkamat,pg3
greniray,wendy2015,trevynhey,bmc2531,twp3,hkamat,pg3
parsonsm,zhu431,alaimana,kaiser17,robin198,jtrouba,fiferj,pspagnolo72,ahmed49,smithjared1994,cohen.jakedavid,haller1,adithyabhattachar,woodsh,theresa.saenz.1,redwing,dtisdale,sullivaf,sboes95,xphuah,gflesner,fernandd63,azzedinr,horner4,lopez86,sawa,matthew.l.binkley,ross_piedmonte,lucas.ray.169,hallowj,czy121301,mmckinne,tcurtiss,ljc99,jackie0212,nspear17,tbruttom,posta
parsonsm,zhu431,campb122,tictonk,alaimana,kaiser17,robin198,jtrouba,nspear17,fiferj,pspagnolo72,ahmed49,paulleonc,smithjared1994,cohen.jakedavid,haller1,astronut95,thoma386,ramirez28,adithyabhattachar,gu97,woodsh,redwing,dacapo007,dtisdale,kim383,jfschrad,sullivaf,xphuah,jcassady30,lim154,gflesner,fernandd63,peachrings,richa201,azzedinr,horner4,sawa,lopez86,matthew.l.binkley,ross_piedmonte,glhinkle,hallowj,czy121301,mmckinne,tcurtiss,ljc99,ajana,vganapa,jackie0212,sboes95,tbruttom,posta,leavittm0
ksnvikrant,jhyang,mdasta,timchamb,dmfreema,wxiong,yingma,gann.reddy,wband,chandraveer,mdsalahuddin,joannamm,son536,aak126,ramansbach,efrainhr,jianluo,hzxsbigpig,afchadwi,bluefish817,kubra87,laagesen,njchen,ajana
mdsalahuddin,ramansbach,efrainhr,gann.reddy,afchadwi,njchen
methusela,sonoftheson,hoffmeister113,marshm3,swartr,mangiv2,barras2,clinton.halloran,rickak,aaldee,ladyace88,ssjadeguardian,colm.grant93,lees23,lphuang,siddharth.s410,sarelistraub,choicexu,brayfc,pstrhbn,leichen312,hodsod,alex.levenstein.92,cretea.pikes,simona5
hojin92,denphi,chinyi,schcats,ldelgass,kennell,mmh,pmeunier,zooley,rafatulfaria,ajey.091,kaimiao,kevin60105,nkissebe,valencid,clarksnano,dkatsadu,hctest3,mathur7,ghowlett,weiyiwang,woodswims,cxsong,htabatab,vdiep,hesam,csmoak,wangyide92,light2,dkearney,nanohueb,abdoul,mmc,jefonseca,hctest4,wang159,gah,areza,atankas,bhaley,samikm,kevyblock,prasadsarang,tarekameen,bmsutton,hctest5,turkstra,swoop,apps
hojin92,wangyide92,dkearney,sreeve,kibech,samikm
wangyide92,kevin60105,sun73,schcats,sobh1,nkharche,goudarz2,sreeve,gah,kibech,samikm,msalmani,nonofrio
cansenelda,jiruotong,schcats,kennell,lalzatev,robin198,mmh,zooley,pmeunier,rafatulfaria,kaimiao,chunyuli,bermel,fang85,valencid,clarksnano,liuzixuan199508,hctest3,mathur7,clarksm,glassd,woodswims,htabatab,sganguly,vdiep,markarios345,nonofrio,wangyide92,light2,dkearney,davgumo,nanohueb,li1114,hctest4,gah,dbenham,ukamran,bhaley,polina.aleks,njtsh,sdhaka,prasadsarang,jy009,msakano,bmsutton,edantillon,swoop,apps
