ahzeeper,mazad,schcats,neopangaea84,pdak,sebrahim,li841,rvenkate,omar0,jolenesingh,instandwu
ahzeeper,acej1213,eigurrola,reedra1,lee251,anujsisodia85
gautam92reddy,neethubal,deepakchandra1991,anandselvins,govindam,priyank89
shemini,roseshaw,tinomlarios,darkskie,koltondrake
mfmarti6,duggan2423,rgnavarr,disaac,swinthu,bmgall,jclittle,anieves2,arator,dbmcguir,njpowell,dzwu1,kbeaudet,diseasedmonkey,klone99,wroggent,jfarrand,soursoup,cbramjet
maryannquidem,js156826,n0ah,nabokovfan87,vome101,wolfdwood,ptran74
maryannquidem,tonyducvo,ragnaros,jwallstreet,vome101,kiranrajgeorge
sunil221,aabedin,mdcmunoz,pevere,hoda,arashsalemi1976,mikekeee,parnimi,fgeenen,reyhaneh_soltan,sarahri,himanshuk,amonge,amjadiq,ccccccccat,kunli,zjy63562688
sunil221,kundozerova1,mikekeee,osamak,amonge,sunxu3325
gandhikunjan,kasturibhardwaj,vibhutiawasthi,neethubal,sreedevi,suhassuraj,gvenkatesh,sakshambhatla,benthomas,gauravmisra,rockinraghavan,vakul319,pavankumar,mihir1190,govindam,suchismitanaik15,anandsatya,shishirsalvatore
suhassuraj,adarshnb,karan0227,vakul319,amanc058,gandhikunjan,abhimanyu123,kesh221,sachinbhatt1989,deepakchandra1991,ajmal123,mudit585,akhiloswal,nivedhan1990,salman_khurshid,preyas3359,pavankumar,mihir1190,rockinraghavan
rdhall,synputh,liubingh,mxnano1,666_dante_666,666dante666,karan129,chenliang,nnning
rdhall,chenliang,hooman4,synputh,mxnano1,666dante666,scronin,karan129,alirezai,nnning
comphyguy,djione,amoore,cawhittern,smalakooti,jchristman,jbcutright
ivorkresic,1ivan1,isrut,goranka,tcvitanic
williamgibb,rlamond,bhavenm,strocchi,dssawyer,aguan88,treede
gfmeyers,jngunjiri,balasus,blakegirl2,apiwowar,drkiraco,elrack,mpacholski,abadami
jlt1317,adilello,maurya.s,kallard2007,ryan_hanlon,bkelly89
amberhabib,shahrukh,ssushj,shiraz,asma1,danishmushtaq,azherkhan,umeriqbal
pc350128,sourdon,wang159,lundstro,sunxingshu
maryannquidem,tonyducvo,ragnaros,bbshaq,jwallstreet,miguelv09,wolfdwood
tonyducvo,n0ah,maryannquidem,ragnaros,bbshaq,jessems,nabokovfan87,miguelv09,smoonbuk,ptran74
fatima_farooqui,arsalananwer,fmzakai,mirza.rashid,saleha
advfab,lzchuan,hazel20,khalidmarbou,jonsin88,amz_e1,cyl,wing89,yewkenwee11432055,mikedd,tedng88,chesslike_123,miney,sam_tan4589,efantasy,xelcius89,sohmw36,applekyee1,maynilan,ericllk,milad_h6,algernon,nafeez,s3raph,kingslytan,niloofar,shoofeer1,holylight,garymp,ryo25,gohsl,choonbeng89,wailing_02,siyien,khosro,crysys,aykie_rush,ban3n3,thongchin,powerkid,shawnbenedict,rustemkz,evilst4r,kcp88,wengseng1989,jervinwong,seeham1,devilbw,yeng521,tancs_82,wailing02,wei_ocw,applekyee,cts2707,ken5555
garymp,jeff1071114545,jervinwong,mikedd,devilbw,yeng521,anai1411,hilako89
tqn289,jordancolburn,j0beha01,shamus_mcnamara,sowmya17,shrikasun
khin0053,mylzc,ruofengsha,ericngch,bh07,zhou0181,zhaodinglong,sunandry,ericng,gocy36,chenxuefeng,abhik2,tkswong,deepu,taobing,wssoh,lgoh3833,johnangela,adayan,nge1,g1101089h,shethpratik,taik0007,skt3227370,hangbbq,sajaygouri,ramakanetkar,gaoy0022,winterfrog,raina2,monica1,zhl0834,andyterry,jessie,vat2k1,e110066,hakleong2002,samsilver,yanjituo,noahperfect,kokll,ngeric,bliu3,tham87,lyli1
tqn289,jordancolburn,sean,shamus_mcnamara,j0beha01,bennyr502
tqn289,jordancolburn,sean,shamus_mcnamara,j0beha01,bennyr502,sowmya17,shrikasun
jenny8523,rajasantosh6,spandana,afsana,rajesharisa
malopez395,ivon0502,anferesa,leonardogm91,jbucheli,dtavera2296,mc.guacheta177,jd.bernal2802,dimigaro,logan.mejia,lc.gaitan2035,pguzman1,camil30,d.de5511,nanoems,miguelortiz11,jp.combariza833,nick13571,david_espejo,ia.bulla548,valenciajd,diegoc906,ap.cuerdo2685,amsuar92
amykk0503,treblitz,nssabbah,rmfoss,adamcalli,aalduwee,dwolters,klarosa
ras620,ejskelnik,ebn494,jlr181,hollaphant,jeffsanchez987,kgu988,sandhyat,dccronin,dglispie,ral262,karly6,domjack,hardliquor,kaitlin0326,petercha,serhanozgul,cockettm,davidlin49,btgoding,heli1986,eek735,chloe126,gretskyw,rvg2013,delphiboy,jwnanohub,adamberman14,jonlaw91,radhika12,slhatch
abronder,jackmo1993,sverma,rparrillo,nickpic90,ajishiotaro,al.johri,mkim1025,ckc043,ta101,mnobrien,noahnuta,abchinen,joonzzz,ezuehlke322,tmckinney,musicdude202,aca821,achalasani11,jdrapekin,kgreenberg360,epa148,achalasani,violaplayer75,rat815,karishang,cto324,jcm112,jrr998,yyuchen,rjackson,jbeck3r,sibarra,lnk645,sirseven,mshi,cchung,fergusma,rgradone,dis821,mnathal,vincericola44,aznchristian,bugmenot,kam470,wdd017,bcaldwell7,lpatel,kerutila,nitestars,clehman,blakekidd2015,oopascual2,scasteel13,nehapatel,nwalia,bohanxing,dchang,nsp483,anvarelas,rkd406,smortensen,jli7,kristil93,slhatch,gracek,jnb385,mattzhou,bherrick,sabinas,kkm195,mab729,aarohi1993,jarnold93,hjk342,laurenk,bschmitz,jtizzelfoshizzel,dteplov,slabrador,all701,jcg786,erinkirton,eramos,sabughnaim,lakintilo,sakim1,jmad593,julitroi,s2rach,akcarlson420,lmw880,kikkaviki,alorenzaucentre,tkaltenecker,palakpatel2015,ksz858,dhuang333,rld391,eschonher,aelliott,henrikwesterkam,tslater13,sotirioskarathanasis,mattfasa,lolitschen,cbinkley1,praju1,krd450,nzaporski,haddenklima,schoo,sab982,wbao2,johnplaxco,frandolig268,rchowdhury,robertbarnes,jsprice23,maraikar,dianaleatha,avyfain,rscholes,mdk016,achatrathi,psb481,victorquan,courtneyam324,devoraisseroff2015,okeowoolatunde,fungerer,hgr752,mgm54,yslee,ka23te,pranavspatel,spencerjsaldana,rbattisfore,skim049,mantzouj,hvw198,cli,yuanxi,prarthana.dalal,cbh364,drsmith93,asipher,clarahofeldt,cynthias361,ckh9393,jennadiaz,shreder2b,mrpika284,jefrandolig228,dlf575,tywon35,jcy197,pchenji,vincentkenny,ashaff993,nym3t5fan,tnchang,drc716,shussaini,epae962,yunkatherine,cjn341,jpadgen,bdt015,austinhunter21,kguo92,jooi,msazo,brandonstaunton,katherinekrupinski2015,van229,bretth444,arjunbalakumar1,cac559,etran27,cearap123,dmarks,kcwikla,aorwasher,ethanritz2015,mph62293,udesai93,fillangrady,cap292,clayton,tkp337,youjinlee2015,prasanth92,sep285,trekkiegus,seungyeonseo2015,mab497,sdz149,smd622,pioneer825,dls977,adonaldson,kpanchal2015,leonardiszekely,lms878,nanohub88,ali.falouji,asanz,pamurphy1,kgancedo,shishuyao,kas617,sjk423,kjohnson07,vrc965,jrjeevarajan
haroldau87,seagraves,abishekk,tgiesa,dbrommer,akn,jaisree,msolar,ccchou,adeirieh,leonsokrates
isankar21,pokemeng,keramat1,josephxu,theyubo,wheele11,drtesla90,roybell,searuff,philip,mccann4,ededens,gruber1,zstone2,mkandel,bredemer,murray18,willwang0737,young10,kantner1,v3lox,xingli1,wells8,fluxayh,azure3t,rooney5,hansanderson,kim325,jashari1,kane11,campbel3,yinghe3,dmgo17,digitalmouse12,chanj45,jasperli,jang34,hanbacca,cialdel1,shah4u19,chitten1,predatorhunter51,takagi1,b3nny312,ren6,vsalovnh,maninpat,garcias1,ammario,zhuxh529,sonicbro,lylo,landin,rturner,bae7,leijin3,jacobs25,shah19,adoboluver,tumblesoup,bilalgabula,profballack,yohanko322,sulas2,mwang53,lincoln5,shiou2,sundstr2,danyangzhuo,munjal2,awesly2,pniemer2,seanyen1
rschmid2,josephxu,searuff,creepdeadly,cigarsnob,khaostehnoob,rooney5,toan52,bradzab,choquet1,sebasti2,takagi1,kevinlooby,matamor1,enyuluo,roseshaw,roy18,scalise1,cbarth2
rose4,demint1,ehgma0821,yening9063,drejmeisterdrej,v3lox,jifeixu,hansanderson,jpack91,hong64,pixton1,savysaville,rccarca,onay91,ckhuang999,caz1429,mmcdow4,kong7,ljbaker2,gravityplanx,yuan10,shah19,assem2,ericwei1,tmalone3,wang217,bettenh1
daipayan8,jlgibb,sabarish09,duggan2423,lion2012,hasin986
saim,noman781,haider66,sarwan,faisal_hallian,marvideshi,wajiha,muneer,bilal77,faizan63
fanwu1,pokemeng,andrewgrieve1,yinghe3,campbel3,mkandel,sc21cn
crisci1,drtesla90,wheele11,lylo,rturner,tovarbr2
pholvey,terryduong84,redwing,schiavo1,ededa,laagesen,kthorn01,mummywly,chenz1987,sgsri,orvanano,ylifan,shengyenli,shoshaz1,suttonsc,superalloy16,jarvisia,jwsinger,kokimura,partha7372,goirijo,kuhrbrya,wblawrimore,amjokisaari,gouskova,lihongmei,ljabbott,alemottura,kkalac,okeles,saurabh_02,jguyer,nirand,bieler
zbo,linkenghua,abossi,teadams30,abossi2,kim758,wood67,arosenberger14,pmockus,gardnerg,wrightbj,jcflanag
briancollins1988,adipy,jqk2,cannonballpaul,ami3phys,jmtang,johnfmcclain6,kenrayunh
briancollins1988,adipy,jqk2,cannonballpaul,ami3phys,jmtang,johnfmcclain6,kenrayunh
kworth,iangrey,jbmeng,abere,kthorn01,wmohr,eirrgang,orvanano,samnola,jensyao,hlwilsh,mhichen,donghee1025,no1here,tymoss,kvdir,ribh,dempseyj,oliverhe,reshmananohub166
abhi1991,vnramkrishnan2005,varadgunjal,karnatichethana,sunket001
f2009123,xerios,dheeraj,dhruva,arpitnano,ragalasya,barkhabits,karnatichethana,nikhil2612,sauravkrsrivastav
hjscow0421,karthiky,neala,ryyan,sumeetkumargupta,schoday,mwahab,yuitan87
oper951,zyf7284563,cardena2,leo19890725,bhuiya1,cvendi2,shook2,luyun198993,b3nny312,cabraal,rohanamin,red6290,bae7,nithinreddyc,crosscounter87,lobert124,ucapssong,kazi1,lee142,wrubrec2
ragunat1,ericwei1,cardena2,vik579,luisccruz,luyun198993,rohanamin,djung31,lumiao88
facruz,ace694,sjaugustine,msavilo,kaichunng,r_borden45,kebenner,tmoy,dukedup83,blanger120,arabo,juliamohr1,lwong,claypursselley,ojjones,davidj814,mnsabsook,hezhangquan,relavis,mpvlad,patricktrinh,gmcervantes,erickim83,jjpangilinan,ilhoffman,mgcarrillo89,alterantive65,arbatac,mpcuaresma,dhahm,lolcat,ajselfridge,mljohnson,acsacco,rjlopez,ianreef7,jhoffman,ldmiller
ace694,davidj814,patricktrinh,chriscolome,acsacco,amcapili,lavalenzuela,freyes1,ldmiller
everyone0,mohamedelazamy,omardahy,khaled321,m.badr_44,mohamed.badawy91
ccorbet,matibabenco,swk1230,kp,phsu,lizhy14,mdh266,slobodyan,nst46,u9120009,asoudegi,galimdor,lixiaojuventus,melamala,amithrajv88,zzhang18,dsalta,tbharvey,art,szisman,tarring,dbaniya,willsix
almightybacoo,tkblair,elliotm,wchill,dragonrob02,kuhrbrya,elmkharram,michel_vargasv,rumbel,alex1307,gervasio89,sabinevirg
tonyducvo,droneprime,ragnaros,bbshaq,smoonbuk,wolfdwood,kiranrajgeorge
pdrouillard,thishleo,ilazur,sasa1112,karteek88,anisabbas,ankitchowdhary,cparks,scottread,shanlon,ronmiller,tmohamma,karsm775,snsoesie
thishleo,karteek88,sasa1112,ilazur,ankitchowdhary,cparks,scottread,shanlon,tmohamma,snsoesie
pdrouillard,anisabbas,potteraa,shanlon,cparks,viacobel
kwigton,imchipwood,kelcey,nakaye12,hickey12,caracheo,brblmrl,mtchhor,osterberg,fiska
javiercastillo,gukanti26,ebenitezz,samgh10,hhuq,lalaniz5,rygarza,rtlalolini,malaniz87,kcleochicoz
aagbade,cc8160,bennieficial,jakeip1,tdillin,bjezell,jgpowel2,ctsui,kfcook,kvburke,kjmedero,timkratzke,llan103,cjgrice,mdarwic,bobbyhonez
iknow771010,p3629745,hydra7898,secret9610,m9927501
niveah,nherhusk,aktina907,jacobboiler15,blueberriemuffins21,tscapin,kwoodwor,oawofeso,ywijesek,cm,richa109,dwisser,karlaarmenta,nboychuc
johns906,adimston,nherhusk,gbrescil1,plittlej,rice40,ywijesek,karlaarmenta,eegolf,willi624,ahathoot,bumblebeez,akalsi
jwgilber,cmuturi,cwraight,oawofeso,karlaarmenta,eegolf,wilso356
niveah,eziga,chuazm,aktina907,lyonm,cwraight,blueberriemuffins21,tscapin,plittlej,abossert15,aharonhannan,cassidyjane,jstobias,beemer92,willi624,michel2,dharna,schnei23
julitroi,lysslyss11,twilightdream37,draconian144,butler464,bspoka,leonardiszekely,cgeorge1,ta101,mnobrien,noahnuta,zrimsekab
bn60701,jmbingham,nickpic90,db52401,ct59001,cm61901,mbunda
fobbywillie,zjl,jasonhsu2003,chenhaot,stevenyeh,hutengch,vraj.shah,franklinv7,suyiwen,kenlee,kmurray,elvinl,mattandloli,leechun6,sharminr,hanjae2,medic035,obha
tingcm85,iasirom,saroy20,snoozeberry,cguo,mmalone,rebeccadixon
shanebwh,tingcm85,iasirom,saroy20,snoozeberry,cguo,mmalone,rebeccadixon
metorerain,qarte,xiaoyr068,djdude007,materialsareawesome,kineric,superalloy16,chensongchem,sfalk1,salijos,gsparks,johnsm6,scantonw,myin1,mhuang17,xxu29,wang183,griffi21,efrebes
tylerarl,schiavo1,a2140416,chavez4,jk010891,menghuang,mufeiyu2,handley1,pelizaga,bruk1,lu30,photoyub,kylecaddigan,rhein1,nunuwang,yagoda1,dahlke2,dtrinkle,wang183,griffi21,munjal2,wenyang1
zbo,wandrews,bhfredman,redwing,wood67,heginator16,chen549,audupa,borkisze
pkoul2,gelate,bli36,boertew1,johnsm6,donner1
soulvv,scapall,mosfet77,kdm52,zoogera
nahlaelazab,michael2011,msawaby,ahussein,ibrahemmetwally77
fatmakh,ratshih,msawaby,helionpower,mariaaaa,fayezelsisy,ranya_samy
nicolas88,maclaura,validopm,francesco87,lorymingus,magnone,fonz,bigu,spax,arnaldo87
ahmedrashied,serag,ahmed88,ibra_candle,nourahmed
amykk0503,ali_obeid89,enjoi21,adamcalli,rmfoss,nisith88,dwolters,jram5000,gomgabbar
bachman,sami6108,sourenshams,delosrey,vedranj,pshekhar,tschoepp,lhn,laserengineer.yu,cshorvat,mnielsen,robertfpeters,sjmolesk,tmotahar,wnewman,ccortes
srd740,mnk792,budmeo,a_gryba,mattmatt256,zawadadaniel
oliver951,arsmall,bavila,zex46656,jazeeman,jctaylor,475tek,xenzensen,pmdoran,tony3945,dunkman23,deborahw,skylindrftr,295jjang,trncell
chithra,rhljn100,kavya,neethubal,venkateshkadimi,surya210892,raviteja2504,ronkapres,kavya_bobba,karnatichethana,nikhil2612,sauravkrsrivastav
amykk0503,doleksy,guoda1988,dpradeep,liustone,gomgabbar,zihanxu89
jafernandez4,guizar11,jcdelao,eestrada11,stella,jskyle12,nmaxwell,aacarrera,jemadrid,dsusaita2,bcarrera2,sgonzalez11,dbujanda,mrprana,jsmoore,etmaestas
b2daj16,manojchaulagain,maljar,sandokan80,drhodges,jstubbs2,pcousins,johnorlando14
akshaypb,amandushivakrishna,venkateshkadimi,suhassuraj,sameer2190,sunket001,hemuviru319,glaze,bharathbr,sudhachocky,kavya,rahul108,vijaykrishn,barkhabits,ramanladda,ajmal123,apurvamudgal,premsarit,nimbus1789,damit92,ronkapres,adi23jan,akansha_suneria,charunima,chithra,varadg,kavya_bobba,suchismitanaik15,sriks218,f2009336,g00se,ashingeorge,rahul_ch,aak,sauravkrsrivastav,disha_gujar,akash721,arpitnano,arjunnarang09,meghachat,kirtidahiya,raviteja2504,sugandha179,destinyindia123,anpsys,isha8,akriti_1,taijasmalpani91,the_dark_druid,nitisha9,svrbasky,benthomas,ender024,vaibhavuppal,djdylan2000,dhruva,supriyask07,devavrata,tsathwik063,neethubal,ragalasya,desh1tanuj,milim_3011,aakashsrivastava,mnk319,f2009a8ps275g,sidhartha57,jinalnshah,singhalananya,f2009033,sarthakpranit,fatimadilruba,shabbarboy1991,ashwin15990,jaykhattar9,tulsidaskhan20,timtim,f2009349,karnatichethana,litta127,krishnamurthy5111,rhljn100,maanitm,rishabhkeshari,nehamohanty12,kanu,sahainitin9795,xerios,aksbelbi,surya210892,satyadeepakav,paanini,aviral0301,vignesh,vamsik,kasturibhardwaj,preyas3359,mudit,2008b1a3689g,nikhil2612
ksteele,jadcockee2401,jgopel,drhodges,g_leonidas,aadebayo,adijatu,oasoro,echike,jaguiler,mgentile,manojchaulagain,maljar,ddrake,sandokan80,ameseret2011,sergiu_ducoci,b2daj16,rowyche,jstubbs2,jrod091,pcousins,johnorlando14,zanibakat
kareem115,ahmedrajaie11,dallo407,h_g_elec,ramy379
atoor,juliean420,alexlee_gk,ecardona,someonefromtc,markhettick,igorizyumin,kevin98757,lettertohyo,joediont,rosalanta,ee143cd,kthompson88,demontea,cellery,saffordl,wakahiu,normwen,clochner,grau,ee143dj,esheu,punitmishra,spiralout11235,erintjahjono,cczztt,nnarevsky,bnlunt1
dexbryan42,pepo023,verogutierrez,osalgado,hectorrrebollo,emirielys,patk,humberto,christianjoel
cvillanu,raymer88,jdroybal,jpillars,ahamil79,mgraus,charriso,bwiesner,jfitch_32,yuna,pappas.harry,rjohns03,aelmaoued
yesiamtoo,jsb0731,sam2858,kmy8823,nswhsh12,mint91,ursus33,sykim1008,yeoheeim,james301,dlehdwls01,kdw2104,bine77,clickiu,pkh5310,kms4105,stjns,wannyk,teias,sc1010,feedback50,shuni,johou5325,spower,solji0329,changjun0605,poteito,wnghks3201
yesiamtoo,wannyk,sam2858,dlehdwls01,kdw2104,johou5325,mint91,shuni,ursus33,feedback50,changjun0605,clickiu,pkh5310,stjns,solji0329
sxl409,adrivanduin,sumo,nealparsons,bingxinfan,alirahnamoon,prncemachy,cvz5048,ryggad,zt19890518
sjinlive,doors012,giogist,kks4200,leo209,jhairbag,shakira80
kctu1206,dorun113,lily211152,neoneon,violet210478,chasebreeze
vdiep,schcats,denphi,dkearney,apps,wizjeong,yuitan87
behinaein,hanselra,tkubis,bhan,zsheikh6
pmeunier,kaimiao,vladiakhnine,apps,wizjeong,gah,bhaley
