zhicheng,rvemuri8,hotcarrier,vasileska,swaroopa,jvelamal,gajanan
adye20,owensec,chang71,ashraf,bbommai,jhunsber,kjkang11,zhenghuili,zchia,kmbaumga,shicheng,lzentner,pagejl,akiran,kakashow,jpurao,mlroby,slarew,agurram,wjbennet88,jeresonshen,ssaeedas,safavih,pbyers,myokem,dlopez,huang162,cxsmith,jyeoh,hankh825,ruzz311
bcurrie,ashir23bom,lu116,chut,ishsman,owensec,msalmani,inkatech,ziyunlong,kim660,jhunsber,zhenghuili,lzentner,svanderl,agurram,rataniitm,jain28,gu0,safavih,pbyers,myokem,dlopez,cxsmith,huang162,avalluru,hankh825,ruzz311
tpritche,vswagath1989,weichang,zhang581,dnrichar
yegaman,andrew_kuhl,dp_kottary,jcscppy,whcraig,dannysitu,kiranrajgeorge,willdathrill,dfallah,alann
iniyanse,dingkang,anni_sgt,skalluri,rvemuri8,lubytony,haowu,mmusisin,swaroopa
bcurrie,chut,vswagath1989,ishsman,mihaela,ziyunlong,schoday
svanderl,smalhot,neala,rataniitm,jain28
caquinones,dabernalm,clau_perez,moisoro,forerca
bcurrie,tpritche,chut,cinedemian,ishsman,inkatech,ziyunlong,kim660,svanderl,lee583,mindf21311,lu43,rataniitm,schoday,jain28,rchavali,yusung33,sourdon,duskie,spwilson,jrwilcox,biswajit025
caquinones,clau_perez,moisoro,carolina_amaya,forerca
rchavali,enstefanov,rataniitm,inkatech,jain28
mksharma,bellmanz,chienhong,akinwummy,ycnayan,zytung,canderle,adeline_lanterne,frassess,apesathi,gahoi,shabnamm,eugenio,angotd
lpatters,sjmoore987,aallende,durangotang,tohno,quantumisme,bgallowa,neddy,cavewyrm,einstruments,a_ebn,emieritz,rohanchaukulkar,heisenberg,rcrisp
mksharma,bellmanz,christopherborsa,xjshang,ycnayan,stahel,amitgahoi143,canderle,canuckflyboy,apesathi,gahoi,angotd
carlosparra,caquinones,dabernalm,jecortesc,jaacevedo,dagutierrezp,forerca
lpatters,sjmoore987,durangotang,quantumisme,bgallowa,cavewyrm,einstruments,a_ebn,heisenberg,emieritz,rohanchaukulkar,aallende,rcrisp
linkenghua,prcantwe,ryyan,wrightjc,scolbert,dstanto,cmathewjoseph,kim758,coxcj,strachan,bivas,fcordisc,gbechtol,cmisiego,askachen369,fantico,jquinlan,fdri
perlita,mcnallyh,vmukund,rpromyoo,lyamin,nurulhuda,narendra,reifenberger,gprakash,jmelcher,bmschult,htasdemi
perlita,glovekeeper,vmukund,rpromyoo,lyamin,narendra,jmelcher,htasdemi
drkiraco,mehernando,alexandercartagena,nurulhuda,hthomps,htasdemi
drkiraco,mehernando,alexandercartagena,lyamin,nurulhuda,htasdemi
vmukund,alexandercartagena,lyamin,nurulhuda,fcordisc,htasdemi
vmukund,lyamin,nurulhuda,fcordisc,hthomps,htasdemi
lrodak,jiangzhenyu,fmt50s,hzclinger,vamsi2cool,raghukirany
jiangzhenyu,fmt50s,hzclinger,raghukirany,vramacha
ahsonahmed2000,ishtiaque,naila,kehkashan,mudasir,asra,azharuddin
ahsonahmed2000,aadil,javed,mujahid56,kehkashan,maryam43,sajjad22,asra,sufyan83,azharuddin,naseemabbas
jpalao,andrew_kuhl,dp_kottary,whcraig,dfallah,alann
mdinezza,whgdettlaff,kuanchuenwu,raghuraj,physicslandman,derekc153,anmuydarp
aluby,iniyanse,dingkang,skalluri,mmusisin
jpalao,yegaman,andrew_kuhl,dp_kottary,whcraig,ea0765
iniyanse,aayelauw,dingkang,zhicheng,rvemuri8,hotcarrier,lubytony,skalluri,haowu,mmusisin,skyoo,jvelamal,gajanan,angiee7,kunalghosh
ckdoran88,jespm,arkargar,jmaparic,mortech,yjhgentle,nanotube80
hasanfaraby,kgarton,ece212an,cmliu222,arkargar,jmaparic,mortech,yjhgentle,nanotube80
preethit,sagarjcec78,gladysh,ssahmed,yuyaowang,mathnerd29,vamsi,abdmen163,yashvanth86,abhilashb7,jogden12,tjgareg
bracon,gmonroy2,sparklingway,jeredgre,weichunan,fliu96,l37,hcho12,aamin9,zhu22,ligao1,lenovo1709,ng21,kim417,banker2,pathak1,aggarwa3,supercowking,chengxu1,nanohub99,tao7,gu1,balistic2,chijiazuo,dejarld2,ragunat1,qwerasdf,ani3989,lee489,snowpd,ryanskim,shin44,asrinat2,drmeyer87,abstrkt,dusty493,nivero,chrismy,jiyichenqi,pandey3,ma3xiao1,fangwan2,likpok,schrock3,kim857,joo4ny,jack_ftw,hipaulshi,ramaith1,pitrak1,wldavis,huanggeng0726,this1,collapse,efilli2,aditchhabra,tarvitz,kejriwa1,neumann9,dbarnes2,boegy3,chongvi1,wu10,vliang88,ttli2,malhotr3,tkim31,bongen2,rishabagarwal1,rohansingh28,crazedcatatonic5,bikrambhatia,dbero2,wmjdgla,dradefx,bparajul,alikation
tkim28,hwnano,pathak1,ddeutsc2,d98521,jchyan2,hbeberma,arappep2,cjohns78
weller1,xihan1,chrismy,kang92,mahoney6,gu1,hur6,pessin,black_chip21,zhu22,wisechengyi,dawei1,se210,jack_ftw,bruete,tonywinoto
caldero1,nivero,madikaz,gbergsc2,efilli2,arappep2,cjohns78
eazhar,jdgleason,ferry,baileya6,vuongh1,blueplumage,deshay777,nkchen
eazhar,kunalphatak,elsag131,baileya6,vuongh1,blueplumage,deshay777,nkchen,enderyilmaz
ashir23bom,tpritche,jerryfdl,vswagath1989,weichang,zhang581,mehta20,dnrichar
lee489,jiyichenqi,xihan1,bongen2,chrisjryu,gmonroy2,sjmckeown,kdko2,jfelts,snowpd,zhu22,tonywinoto,se210,bikrambhatia
tkim31,banker2,chongvi1,kang92,joo4ny,snowpd,arappep2,cjohns78
ashapiro,melissalincoln,jch399,camora,rlarrison,dalcorn,cengelke,jbrownell,jondrey,wsutton,mollyhermiller,sgoeppinger,csprick,gduprat,pso824,ajohnson,glenej3,mma517
tashadrake2014,rdahlberg,tejerina,andreakim,vlyons,avasquez,rkrasaeath
mcp349,esmith,ekwak,dvenkat,mcr728,mtu,mchoi,mso,joannajaros,vprakash,mgomaa,missalice,ezaruba,angcal3,jpark17,asong,pjang,suttal,jmueller,aawwad,pkaralis,mfmorel,mattsullivan725,yfa874,xwen,sda387,jalam,sshakin,aws491,emilyf131,tpark,dsh278,ykhwang,mdm833,awl111,scs771,rterada,jxamplas,ewp790,jyw902,amfrank26,jsyu,jcastro,dslaughter,kgeraghty,snandamuri,balegbeleye,ktaskin,sitknee,jfranke,ryandeblock,ryanmcafee,reb712,jeshicaa,pka421,ejizba,kelly382,nlahner,guerrero1,jcordes,eukoha,msmith,purpleyuan,jsachg,slipov,michaelmilazzo,alo869,elleanzhang,sbagnola,ceb570,jaguilar,rem455,mtk160,brianraychen,yzermeno,sagarwal1,daniellefong92,paarasmodi,blach,alexholterman,msc494,charleslin,apankaj,hreilly,szaveri,ychung,yuanshi,zrachlin,schoi3,asimon,camora,narouzier,aweinstein,tyuan,jzhong,car942,cfuentes60618,ldk310,rku147,dkoo,mtyksinski,akansha21,britt518,peter8737,ahiggins,pknapp,nxiao,recook,bgibbons,clockwork,eys582,aweatherly1,jchang,lontiveros,jhi551,prishah,chrispitler,dschuleman,williamgross2014,clee2014,bbak,jjozefiak,ahb978,dcheah,npyle,tjeppson,nigelng91,acortes,amurray,chiggins,ntorosin,cyu13,jhalpern,lizzo427,jzhang,nreimold,mcorpuz,lav127,kah703,lzhou,sreinke,jcd265,aaggarwal,hfleming,mjskwarczek1,lmaliakal,ajw873,kirstynbesch,htennant,lrg923,nsteimel,patman16,mbzeitz,nrichter,hab477,ryanlegraw,ekaht,abc138,danielnfls,annas890,nisadesai,eausenbaugh,lshekhtman,ehorcher,hzhou,jsandler,shetzler,sashpatel81,cqin,prl176,cquinn17,huwang,chahn,sre306,tyu1992,jkernes,mshetty,bmerkle,galexander,gbudzon,brandonalba,krc863,jaj343,siddarthdatla2014,cchang92,akozminski,tkukushliev,dylanhirshkowitz,agh612,bcastle,sjeon,exw190,unrealchamp,choiboi68,skadakia,lhsu,jaimiepark,vgupta2792,jmontyiii,nna341,eklosowiak,tjc797,kjl432,jjs439,smoon,mankenman,glee530,ppatel7499,kbrohkahn,nmiller,lmehmeti,hmu909,rkawashima,tln941,khjoon0502,afreedman,psharma,rdesai
dradclif,loroger1,cm,wrichardchung,gba
deabeong,tomek,mmc,wmgolding,bmarco
eshitamarwah,vinatakoppal,pandalover,uditdhawan,tingchw,kuicao,guojia7,wildkid256
mguerick,janderson64,spatil9,mikeguericke,bhbesb,jcpoler,luyy1987,lifeofmg
ckdoran88,jackpot,ece212an,cmliu222,xfiles,chl002,arkargar,jmaparic,mortech,samianawar,yjhgentle,andylo
navee3,nlespinoza2,etorresz12,hhuq,jhescobar,deepu424,scmullapudi,pchivukula,nepuente,faespinoza,eriosc2,rmendey
knoghby,thefelix,yeoheeim,seokju88,selesua,ksyu,changjun0605
oopsbaby,ham4406,kyu461,subibler,feelingdp,jysohn1108,sam2858,terodactyl,lonelymoon,hjh9016,leoseo321,yjhhjy,dewrains
ggap,youngju,thefelix,seokju88,selesua,ykj4545,changjun0605,tran2010
tnalse,spleeyh,whdlsgh00,pgonha,kindvoice,lonelymoon,sharp1988
rohanbali,haiquans,nivero,alllaw,ran1363,raizada1,alaimo1,dn21493234,rredeno2,wbarnes2,dbostwi2,jaredlesicko,somnath2,ymoon4,bconnaghan,boruichen,cuceu1,barmstr3,jhandz2,roylee3,maddhatter,yvonneeven,kim413,vivoli1,cliu35,ankitchandak,lebedow1,logiconcepts819,bagaria2,taegonoh
dshih2,rgalvan2,maddhatter,lee142,cpoon2,codenum273,missinglink41,rredeno2,stevenjin2137,wbarnes2,dabbelt1,apandya3,nmahend2,gomez19
roylee3,rosboro1,atseng3,boruichen,ymoon4,hochan5,berndbhuber,lebedow1,meliu2,kdearnl2,dhandle2,daguri87,ageorges,charishma
bracon,gmonroy2,sparklingway,xili1,leiyang1,jeredgre,diablopbc,weichunan,willtk0113,fliu96,megarza2,l37,deedarhuq,luisccruz,hcho12,dlgudwns11,shin65,ligao1,lindqui1,banker2,pathak1,kdko2,aggarwa3,supercowking,chengxu1,tao7,chijiazuo,marshal2,jfelts,qwerasdf,ragunat1,weller1,lee489,chen282,kang92,mahoney6,snowpd,ryanskim,maemble,faorlando,kumar28,midnightblade,shin44,abstrkt,dusty493,nivero,chrisjryu,yuqiao1,ddeutsc2,hnandag2,fangwan2,likpok,seanlee14,schrock3,kim857,joo4ny,wisechengyi,arappep2,jack_ftw,hipaulshi,ramaith1,wldavis,d98521,huanggeng0726,uribe2,xihan1,collapse,efilli2,aditchhabra,tarvitz,kejriwa1,neumann9,idesis1,dbarnes2,boegy3,wu10,tchurch2,vliang88,ttli2,malhotr3,tkim31,luyun198993,rishabagarwal1,crazedcatatonic5,bikrambhatia,dbero2,wmjdgla,dradefx,bparajul,alikation,se210
caldero1,madikaz,gbergsc2,efilli2,pitrak1,cjohns78
jiyichenqi,willtk0113,chongvi1,hwnano,jglauber,alikation,ma3xiao1,d98521,jchyan2,hbeberma
weller1,gavin_campbell,xihan1,chrismy,se210,lindqui1,fliu96,gmonroy2,hur6,gu1,kejriwa1,pessin,black_chip21,dawei1,ani3989,tonywinoto
nanohub99,rlew2,boegy3,balistic2,novitalmotive,qwerasdf
jiyichenqi,bracon,hochan5,marshal2,rishabagarwal1,mohamed,jeredgre,maemble,malhotr3
roylee3,wmjdgla,hochan5,mohamed,mmkfc,meliu2
wmjdgla,lenovo1709,dusty493,weichunan,se210
tkim31,hipaulshi,chongvi1,schrock3,rishabagarwal1
hochan5,boogajamooga,meliu2,daguri87,charishma
strachan,janam,ssalamat,rvedula,gmendis,bhaley,davidalbertosv,msalmani,vdiep,sesulliv
mazad,rjana1,helenxu,xfiles,prabhu_balasg,raelyn,bivas,linkenghua,fshah,iayoung,davalenciah,hqucsb,narendra,tfang,ongzy1979,satyakiganguly,vachan_kumar,rgrassi,redwansajjad
curan,berk_y,caner_odabas,tanzi,bozbey00,frtotr,umutaradag,gokcheturan,ahcika,fatihbilge,umutkar,sukreth,okancalikoglu,gozdeozcan19,furkan,damla_dogan,manilkocak,tidin,berkcan,burch
pinarakyol,kokellisekiz,ahcika,cemre,gozdeozcan19
bracon,gmonroy2,sparklingway,leiyang1,jeredgre,diablopbc,weichunan,ericcj21,willtk0113,fliu96,deedarhuq,l37,megarza2,hnandagopal,luisccruz,dlgudwns11,zhu22,ligao1,ztrata2,ng21,dawei1,choquett,daguri87,agarwa19,kim417,banker2,hochan5,sehrawa1,aggarwa3,supercowking,chengxu1,tao7,chijiazuo,jfelts,marshal2,ragunat1,tkim28,weller1,lee489,chen282,kang92,snowpd,kdearnl2,ryanskim,maemble,meliu2,faorlando,artonis7,atseng3,kumar28,midnightblade,shin44,asrinat2,ageorges,rosboro1,abstrkt,dusty493,dhandle2,kartiksanghi,nivero,mkhanna,chrisjryu,yuqiao1,gravityplanx,ddeutsc2,cjhughes17,jiyichenqi,pandey3,ma3xiao1,fangwan2,likpok,ymoon4,charishma,rlew2,boruichen,schrock3,kim857,joo4ny,arappep2,jack_ftw,hipaulshi,ramaith1,wldavis,pessin,d98521,black_chip21,this1,xihan1,collapse,efilli2,aditchhabra,tarvitz,kejriwa1,jchyan2,idesis1,dbarnes2,jlee4689,boegy3,chongvi1,wu10,tchurch2,gomez14,cjohns78,malhotr3,tkim31,bongen2,luyun198993,berndbhuber,boogajamooga,rohansingh28,crazedcatatonic5,bikrambhatia,roylee3,dbero2,acorral2,wmjdgla,dradefx,bparajul,lebedow1,tongcheng,alikation,se210
caldero1,kartiksanghi,seanlee14,madikaz,kknapp,drmalkovich,gbergsc2,namanmehta,efilli2,kdko2,tongcheng,pitrak1,snowpd,arappep2,likpok,cjohns78
weller1,gavin_campbell,williamhn,xihan1,lindqui1,gmonroy2,gravityplanx,mahoney6,hur6,kejriwa1,gu1,black_chip21,wisechengyi,ani3989
cjhughes17,mcarney2,boegy3,hwnano,idesis1,tarvitz,hbeberma,jeredgre,jchyan2,tkim28,ttli2
nanohub99,rlew2,willtk0113,mkhanna,joliu2,balistic2,ryanmancl,novitalmotive,asrinat2
jjjlee,jerryfdl,vswagath1989,weichang,zhang581,mehta20,dnrichar
whuynh,luiszehang,mchuynh,earuballos,rramoudeh,jvsanchezmte,pedrochavez,nbwilkins,dadesantiago,erwang,eaderawish,oesandoval,rgng,qnluu1,balind,hoangdtran,maguirao,dkkoch,klgatchalian,michaelreyes,ntchow,rusitadesai,zjhein,anhvnguyen,kmhicks,jorgeg,armagat,eeanker
cykwok,mchuynh,earuballos,dkkoch,pedrochavez,pkhsu,hoannnguyen,tqwang,michaelreyes,jcharper
mrlonghorn,sonic113,urmimala,hemacpm,mrchoi,alchemist127,kunupark,kayoung,heracles0613,xmou,yevoc,nhd2357,smitasa87,physlab,eekhkim,chaochen88
amrita8,amrita3,amrita9,amrita10,amrita7
amrita8,amrita12,amrita3,amrita10,amrita7
lion2012,esther,ajrose,jdfarme2,jlofgren,gofas,acelayas,charles1112,leojohnw,urbieta,jvelazquez,kqchen,ayprasad,fmoraila3
preethit,sagarjcec78,gladysh,glarose,mahanth_nani,ramya86,yashvanth86,azizjiwani123,abhilashb7,scotos,jogden12
prcantwe,fcordisc,ajmendoz,dstanto,dotorres,strachan,askachen369,jquinlan,bivas,wrightjc,scolbert,ryyan,kim758,gbechtol,pc350128,fdri,coxcj,cmisiego,fantico
wrightjc,happykolo,dstanto,coxcj,cmathewjoseph,strachan,gbechtol,fcordisc,cmisiego,pc350128,fantico,drgrove,ajmendoz,jquinlan,bivas
dpelc,mcvitkovic,danijel,smarion,goranka,antoniom,ilevatic
dpelc,mcvitkovic,danijel,smarion,antoniom,ilevatic
dpelc,djelovina,mcvitkovic,smarion,ilevatic
tqiu,lancaste,thir098,rambs,dadrin2026,georger,mzolnows,dklenosk,chen399,bowensbo,dschalle,hao90408,eanthon,ecummin,mbrant102,ckopf,lu52,svaselan,zfarrell,edeutsch90,strachan,j3holaday,shihh,jgarves,zeastman,lnichol,fengk,mchuber,zhu51,zhang625,egabbard,sfrissel,xie10,bosecki,kchaput,lingj,wandrbeck,lmarroni,csun,dfswartz,jblackw,ccurti00,bae4,li319,ahinsh00,akraman,kharry,md1032,ppacey,rstauber,li365,terrye,dquickel
ryyan,dstanto,coxcj,gbechtol,fcordisc,cmisiego,askachen369,fantico,janelin,ajmendoz,jquinlan,ryyan2
helloyc,awarhadp,thetung,gou,polka,jbomidi,hender10,ankurashtekar,raphir,aritchey
chuckeddychuck,johan_as,rasmusbrogaard,jacolj_kbh,mar889,steinmann,januseriksen,hanna,jonaselm
genalmcy,ray11,jamie,nandrews,johnsonm11,osterberg,figuly11,abrotherston,bp808,donahoo11
rohanbali,franc21,beminor2,mikedaley5,alllaw,setiawa2,cpoon2,ran1363,raizada1,alaimo1,amryan2,wbarnes2,dbostwi2,jaredlesicko,somnath2,ymoon4,sembel1,dshih2,ercetera,boruichen,apandya3,computerwiz0911,mczarny,jhandz2,rgalvan2,yvonneeven,roylee3,rosboro1,vivoli1,justintconroy,cliu35,stevenjin2137,taegonoh,logiconcepts819,wilwizard
dshih2,dn21493234,bconnaghan,lee142,codenum273,missinglink41,gomez19
hjscow0421,bcurrie,lu43,yusung33,gu0,sswandon,sganguly,sourdon,apenumat,smalhot,neala,okoybasi,rataniitm,lee583,inkatech,jain28
nanohub99,uribe2,kartiksanghi,this1,tao7,collapse,chrisjryu,yuqiao1,xihan1,efilli2,gmonroy2,aditchhabra,tarvitz,sparklingway,balistic2,marshal2,chijiazuo,kejriwa1,jeredgre,tkim28,weichunan,weller1,jiyichenqi,willtk0113,boegy3,pandey3,fliu96,chongvi1,luisccruz,hcho12,tchurch2,ma3xiao1,snowpd,aamin9,fangwan2,maemble,ryanskim,likpok,malhotr3,tkim31,caldero1,ligao1,lindqui1,bongen2,luyun198993,schrock3,kim857,joo4ny,ng21,arappep2,crazedcatatonic5,jack_ftw,shin44,asrinat2,wicky,bruete,kim417,banker2,ramaith1,bikrambhatia,dbero2,wmjdgla,namanmehta,abstrkt,dradefx,bparajul,tongcheng,dusty493,alikation,aggarwa3,huanggeng0726,se210,chengxu1
weller1,gavin_campbell,xihan1,chrismy,kang92,mahoney6,hur6,sparklingway,ma3xiao1,black_chip21,dlgudwns11,wisechengyi,dawei1,tonywinoto
madikaz,gbergsc2,namanmehta,wldavis,idesis1,cjohns78,nanocarbon
guilherme_09,raul_chipana,filipeaguiar,fsmarranghello,tiagoreimann,awjunior,gabrielborges
kim660,hjscow0421,ashir23bom,sswandon,yusung33,gu0,sganguly,sourdon,svanderl,apenumat,smalhot,nihaoya,neala,saptarshi_das05,rataniitm,msalmani,inkatech,jain28
hjscow0421,yusung33,gu0,sourdon,apenumat,neala,saptarshi_das05,svanderl,okoybasi,sganguly,biswajit025
hjscow0421,gu0,apenumat,neala,msalmani,sganguly
atorres,carlosdistefano1,chorizo,cmamaya2,vcruz5,alejandro,masalomon,gltapia31,demartinez4,uberlinoline,rushphile,jjchavez5,chassenk,stella,valdez4,nemijares,slfuller2,meescudero,israelp,chassen,hdiesel9,crkleinz,c915,agarcia14,erodriguez,lfierro2,davidalbertosv,omachado
aksaray,zhihuichen,qinfei,sinanag,zytung,adeline_lanterne,m_maziar,mbalaban,aamirmujtaba,araz,cat123,mmsa,wenderness,mamata,chienhong,afshan,shabnamm,valurg,asahmed,ashish1,rafaelap,frassess,eugenio,aminahen
ky619,sagarjcec78,gladysh,ssahmed,salsibiani,tjmomoh1186,mathnerd29,jogden12,abhilashb7,yashvanth86
mamata,aamirmujtaba,afshan,araz,rafaelap,cat123,canuckflyboy,adeel76,aminahen
aamirmujtaba,afshan,araz,canuckflyboy,adeel76,aminahen
navee3,pradeep424,etorresz12,jhescobar,scmullapudi,deepu424,navee5,abraham_dantes,nepuente,jgvillalon,jhescobar05,eriosc2,eloyolivo
amrita3,amrita9,amrita11,amrita10,amrita7
hjscow0421,bcurrie,ashir23bom,ptewari,chut,ishsman,dhc529,inkatech,ziyunlong,kim660,schavali,saptarshi_das05,svanderl,sswandon,lee583,sganguly,lu43,neala,rataniitm,okoybasi,schoday,jain28,rchavali,yusung33,gu0,sourdon,apenumat,smalhot
raphael_eng,tiagobn,derfelrs,girardi,brunomusw,lucasunipampa
navee3,pradeep424,etorresz12,jhescobar,scmullapudi,deepu424,navee5,abraham_dantes,jmalvarezy19,nepuente,jgvillalon,jhescobar05,eriosc2,faespinoza,eloyolivo
amrita3,amrita9,amrita11,amrita10,amrita7
amrita8,amrita12,amrita3,amrita9,amrita11,amrita7
john5369,solo012,adrianfooutar,xiucheng1988,chaiyun31,mandy
aksaray,zhihuichen,zytung,adeline_lanterne,mbalaban,mksharma,aamirmujtaba,araz,canderle,cat123,mmsa,wenderness,mamata,beklof,ab9,xjshang,afshan,valurg,amitgahoi143,ashish1,canuckflyboy,frassess,rafaelap,apesathi,eugenio,adeel76,aminahen
beklof,ab9,xjshang,ycnayan,canderle,canuckflyboy,apesathi,garidisk,angotd
navee3,scmullapudi,jhescobar,deepu424,jmalvarezy19,nepuente,jgvillalon,jhescobar05,eriosc2
prcantwe,fcordisc,dstanto,dotorres,strachan,askachen369,jquinlan,bivas,linkenghua,wrightjc,ryyan,scolbert,cmathewjoseph,kim758,janam,gbechtol,pc350128,bhaley,fdri,coxcj,fantico
linkenghua,dstanto,scolbert,kim758,strachan,cmisiego,ajmendoz
linkenghua,wrightjc,scolbert,ryyan,hojin92,dstanto,kim758,coxcj,strachan,janam,gbechtol,cmisiego,pc350128,ajmendoz,jquinlan,bivas
linkenghua,prcantwe,ryyan,kim758,askachen369
linkenghua,ryyan,dstanto,coxcj,gbechtol,fcordisc,cmisiego,askachen369,fantico,ajmendoz,janelin,ryyan2,jquinlan
edonnelly,rrussell,ajohnson,jgobrial,glenej3,annedisabato,dalcorn,jgodlewska,sbhogal,jbrownell,mollyhermiller,csprick,sanaebryson1,pso824,melissalincoln,jondrey,wsutton,sgoeppinger,alexshap1,ashapiro,jch399,camora,rlarrison,cengelke,msh114,gduprat,mma517
mshelby,mshrestha,ngruenke,amberdavis2014,gcutsail,sicelo,mso,lindseymadison2015,she,ncalta,rjh779,cengel126,def790
sdesai,esmith,ekwak,dvenkat,mcr728,mtu,mchoi,chintanaphol,joannajaros,dmorrison7778,vprakash,mgomaa,ezaruba,missalice,angcal3,asong,pjang,suttal,skim2010,acook,jmueller,aawwad,pkaralis,mfmorel,xwen,sshakin,sda387,jalam,aws491,emilyf131,tpark,dsh278,ykhwang,mdm833,awl111,scs771,hae201,rterada,ewp790,swilliams,jyw902,amfrank26,jsyu,jcastro,dslaughter,kgeraghty,balegbeleye,ktaskin,sjiao,ryanmcafee,reb712,kds543,jeshicaa,pka421,ejizba,kelly382,nlahner,guerrero1,eukoha,cleclerq,msmith,jsachg,purpleyuan,slipov,alo869,elleanzhang,michaelmilazzo,ajs833,sbagnola,jaguilar,rem455,mtk160,brianraychen,dangerousdan,sandeepjain,yzermeno,lauren20,sagarwal1,daniellefong92,paarasmodi,pgarg,blach,alexholterman,msc494,charleslin,apankaj,hreilly,szaveri,ychung,yuanshi,astaples,zrachlin,kellyrae,schoi3,asimon,camora,narouzier,rquan,aweinstein,tyuan,jzhong,gracechan715,car942,cfuentes60618,mlb923,ldk310,rku147,dkoo,mtyksinski,akansha21,britt518,peter8737,ahiggins,pknapp,nxiao,recook,bgibbons,clockwork,aweatherly1,lontiveros,jhi551,prishah,chrispitler,williamgross2014,asutton,bbak,dcheah,ahb978,npyle,tjeppson,nigelng91,acortes,amurray,ntorosin,cyu13,lizzo427,kah703,nreimold,mcorpuz,lav127,iikene,jcd265,mjskwarczek1,cengel126,ajw873,lmaliakal,khkim,kirstynbesch,pwzorek,htennant,kki227,khuynh,nsteimel,patman16,mbzeitz,nrichter,hab477,ryanlegraw,ekaht,amelingercohen,abc138,danielnfls,eausenbaugh,ehorcher,hzhou,jsandler,shetzler,sashpatel81,cqin,prl176,huwang,chahn,stvrdik,tyu1992,sre306,jjain1,jkernes,mshetty,bmerkle,galexander,gbudzon,krc863,jaj343,cchang92,akozminski,mkeith,dylanhirshkowitz,agh612,exw190,choiboi68,skadakia,khjoon0502,jaimiepark,lucialee,vgupta2792,nna341,eklosowiak,swang,smoon,dle649,mankenman,kbrohkahn,nmiller,rkawashima,tln941,sreinke,psharma,rdesai
jksaha,wernerchao,peterchien911,linchuck,fwx,polonila,kevin955217
hutengch,kulong,elnaazz,miklasja,patelsu5,yingying2122,wernerchao,chengke9,peterchien911,cheneric0206,polonila,kevin955217
mshetty,esmith,awl111,dcheah,jcd265,sashpatel81,cqin,michaelmilazzo,alexholterman,aweatherly1
wrightjc,ehmke,ryyan,dstanto,redwing,coxcj,cmathewjoseph,kim758,gbechtol,cmisiego,gnave,fantico,ajmendoz,jquinlan,bivas
fcordisc,kyooho,ajmendoz,dstanto,askachen369,jquinlan,bivas,linkenghua,ehmke,ryyan,scolbert,redwing,wrightjc,kim758,gbechtol,gnave,coxcj,cmisiego,fantico,ryyan2
es,eng_noha,fayzabs,mzaghloul,heba_sabri,serag
anadrol,eng_nona,fayzabs,shady,s2taha,mzaghloul,heba_sadek,h_maksoud,samozeid,eng_noha,basma_shaalan,heba_sabri,ibra_candle,mohamedamin2010,marwa,a4atmel,kymera,marwa1,engshimaa,himahmoud,salehov,ratshih,maya,omarmonem,ek4m2005,abd_allah,engmai88,khalidmohamed,moataz,eauchy,ibrahemmetwally77,lionking,kamal12,shadygamel,shaker,second,ahmd_sadk,moatazhegab,baraka,kemo0o2010,noora_elgarhy,sgam,mohamedgsh,mai,tarekameen,eng_hassan,posy,serag,ahmed_92,shaymaa
rafder,paolofiorini,sergiocontino,vaka85,zannoni_luca,dariomagnani,foia87
simone,biondo,triky,lodeloray,philip,vincenzozambianchi,mattiap
janam,gmendis,bhaley,msalmani,sesulliv
mazad,rjana1,helenxu,xfiles,prabhu_balasg,raelyn,linkenghua,fshah,iayoung,valdez4,davalenciah,hqucsb,narendra,tfang,ongzy1979,satyakiganguly,vachan_kumar,rgrassi,redwansajjad,wizjeong
ashir23bom,tpritche,jerryfdl,vswagath1989,weichang,zhang581,mehta20,dnrichar
lion2012,jdfarme2,jlofgren,charles1112,kqchen,fmoraila3
araa,ewrueckert,mrhanguoren,ghstough,mrosca,cwwaters,mattwalli,phy344,ecatig,fibnumb,arsmall,deadhunter22,robynne,golferguy88,timespan,byrdmanranger,importjunjun,gmlabriola
aluby,hotcarrier,kuanchuenwu,mmusisin,swaroopa,gajanan
raphael_eng,cresseri,tiagobn,derfelrs,andreasabe,lucasunipampa,brunomusw,lucas_severo,jbvieira
lava4,fernandoa1,rubenmtzq,chemil,acano363,laszlo,felipedea10,dcanaba,almeida915,mjde2,vmgonzalez4,yanezerick
pzzqly,dingkang,zhicheng,jvelamal,anmuydarp,gajanan
iniyanse,zhicheng,whgdettlaff,haowu,mmusisin,physicslandman,anmuydarp,rvemuri8,skalluri,baileya6,raghuraj,derekc153,skshah6,jrollins,mdinezza,drshah,jvelamal,kunalghosh,aayelauw,pzzqly,dingkang,anni_sgt,swaroopa,gajanan
jhunsber,roconnel,mlroby,dandry,vsavikhi,safavih,lu116,kjkang11,zhenghuili,pbyers,zchia,dlopez,cxsmith,adye20,kmbaumga,hpetersen,pagejl,jeresonshen
jrollins,mdinezza,drshah,whgdettlaff,anmuydarp
anadrol,fayzabs,basma_shaalan,sgam,khalidmohamed,serag,mohamedamin2010,ahmd_sadk
qinfei,zhihuichen,sinanag,m_maziar,mbalaban,aamirmujtaba,mmsa,joanne,wenderness,mamata,beklof,ab9,afshan,aismail05,valurg,asahmed,amitgahoi143,ashish1,rafaelap,catnys123,adeel76,aminahen
anadrol,fayzabs,baraka,salehov,basma_shaalan,sgam,omarmonem,khalidmohamed,shaker,kamal12,serag,mohamedamin2010,a4atmel
e1ement,brooks99,viny3n,whlxm3,david_thompson13,dsim89,celban,jamesye90,xolax,changcs,mengy46,rayzrick,ditullio,t1e7,zeusdios888,perpetualacorn,edigou,mnejatali,xksilver,charfire,pcclnicholas,maan1989,melvinlim,muhammad_usman90,tbomb007,peterwu,gouedi,bennyccy,megansun,jenniebharaj,nndcici,prajeet,jefferson,ian781203,richardh,wheetnee,yynumi,jonomon,djova,pservati,what1what2,jackyuhaic,dm89,kyz_352,joshshelley,xyq078087,songci,skeety,farhad_n_16,billyu07,ajwk,voonqian,anneliesvera,lbarrios,amramin,wqutub90,bmterry,aylin_azmin,d2night,jeffr04,darylrp,seraphjkkim,pjsingh,shensmobile,chamith
e1ement,han1106,y2w6,richardh,iackzh,yynumi,jackzhf,jamesye90,jzheng6s,tbomb007,yaluen,pservati,jackyuhaic,john123,leonlian007,billyu07
rafder,paolofiorini,sergiocontino,vaka85,zannoni_luca,dariomagnani,foia87
simone,biondo,triky,lodeloray,philip,vincenzozambianchi,mattiap
subibler,thefelix,yeoheeim,sonjh91,kyg321678,ykj4545,changjun0605,tran2010,mint91
feelingdp,jysohn1108,sam2858,selesua,kyg321678,hjh9016,yjhhjy,dewrains
sdesai,mcp349,esmith,ekwak,dvenkat,mcr728,mtu,mchoi,mso,chintanaphol,joannajaros,dmorrison7778,vprakash,mgomaa,missalice,ezaruba,angcal3,jpark17,asong,pjang,suttal,skim2010,acook,jmueller,aawwad,pkaralis,mfmorel,mattsullivan725,yfa874,xwen,jalam,sda387,eza135,aws491,emilyf131,tpark,rgd606,dsh278,ykhwang,mdm833,awl111,scs771,hae201,rterada,bmaldonado,ewp790,jxamplas,swilliams,jyw902,amfrank26,jsyu,jcastro,dslaughter,sshakin,kgeraghty,snandamuri,balegbeleye,ktaskin,sitknee,sjiao,ryanmcafee,ryandeblock,jfranke,reb712,kds543,jeshicaa,pka421,ejizba,kelly382,nlahner,guerrero1,jcordes,eukoha,cleclerq,msmith,jsachg,purpleyuan,slipov,jbryman,alo869,elleanzhang,michaelmilazzo,sbagnola,ceb570,jaguilar,rem455,mtk160,dangerousdan,ani197,brianraychen,sandeepjain,yzermeno,lauren20,sagarwal1,daniellefong92,paarasmodi,pgarg,blach,alexholterman,joeg,msc494,charleslin,apankaj,hreilly,szaveri,ychung,yuanshi,astaples,zrachlin,schoi3,asimon,aychang,camora,narouzier,rquan,aweinstein,tyuan,jzhong,gracechan715,car942,cfuentes60618,mlb923,ldk310,rku147,dkoo,mtyksinski,akansha21,britt518,peter8737,ahiggins,pknapp,nxiao,recook,ahristakos,bgibbons,clockwork,eys582,aweatherly1,jchang,lontiveros,jhi551,prishah,chrispitler,dschuleman,williamgross2014,clee2014,crowland,asutton,ahb978,bbak,dcheah,npyle,tjeppson,jjozefiak,nigelng91,acortes,amurray,chiggins,nrouzier,ntorosin,cyu13,jhalpern,lizzo427,irc506,nreimold,mcorpuz,lav127,kah703,lzhou,iikene,sreinke,jcd265,aaggarwal,hfleming,mjskwarczek1,ajw873,lmaliakal,khkim,kirstynbesch,ejen,pwzorek,htennant,kki227,khuynh,lrg923,nsteimel,patman16,mbzeitz,nrichter,hab477,veskit2k,ekaht,amelingercohen,abc138,danielnfls,nisadesai,eausenbaugh,bashwell,ehorcher,hzhou,jsandler,shetzler,sashpatel81,cqin,prl176,cquinn17,huwang,chahn,kgo,tyu1992,sre306,jjain1,stvrdik,jkernes,mshetty,gbudzon,galexander,bmerkle,brandonalba,krc863,jaj343,cchang92,akozminski,tkukushliev,mkeith,dylanhirshkowitz,agh612,bcastle,sjeon,exw190,choiboi68,skadakia,lhsu,khjoon0502,jaimiepark,lucialee,vgupta2792,nna341,jmontyiii,eklosowiak,tjc797,kjl432,jjs439,swang,stn147,smoon,mankenman,ppatel7499,glee530,kbrohkahn,nmiller,hmu909,lmehmeti,rkawashima,tln941,ndesai,afreedman,psharma,rdesai
tapan89,dwrosenow,xwang74,nicfang,tkmaxwell,jeongbw,garvin2,tdill88,nitishsanghi,ungnapa1,mlebrun2,atevans2
psengupta,steigers,nkissebe,gekco,tkubis,kim568,clarksm
psengupta,steigers,gekco,tkubis,kim568,vrinside
gekco,steigers,tkubis,kim568,vrinside,gah
jpalao,yegaman,andrew_kuhl,dp_kottary,whcraig,dannysitu,ea0765,alann
acano363,felipedea10,gvelasco,arodriguez45,heduran,almeida915,mjde2,jgrivas,vmgonzalez4,mmoreno13,rubenmtzq,laszlo,mdmeraz,dcanaba,jlflores5,lava4,vyc8zcg,chemil,jrmartinez9,tirante_s,oblivion007
ayoprious,oopsbaby,ham4406,sould628,saram1823,seokju88,terodactyl,krase988,bertpark,usang2v,hunbaksa,kyu461,ngan,kangsudat,tnalse,garam7749,micallis,againwns007,donghwa,lhgwin,hsa90,kmann000,hongjae,hwang406,lkylove23,born0907,cwc9908,alsghand,jjongho85,kimhs324,westkllr,sharp1988,ssooji555,soulesque,unsooman,ggap,wheeiz,jwshin01,kinkin88,aindelf,jeongyoon,cjt5528,john_88,hyunuk1987,lbmin1352,lonelymoon,cbj1988,imingan
preethit,sagarjcec78,aziz_jivani,gladysh,mahanth_nani,mathnerd29,jogden12,abhilashb7,yashvanth86,tjgareg
mmoreno13,laszlo,mjde2,almeida915,tirante_s,gvelasco
mazad,rjana1,helenxu,xfiles,prabhu_balasg,raelyn,bivas,linkenghua,fshah,iayoung,valdez4,davalenciah,hqucsb,narendra,abhinavsinha,tfang,ongzy1979,satyakiganguly,vachan_kumar,rgrassi,wizjeong
acano363,felipedea10,gvelasco,arodriguez45,heduran,almeida915,mjde2,jgrivas,vmgonzalez4,mmoreno13,rubenmtzq,laszlo,dcanaba,jlflores5,lava4,vyc8zcg,chemil,jrmartinez9,tirante_s,oblivion007
leoplct,clh76412,dorun113,ard0531,timekuang,zzaa
hjscow0421,bcurrie,ashir23bom,chut,ishsman,msalmani,inkatech,ziyunlong,kim660,svanderl,sswandon,lee583,sganguly,lu43,neala,rataniitm,okoybasi,jain28,rchavali,yusung33,gu0,sourdon,apenumat,smalhot
preethit,sagarjcec78,gladysh,salsibiani,yuyaowang,tjmomoh1186,mahanth_nani,jogden12,tjgareg,abhilashb7
iniyanse,zhicheng,rvemuri8,hotcarrier,haowu,asustudent_mg,jvelamal,gajanan,kunalghosh
bracon,sparklingway,diablopbc,jeredgre,leiyang1,weichunan,willtk0113,fliu96,megarza2,l37,deedarhuq,luisccruz,hcho12,dlgudwns11,zhu22,ligao1,lindqui1,lenovo1709,kim417,banker2,pathak1,aggarwa3,supercowking,chengxu1,nanohub99,tao7,balistic2,jfelts,marshal2,chijiazuo,qwerasdf,ragunat1,tkim28,weller1,chen282,kang92,maemble,caldero1,midnightblade,shin44,asrinat2,abstrkt,dusty493,nivero,chrisjryu,ddeutsc2,jiyichenqi,hnandag2,fangwan2,likpok,seanlee14,schrock3,kim857,joo4ny,arappep2,jack_ftw,hipaulshi,ramaith1,kabaran2,wldavis,d98521,huanggeng0726,uribe2,xihan1,collapse,efilli2,kejriwa1,neumann9,idesis1,dbarnes2,chongvi1,wu10,tchurch2,vliang88,ttli2,cjohns78,malhotr3,tkim31,bongen2,luyun198993,paraclas,rishabagarwal1,rohansingh28,crazedcatatonic5,bikrambhatia,dbero2,wmjdgla,dradefx,bparajul,alikation,se210
ragunat1,jeredgre,idesis1,jchyan2,willtk0113,chongvi1,hwnano,ma3xiao1,snowpd,cjohns78,madikaz,lenovo1709,lindqui1,hbeberma,nanocarbon,ramaith1,pathak1,pitrak1,alikation
weller1,xihan1,chrismy,se210,gmonroy2,mahoney6,hur6,kejriwa1,pessin,black_chip21,wisechengyi,dawei1,ani3989,tonywinoto
jjjlee,jerryfdl,vswagath1989,weichang,zhang581,purduehz,mehta20,dnrichar
this1,bongen2,lenovo1709,wu10,tchurch2,alikation,weichunan,shin44
tnalse,kangsudat,spleeyh,whdlsgh00,scopild,pgonha,sharp1988
yeoheeim,seokju88,selesua,kyg321678,ykj4545,changjun0605,tran2010,mint91
ham4406,subibler,feelingdp,sam2858,terodactyl,kyg321678,hjh9016,yjhhjy,dewrains
merdbrue,lundstro,fandi514,wang241,smite77,dehrman,yuanbo139,prosenbe
ogottlie,merdbrue,jwkuntzm,yao14,fandi514,jomeara,wang241,mboudas,yuanbo139,prosenbe
mille557,apedroza,khaver,kpetrucc,dpeffers,ahaberlein,dfang7,mmilosci,lsirui,ebinkerd,dpbrocke,kjhajari,minduka,hungc,jkohnert,kuos,oadeniji
sjia,khaver,malsoray,ahaberlein,mmilosci,jjyoun,lsirui,pmarepal,chang71,eekeen17,kuos,mwalders,ryokubaka,wangyix,mattflash,alexwany,lzentner,ebinkerd,baharman,minduka,kjhajari,dpbrocke,hungc,oghaisas,zhangpurdue,ekhall,sbogensc,ccange,goel5,daedalus_v2,snowmanam2,asmagulo,mille557,wang67,johns175,mzwach,asenetar,heckhoff,macman314,jcanan,harri115,apedroza,asharifu,prabhu_m,cykim,cho72
goel5,mmilosci,mboudas,jjyoun,asharifu,snowmanam2,amelanic,alexwany,johns175
heckhoff,gregm12,ccange,kpetrucc,goel5,asharifu,snowmanam2,alexwany,oghaisas
ryokubaka,ccange,apedroza,wangyix,alexwany,jjyoun,asharifu,ebinkerd,snowmanam2,prabhu_m,oadeniji
malsoray,ahaberlein,jjyoun,mmilosci,pmarepal,chang71,eekeen17,fstamme,ryokubaka,wangyix,ebinkerd,oghaisas,ekhall,ccange,daedalus_v2,snowmanam2,mille557,mzwach,heckhoff,macman314,jcanan,apedroza,asharifu,cykim
apedroza,dpbrocke,ebinkerd,minduka,mille557,jkohnert
amrita3,amrita9,amrita4,amrita11,amrita2,amrita10,amrita7
amrita6,amrita8,amrita12,amrita3,amrita9,amrita10
amrita6,amrita12,amrita11,amrita5,amrita2,amrita7
amrita1,amrita12,amrita3,amrita11,amrita2,amrita10
amrita6,amrita3,amrita9,amrita4,amrita11,amrita5,amrita2,amrita10,amrita7
alexb2539,samarthagarwal,elec1020,nikonov,chunyuli,apalaria,strachan,cohenma1,depe,tanyaohua,bhaley,gmendis,ianr,dixit0,biswajit025,jrosheck,schcats,jgeng,wilsonn,gaoyunfei,wwinthan,sunnyleekr,pmeunier,bghill,sesulliv,clarksnano,matthewburesh,ssadeque,vdiep,dkearney,lancelot981,kearneyd,janam,drgrove,sahars,turkstra,mzulkifl,ricktest,tita_feg,sebastianlee18,usman,nkissebe,xni,fengyuanli,zavattieri,clarksm,sganguly,chen272,rappture,gbechtol,jaber2,gah,aarguelles1,marksenn,graeme89,ssalamat,pdoak,midfielder,apps,khoganson,zooley,msalmani,braffert,zflohr,razorhoop07,schavali,amcleod,arun2987,cxsong,larsgtb,mmc,wang159,saumitra,moon12star,cari,fantico,rgrassi,wang340,davidalbertosv
prcantwe,steigers,rvedula,samarthagarwal,spalit,dotorres,vrinside,depe,jquinlan,wrightjc,scolbert,tanyaohua,rasyed,bhaley,mzentner,gmendis,wizjeong,swoop,dixit0,biswajit025,jrosheck,schcats,fcordisc,gaoyunfei,mmh,ajmendoz,pmeunier,wwinthan,sunnyleekr,bghill,raseong,vdiep,bivas,kim758,dkearney,kearneyd,janam,pc350128,cmisiego,zooley2,pascaltest,yuitan87,jmelcher,turkstra,ricktest,lfelberg,nkissebe,fengyuanli,angik,askachen369,sokrates,clarksm,sganguly,linkenghua,chen272,ryyan,cmathewjoseph,rappture,ifranco,gbechtol,moore32,gah,fdri,drkiraco,coxcj,marksenn,ssalamat,spwilson,midfielder,apps,kennell,zooley,msalmani,braffert,zflohr,dstanto,areshkin,kim568,arun2987,cxsong,ssahmed,saumitra,tejerina,moon12star,cari,fantico
ryyan,apalaria,amcleod,cari,sahars,pdoak
jgrossman,rvedula,arun2987,jtriley,bhaley
dkearney,mzentner,msalmani,arun2987,dixit0
jgeng,rvedula,pmeunier,sunnyleekr,elec1020,msalmani,areshkin,kim568,depe,clarksm,arun2987,sganguly,dkearney,rappture,kearneyd,janam,gah,bhaley,sourdon,mzentner,ssalamat,yuitan87,prnair,dixit0,swoop,apps
braffert,steigers,tejerina,elec1020,cxsong,msalmani
dkearney,sourdon,mluisier,rvedula,jtriley,bhaley,nikonov
