cjwestri,danbutman,rakeshrvndra,kpc.pardhu,manikanta1773,rahulkr.1531,venkat92,santhosh1,ireymond0,saranyu,munagalavinodreddy,eds3293,skyp0620,akshay12,mitdalal,krithish13,jdilig27,hgrewal,rushee2911,ireymond1,chaxul,gijsv,tummalabalakrishna48,jonilsoni92,hmelia,satakarni_amirneni,rayudhajit,harsh12041997,askarmakar07,hardikagrawal545,amruthamma1998,lovkeshrishab,sim_ks,sachindaniel,mirza338,charankoushik,jeet_shah_2223,aakashmhankale1234,deepthireddyparvatham12,xybiju,antoniocarrera,rakesh207,kishorbhosale,rko2saurav,yazayaga,calvinly,nanohubsocial,grubbies01,heli,vickygood15,kagitanikhil,simrobson,morry458,shiva0193,vikrant23,mayankpalaria,vandit93,mandars222,davide93,802964544_abdul,shweka147,ceoelkers1995,marcofratus,sittun.swayam,sudzsharma,seg2597,pablopelayo,roryvang299,anushreedavbhagalpur,sindhoor,nikhiliated,mahalepriyaja,kalyan4112,mitdalal15,ishapadia,bharat123,raymondbach1,aditya09,astillmaker,yuvsamratuday1997,nitinkush16,ramyakonidhala,revanthkumar29,yusun3,jeet.shah2223,rajanamit2,rajdeep.biswas2010,prudvi125,rajeshgoudvatnala1,pdoak,neeturaj,pranampranu,samueltayishere,yyao46,f_alshammari,jayasuryach3,amrithav,vaibhao14,jpneha,abinashsena,bhagatsingh91,arunganesh,haseeb.aktar123,hatimkp63,sgu201201146,priyanka456,sasuveja950,jagaamaa11,2010ee179,ray_arka,datdang,arlarson99,acabhi07,mirjivarsha,jiangy1,valgiadicerto,nanoprodigy,jayasuryach4,802730911manisha,rkrahi9,cvarner81,saisupraj1994,sgu20111560,cwid805705746,jonilsoni,baldassimassimo,chrislew14,mehta.rohan77,sairohith,surabhikhadke77,gberk2016,jinad803068899,niketkothari92,shathorn,tippu7002,jeetshah23,cmvdv,mirza_baig338,12kj,keescueta,segomez1304,manohub,sarath31,pukd56,jinadpatel919,celetldci,antoniocarrera96,sobriquet,paruvelli.chandana,sayantan2502iitkgp,rsagrawal.avanti,karankantharia,7adamzaheer7,agrawa64,kandalavamshi111,mrcogito,shraddha.mhapralkar91,southbound280,mvikasraj123,anushka.4353.bansal,gitanshu,saisupraj1,dishankyadav96,arupsamanta,shreshta.0594,bawischus,karthikeya,rohits2509,dipanjandas1996,agkonale,zub12345,gulwelling,nagapradeep97,shiva1702,saisupraj,kunalkhadke97,appa9731532495,prudvi1258,spittips101,jeetendaveusa,ppetros,manuelsalva182,antroy.rc,dhvanish17,anirudhaga,jeetendave259,elpaglia,tippu70193,mturi,justin.tan,gholamvz,rohitpetkar.r,stella.s01,whenriquez,shravanisistla1998,munagalavinod.r,ramyanaine11,manishasa,008dilip,tippu70099,bksaif,harkishangrewal,shubham.kale27,vineethvinny1997,evineeth97,deep16,mekkaoui,deeksha893,sreevardhan25,revanthreddy207,chandana1,jar2267,munagalavinod,tatikonda,naviraja,shanka,pourushsood,anjanmandal58,chaitanypaikara,varadkardeep96,priya.r,raveyjsn,dineshkota007,gopa_97,rohith1234,varsham22,balu8108,pavkou123,gandhali,joshuapeterebenezer,razavi_nader,azadehfamili,pkrishnapritish,beena11,saeed1368,id889632394,divya1537,shaila,skyp0720,abhi1singh2,nirajj100,singhmanohar360,cwid805670197,akshay13m,gandhali4,yubai,556research2015,kk55singh,kumarvineeth14,saraheisenkolb
human101,mahmoud.salem432,mayar_ashraf,ahmedsaad96,bido,m2k2017,saeeed3,mayar31995,ahmedelalfy,amrghoniem94,karom1990,hassan.ayman2006,maihossam,hussammurad5,reham.a.mahmoud,minafouad,mohamedghamad,mistanbullu,esraaahmed95,peteremil,yahialdeeb,nourhantaha,p9012,ahmed.allam86,nana_girgis2009,11parasarya,daycock,islam2141,mernamagdy118,khalid_eissa,raghdaezzatnole,mehmettas,marwamostafa5050,miragee85,mai.elmoslmany95,omardemos25,mero.ayman50,mostafakhallaf100,engy95,mhelsawaf,nadahemid95,momensaeed,youstinanassiflatif95,daniel.boshra,nadine.maghawry,mraba1111,phantomx21,ahmedabdelsalam12,youstinafayezfouad,mmmahgoub,eng.ahmad.m.z,alaahussein50,dohaalqaisi1,mernamoneer_bombom,parkchanwoo7,mariam95,muhammed.shaban99.franky,shahir,jangsungin,habiba_ashraf_96,saumopal1997,hassanshehata,hitman47222,ezzeddinabdullah,ahmadawad.fue66,rawannshehab,alizorg4,osaka,ahmedsamybeda,basmaa.shawkyy203,moonblack868,yarahamdy,ahmadashiekh,emadhamdy,joseph_hana94,ahmedkhalilelsayed,mirna31eldebeky,a.asmaasalem,ann_nona1995,nouranekhaled95,ali96saad,mohamed_mandour212,doniahassan999,nerminemohamed15,ahmedelgeneral00,rodyahmed1995,yeahia14,mahmoud_33744,stressed_student,peternady,arashgoodday,noon48,abdelaziz,mh14039295,ahmadhany201696,bosbos_fafy22xx,shaggykemo,farahbayomi103,remonadly06,maiuoymohamed.2011,binpda4,muhlasheen,nourelrayes,kimo11mk,hoba201140,mohabahmedseif,mr_taha11,ashraf1,echoonge,ea,mohamedelbaga96,ahmedtarek5155,veroniayaman96,ahmedmaged2318,sharara123,aisilfarnardo95,nancyammar,eng.moaz.morsy,tarik10kv,m7mdosama3000,eng.nohasaeed94,engamr95,hgk,baga96,krishnajha,louran_1995,mohamedg327,rowaidaelawam,mohamedsoliman,simo88ud,reem.hesham819,thasty,ozcomert.2,tarek.almowafy,kamal24041996,butaflekaahlan,kyoussef,huda_96,beko,mennatallahwageehhassan,abdurhmanalaaaldaly,hossam_eldin_khaled_youssef,mykel,noon486,abdelrahman.khelshamy,omniya96,theinstructive_man,mark.h.nabil,hendkholeif,marwa96,zakaria182,yasmineelgogary,mahmoud123,muhadou95,omarn4sser,niznkl,doha_taher135,ahmed.saad9772,amrelsobky20,tadrous96,he18911,engineermskm,ardorhee,en.amr_mohamed,mohammedosama,ahmed755,mohamedali915,hedy_20072000,minasamuel,mohamedrefaeiii,morsizodiac123,maryam.nasser,xuhan,aparnaahari95,nadaamrarafa55,omaramer,ahmed_khaledammar,eldragon823,basaseko_208,hossam.hassan2090,mariame,hatemmohammed,mohammedmahmoudmahgoub,keithlyu,eng.esraahafez2013,asfora,muhammed_shaban99,radwahegazy95,nadine.a.bahr95,mostafaanas99,ahmed.hassanen,bbbty6064,ahmed0raafat,zlzzlz008
xwei1031,dgalindonavarro18,anushka,jysaa5,rlartigue,szehanwu,sohum,pmuralid,mona_gamal,sarah.dreischer,mohamedabdelgwad14,omarkhaledsebak,nourhan.ahmed,medo,shusky2010,gradenster,lishucong,smelectronics43,t.lee.1,isabel87,scarr,afellin,jg34,navelugassi,ongangel,m.kamel.m.h,johncanfield,jyhuang09,jackkelly18,mahirt3,parampreet123456,rmiller1291,djs2240,madi95e,levizak,sapergur,roodabeh,tsyskakis,danielruan,hassan93,ziadelmehy,noureentarek96,mohamedfathyzaiton,twong1985,fatmaayman,ignaciobayardo27,ldw,sandhyajois,gemi.mansour1995,epatheria,ashwin124,lalaluye,cherpeng.goh.canada,omar_ahmed_95,clrlun,liangnie0127,youbz,ahmedyasser,omar44,arraafizworld,araun521,potlul,krishanbhardwaj740,kezi25,3amona,squidsareevil,aidanh14,ahhamed93,omnia96,lazar17,tianyuntony,tore.kanstad,asdfth,varellej,aaron.congo,manalighorpade07,bhenderson25,nainishatanna,sal96,amir426,jannickepearkes,omerdnmz,buinm,andrew.james.hollister,drift117,nsreeram101,taviawalsh,nitinaturdsk,alinaacosta,daannieuwenhuizen,todd.darcie,ahmedredahassanahmed,reem15_5,petercoan,calver,luaan,matthewwat,ninadkny,hajiesmaili,shvartsmanp,dharmeshchauhan9197,vincentlin0131,abdulrahman.elmashed,sheehab.khaled,moh_badr,idkidkidk,btaran,jonking,aniruddha14797,devices,berg.lind.dk,hesham97,gavinslim,jfherrm,mahmoudsherif2010,deena.ahmed.omar,gihoonyu,sanketmittal21,sauravchoudhury007,student789,jgschlichting,k3vinwu25,jhyunl,shaybob,ngjosh,wongsw93,m2d1s,chahalsunmeet,mohamed.maher,shrijitm10,pakshalshah123,pavkalyan100,varunswadia,moatazmedhat,dubose,kintango,shaizaib,joannachung1,azzaismail1995,colin.g.paterson,selma_ashraf,nicolaschevalier,galejandroca,yuanv,abdo.m.sha,mohamedelhewehy
priyankapandya19,srishti.shriyan96,helmin50469,rohankhollamkar,ishita.choudhary,varadmeradost,jogichetan96,umeshdarade77,apoorvasundaresan,nivipetkar,jainamshah202,vivek.sakinala,purva.satpute,avinashninawe,bhumivora1995,shukla.pawan249,akshay1995,raku1109,sahil8rai,siddhesh401,doshishrut1995,evanmartin,anuragshyam1026,ckargutkar96,tanvi.rane1995,zeuswinchester456,jcastrocalvo,alisha.alice.panicker,stanabk,praveen99,vivek12195,smallik,apurva.patil,rashuidiot,luanco1,cnconnery,minalsawant1108,nileshkartik95,monish.nene,priyuk,tejask2610,nrkhara,monish.kapadia,danishdewani112795,harshilmehta1995,ankita.rahate,jakhererahul42,shrinathnair,ee12d018,ttanmay.telang75,shivanisharaf15,amey.m.mangutkar,myuk83,mshirali23,maithili010,shubham.gaikwad,darshanadaund27,email.harsh0811,sjunghareakshay,aditya.apte3,shreya.mahajan,parthiv.parikh,mosfet7777,anand_5,rahul4peace,arunnambiar66,kanchan.sawant17,shwecchajain,komal31p,strikerfv68,pankajvyas967,poojamenon16.pm,tanvikalan,trishapatkar19,beelex1617,nickcrane6117,ajay.raghuwanshi,jayeshkhandagle123,spooja.1430,ambani,suthar.kalpesh57,obalgi3095,mukul.kulkarni,shriya.sharma,akshaybangera95,sanika.dongre,jenna,bhoomee.sheth,nimisha.nimisha.agarwal,jonathantripi,rsawant2895,soorajdinesan27,roycefernandes80,harshit0610,smithnano15,amrsha.srivastava,walden95,manavtrivedi03,riddhis2411,dhruv.gajaria95,sarveshgrao,joijodegauri7,karan.dadlani,jayjadav08,msumit95,mchakkalamuri,akanksha0196,ayyappakonar,poojashetty,juhi.manglani,rajatkedia95,neelam.chaudhari27,raheela,apoorvakraut,dishakulkarni25,mehtajinal3101,khannamansi312,dipmads,patil.rushal825,sam234bryant,jainam49,jaidevdalvi,kidongp
wdhv3,ma287,myh,jprokop77,manabolu,felipe_97,mmalsaft123,sridhar4,samlocke37,pawara,maria12,preshmas,diego930302,duvanbenavides2,liang142,okhandel,pengsherry119,jtulcan29,s22johanmolinar,slowriver322,mjlowin,titus.sandu,iivanvallejo,wannafight,sharma.amrit93,hamel7,hcboaz,sogalss,llop2821,yilver0894,ajlountz,david.0108,oscarandresdc,rueschhl,tinny93s,dgaines2,huboxgo,carlitos962013,shruti1412,mateobotina96,zhan1671,malhotr0,mount18,cho182,ddmckay,tedy06,fanel312,camilo192000,huntdj,devilal65,arash2342,elkiinriiascos,sebastian.valero,huozhongyu,ztledfor,robertdieme,madana,jhonsteven1397,samina.amanullah,lin411977008,xu514,son13,srinath2951,stevecampbell,mtobtn,sajidniaz300,todd.krauss.tk,yzou0426,sunxiantian123,karajp,juandaaa3,wuil69,tsentz95,adityap,gosman,jbcolema,estebandido3512,indrajakn205,yilmarbenavides1,ppxxyy1109,colegiannotti,shanthan25,ca.criollo99,nhdan1501
elidorrr,banchi32,ohadc26,ofer91,tomerz,milanaa5,navelug203,ironlion23,radiksaif,sagivy89,eliranbar,thealbert,danamalka17,yakir.hit,albert.antechamber,sharik172,shakshuka14,titiel,shimon.kaplan91,katiashevchenko90,avichai,orkadosh007,slimjohnny,ytsach,yoav.b,oz65689,team847,benkedem,barak.derei,dad5388211,benmaymon,kiril.lain,may56563,arikottt,roei10,lihayashraf,sapir271192,ibdd007,almogtz,meyt.1991,kobideri88,rotemza12349,henshu4000,erez.bnd,nishant.ghosh.mtech,chen3,snazarov,ofir1103,aviomri,mitelbar,sapirshemri,amitsunay790,inbarush1991,brk,benbachar1990,ozabar,sahar6909,ozbenhamo1,alexwrx,danifn6,eliavmoryoussef,tk1990,reutmor1988,gal13.private,yogevlevin,nissimsh1,jackiesofir1989,omrilahav3,orshinfeld12,dsegal5,nofaratia,liron411,elect2014.hit,ariellevy88,dida1988,blablablabla,sean2102,avimiz101,bar.ovadia18,jonathan.barcan,hadars,itziks,ofirk1271
akim102,ajfrank3,jackylu2,prhogan2,kote.deepa,balung18,pbehera2,rwlandi2,aladd2,deepakcmani,mchang14,jsshin3,ruining2,cwang112,yhuan127,mtschro3,crickettay13,xlz.287,rzhang80,jonbaebae,yaoyao5,zhan1823,maggana2,ychen254,aokisang,mepaul2,reningr2,mingye.gao,berglun2,zafar3,junehan1,zohair2,dfrosen2,hmajith2,mclawso2,eswu2,cmander4,tziegler12,arovgno,kjnnngs2,jeroach2,krithikp,trskwsk2,zjcszzl0615,sbumbles96,echoma,scorchnoxap,nuanes2,jcselle2,slohman2,jhbaker3,joylin0806,yuqiuwu2,yiyue.luo.9,jeoneil6,tmolley2,jhmead2,cssmith4,jdlin4,zlong4,toriyam2,ychen375,tianshu2,cdeegan2,zhaber2,ychu18,meiselm2,jacob.dutler,pshetty3,thiruve2,tcalder2,pross4,tomkenic,andrew.robertson99987,drew.wise.10,cnsteve2,dcschmi2,goszkow2,hzhan126,zhan.shi.106,dpapanicolas,zzhan134
carlost88,becloud,ssher,timelesserax,mtlyons11231,aychan24,slidzbar,aphuynh,1tzm,kesli,meganlo,agchaveznavarro,ospotash,smejia97,sfoster15,areoman850,rvmathew,jsullan,naholte,jorinna96,samadsen,rychu18,jotap123,rakeil,jotap1234,dechristensen,erikoo,kimiigrlz,funnpun,aleejay112,clary0,clairelee,hrowlan,brettrasmus,lizzhop,huimin96,adlt96,lclondon,wendell,hzhhong,vuthtyra,nmuthusa,lschroer24,aparrish,jyperez,jon22345,djlindsay,dudewhat,jmchristiansensalameh,captaint,cooleys,young260,karols.ginting,zadeel,tonyrtoribio,hzampaglione,spatank,alexis01,askittrell77,aashka13,hweldy,springchicken,amberpulido16,calcarb,grantlee9956,bryan23,avrod2210,jazvicmil,chanceps,kohlerc,chrispatino,jonthomas,qinw,achoi96,bearman1000,yharotorres,panhaoting19,kbjeppes,astubber2016,justinm767
salman23011996,sumedh_patil,cooldudeakshu,akshaybadhiye04,ramaprde2296,suman28pandit,chaudharipayal50,sonawane.akshayak,oma1811,kadamk008,brian200495,oindri.c,praju.avhad,dalvisayli,gauravrajeshmehta,manishashetye1295,priyagajakosh1,abhishekm2861996,amritamukeshb,rohanchavan,jatin.dhande1008,sonalipawar589,pbrahmapurkar,danish.dev.007,kaustubhgudekar9,aashish.yadav94,abhihadshi,bondreanup007,vinit95vasudevan,rakeshmaity,ratsthegreat,ru1795,mihirsawant17,pratikkhanore95,omkarn049,rushabh.fegade,vishakha1805,ahire.monali07,lakumveer,rakshu.gade,kondekar23,pravin45,ajthamke40,sagarbhagat43,a.j.yadav2395,dikshabafna1995,niraj901,viveky803,sangeetamjoshi,komalbapna.kb,priyankaingle18,deven199570,codekidx,rehansonarkar784,saylishirodkar58,aishwaryamardhekar.24595,shakyanandk,mukulsathe1995,mudrasjuee,sardesai.kirti18,dattaram.gawade781,sagarpawar,parmitbanga1995,hbg2112,shahyash027,chiragc9494,abhishek.thavare,ektarathod786,vaibhav.gangan7,prathameshptkr4,nikhildubey02051996,chaudharisuyash7,susmitaahirrao,manasi.shinde008
ravinder3265,floracampoccio,noushinsikder,sam.dearman96,jakeequalsgunmaster,bdelgado,emmagorrell,dipu_grg,farazrahimi4,s.reeves12,alex.wall,h.rahman_96,joshball,rebekah10,lwarren300,habiddinoppo,eleonoremason,conorryan969,papagal_87,carolinechitera,nikhal96,hk004390,djthompson233,thorn,georgiagc,abi.loges127,lataczseb,lolheppster,ekhooblall,naomiacooper96,uzsamad,martingilmour1,eden,caritawilliams1,gaietta,danskelson,apolywka93,alishaleighbarfield,ryan18597,amyxmatt1997,mathildahb,samburton93,hubamarton1996,meganmorris27,demonstrate1,yw027175,legallaissw,gohland,ashimgauchan1,ernestdemontford,ioannagregoriou97,saba.siddiqui84,jdavies54,shawn0894,s2009051,adamwoollett,kspear,jack.s.nicholls,ameliapb,garthax,specialfred41,rablackall17,jordd04,tonyshak,cameron_haylock,klcarvey,kathleen.burns,simrenbhandal,connoryates1996,jackmcauliffe96,ohays64
vrkumar,alcostin,hahsain,nrhawes12,ahochstetler711,saba96,hsoewar,jnchestnut4943,matthewrowley,mdbrewis,jwfrenc2,jrmcgarr,npschult,khalil2316,ajrigby,klturne5,jpadams,gredden,emalhajj,mfschaef,mmalsaft,emmills,wkharri3,mkmoody,taleona3,sjfigurs,tsavey,ajmillir,rjnagley,schlenker,seklug,kjcody,alisadeq,emharri5,obartman,atberg,cthudso3,cecipria,jagibson,ajcoon,zlholme2,syan4,gwcrego,tnpardue,agshin,abharga5,ajsquire,jlbrodie,tbhubble,edhill3,abmcginn,zgdavis,kjkronk,faisa1k,amcorbe2,yzhang59
ra1341100295068,arter623,jirasakpdd,pearpawanrat,mejaz,surachet,onnapa,poomza555yo,mghulman,mynewphysics,tanatporn.ch,wenfei,gamchatchaya,mysuperstarza,namfonjj,arifhossain.nt,bay.zx123,igor.kashkin2016,forestinsnow,gade.999,farhanaanwar09,apiwan_nanoha,rirakkuma79.wn,nut.jutharat,sirinee,tandysckku,bosschompoo,phornpan.kawee,matita,rewatmsr,maylovelymak,salim.berrada.b,thnida133,jetsrudchaneewun,bosslovechompoo,sopha,mahas.syed,nattha.cyp,pimmada,padudong,mouche1,pimlada.sazpp,mali,rezshahab,ruchira_nachaiboon,rewat.m,sirineenamfon,spoy,amsom_sm,yuphaphorn,hataipat,surachetanansuwanchai,ter_jirasak,ter6511,tpuangmali,shuilan
davestupple,amland2,alf,prathyush963,lxing3,vasyltheonly,icharri2,npant,amir89,fpkelly2,reningermatthew,wifsysinc,vkhanna3,xsun45,kagebei2,liuyuting1006,smpatel8,shoppe3,jacobcamp0,nkim74,yxia10,jinpeng.zhuo,yutingliu,yliu181,alanwu3,khuang31,davefarqhuit,werkkdy2,jlayers2,zwang173,jdray2,wchen94,kmckillop,ravi8,sikaufm2,mdsalahuddin,dorothy3,tliu46,saphknight,fkeppner,bridgette.lafaye,abhiks,jshi3120,dexterballou,dzhang37,sloneil21994,clarasmile,hzhou30,liamkennynanohub,zhanshi333,jzhan142,hwhsiao2,anleen20,ltsmith2,gngpdhy2
chunkaiwong,jasonnguyen,suoangao,mamohamed,daviddowns,davidchen123,jgordon,wkoski,siyuwu,asjogren,ajfitzpatric,ctimmerman,stevenmcgrat,rsarge,cwijesundara,saswatiswain,amajee,xiaobinliu,ajabraha,gbayides,tbaim,inwilliams,mzeimbekakis,dmathieu,nkorniyenko,haoxianlin,bifisher,tdcosta,egrimaldi,mshliselberg,jpetrovick,abecirovic,nbrayer,eajenkins,tianxinchen,matthewdonne141,ssproviero,ethan402,coleman.j.ryan,nspaine,emailhot,jkline,sdanielson,mbolognese,mpool,kgeorgadarel5,jjpenney,mgerhardson,yujiahuo,lluchetti,tkoopman
adandeka,akhilvijay,rice,jing1995,thoma501,yu207,alaverni,naik.pratik,shen338,skarumur,ma462,jain205,smungamu,hdhandap,ewares,roysoumya,zamzam90,yyb0576,lnimmaga,matthe18,hezitao,rajagopv,linnaduan,nspoentgen,ahmadi1,li1651,pkolis,awilbee,guimingchen,ariados88,schcats,vvivekan,runvacheck,revati27,turkstra,orthm,selvara0,ye173,lijiarui1115,vvswarup88,jenkin50,fang58,harshil,pranavj186,zhao731,nanoquan2016,sunyx1223,bradneym,infi0508,xu399
pgilliat,lawrence.lee2222,lu385,ho55,ebartusi,fishe128,apadget,yang764,huang502,jiang330,goldmandrummer,maxbrown112,vigneshsivaprakasam,tpathak,lee607,nupton,yang872,bcarterwhs13,sentz,dhoch,amassat,corbeta,zhan1820,lletner,mferoz,ajbruns2160,munjuncho182,hdas,vwerner,jclaussen27,servinb,gdykes,zhao546,aswamina,zhai312313,smit2257,cho133,chenxi9577,fang177,shively0,zhu340,upton0,kuhn2,roy48,sun357950810,bshilson,jpmahony4,ninthjoseph
kint,cohen.jakedavid,sgundala,pangb1,alaimana,clandon01,jiamanhe,ramirez28,mmckinne,richa201,haller1,jenni.fifer.3,woodsh,aianlo,sawa,jfschrad,pspagnolo72,ross_piedmonte,hallowj,dacapo007,parsonsm,nspear17,xphuah,kaiser17,kim383,posta,tcurtiss,zhu431,ahmed64,czy121301,glinvill,lim154,jinghan1022,thoma386,horner4,lopez86,chen1451,vganapa,theresa.saenz.1,smithjared1994,paulleonc,astronut95
mgolm,tstegall,chaua,bbattas,pkabra,kfortie,miramont,bconners,cmeisel,gfukumot,mokuniew,jscharre,mcconneb,ibrahim7,kim1797,hvaught,park710,mkrane,grayfiel,ghinkle,kcrew08,kdecocke,ainaa_aisyaa,harribas,hdebose,ngaurav,wildm,aman0,wang2621,akrawec,kirby8,ramos39,kkm11102000,ander677,jeinterz,srajesh10,selazab,abusker,warren56,cochrad,long182
misurac2,sscully2,muckati2,son0930,jrlund2,westjoh2,zhichao3,zberent,zhayani2,sschuh2,nsalaz3,esecor2,yavuzsavsatli,yzhao112,mrapple2,jshanle2,lp2240,nthomps6,dlopez381,gdligunas,hsong41,elizabethrenee.livingston,pbruno2,altunnesra,cyan5,jinder2103,mbettinardi,ajschil2,shalvor2,erfan453,zanders2,egreenw2,brpulle2,dupont2,sgoldsm2,emedwar2,ycx250250,westjoh95,kvolkma2
mrlee,bbbty60,nnoonn4488,gwoo7057,qkdgywp,kshbig0425,dudxo9273,ghghrkdlgh,silver457,awdwadw12341,kan7470,sdy9333,jung0hun,pisces9231,kym1122,lkm9200,k910716kim,rhwnstjd,bonghyuk,qkrwhdgkr,gkakfhdlem,injahgi,mygime92,rnfnqnfn,kissheyo1004,hun0307,vhwkd308,box1916,gordius92,krleesd92,lsh0307,kiddyu1991,dongjin225,bluegil92,angyi90,cyc2490,oyj95,dbrhksan88,whj1130
atoraskar12,nehaaltawade1,imayocam,kypptl,vijaya,rukhsrd,nikhil4241307,apekshapawar,jiteshkjsp,sujataredkar,sourabhbelose,hardrider95,sadiqqureshi393,karanshah30,rishabh4745,prasad.m,udayyewale17,lino2296,ykhedikar,aqudas29,priyanka.bhangre,rrnair291293,ramanujsingh004,rohitpuri.g,walavalkarmayur79,qwertynishit,peshinakash,pranilghogale,parmarmayur05,shaminakunnel,devyani.salvi1028,khedikaryash8,pranithsuvarna1,parag16593,aniketshelar79,rautt59,rahulbadekar,priyankadeshpande177,vjseedan
chengshunzhang,narendly,yi.yan.tay,zhewang828,kaylaschulz,c1coollguy,meb100,belaltaher8,jakemullettwv,kadamprajakta,s.mailoorkar,ras70,mtran97,nathanielbrooke,gwd3,paulcruz74,aditya.srinivasan,gauri_prasad,williamma0823,assaadserge,someonebob156,entropy.tony,eric6.song,jihane,caitlin.rochford,jcorey018,niyazi.sarah,techcrystal,parkerpearson,minhtran,at200,suzhou,zhamx1995,emilyshannon95,as577
2017.christopher.shallal,andrea.mariette,nassersa,albiorix,imran54,trevor1999,sclark17,hollettjacobs,balamut,mazin00,rjv5599,mapi2919,alextaskov,kys,adamf,protikdas,noelle_1999,awysocki,matthew375,tenmyouji,horizon.keegan11,zoya,nathan6230,mariusvolmer,calebwbnjones,ethanbradberry,santiago.180999,ylwang16,aezak5,sunlinyin,astronomersiddharth,sara.gh,sherchi,palbright7
jbisho25,wangxue.dlut,bmusico95,maran1990,sdavari,kejianqu,dmarti67,andresreynoso,cdelzer,gaiden22,rcollet1,yongtliu,wcureton,alamjhilam,rkamath,zac10sim,hn348590429,whf4psu,yajiezhao1994,aervin3,zellaleo,brickpaul65,cliu74,mkirkegaard,wboldman,gesirui001,tianyu8452,kurtafus,ericoquinn,jduran2,siavash1369,jose.ramirezla92,josharnold93
lneng,ray2016,srxh,fenglking,liangzhh29,dujw,tangxy8,volcano9669,zp14344045,seiro,liuzzh5,xuxiangphysics,liuzy26,qwn19970728,raven00,shenjw5,zhongguogdgz,youyouyu,q950316,fakerss,mi18819251871,mp_vanguard,qunimadejihuoma,zjy14341045,tomvictor,sweety1031,aaronda,a731618814,a394096511,madongyu,junky,wangguangyu,lewisspecial
thinkhui23,ccteh0196,dayangmaisarahh,samteejs,hlmahming0213,shahrul_iqmal,1heluckyrocketeer2,yuenpengwah.dayao,marinahjosli,soonli950201,fatinfaranishaa,wongyt2222,liewderek7,liong.yuling,haniszyqa,shinee.agus0,shenvern1105,shengyong0908,nikayuni2012,aqil_azman,jingyan96,ksyew9,vindice1996,wani.qisteena,zhenyu0425,dyanahatta01,khng96,csauniverse,sutherdrogba,sekchingren,kevintan
phil_beasley,u0706044,wyshply,u0814825,u0546722,hschwab,maniromo,djengelby,tjgoates,phillybeasley,u0801993,mynewhaircut69,jrpieper77,jlf0036,jacobher1986,jsmithslcc,vsp_ali,u0770904,stephensauve,radrock13,dgeddes20,avant1john,mmroz,alexwei,bradman69,jn.waterpark,u0582222,leprechaun28,rjkal2008,artc9394,theedrapes1
mgn1478,stevesuter,skseng,atg94,pbk2359,saafa13,jschwigs9,buddaniel,qutab006,climber057,mrtison,dyv4622,mrr7298,jmd4996,alexredinger,ljkapnick,nboswell789,hacard,seanhuber9,mzh1343,jonkellogg2011,shanesopel,brad_beerman,sdurbin,usamarao,kvargo77,equinox92,dcb0963,jonnyk2011,zww2246,guerinrowland
yanliang,yash.hurkat1994,xu666,bbishnoi,sukshitha_achar,talee94,zhongy92,addison1001,zdang,arobiso,xihao,kibech,manoj_seeram,karl0100,jcondori,rohantibrewala,ayanhazra2007,patel718,zeng133,pratik.chawla42,nkharche,zhan2331,shakibreza,abhi.reddy525,venkat77,jeanpierre1030,robertsz,wangruisong24,abaruah,wu780,mo26
dannyyi2,ywang359,amalkaba,jaekwak2,dghirsc2,ddong4,oyedele2,lpb2,tkim142,jjhwang3,peterxcx,palusza2,vmaxwel2,dgarrett,tsunakata,rjc043,si008,dywong2,clin80,charlie.hummel2,morris754,pzhou07920,jhryan3,garrettd,ericchesek,wmercad2,mophead6868,okijose2,dcgarre2,isuldew,zhoffm
rnair15,poojaparab9035,happyridermrk,ishmeetsingh,karan.marketkar,amit.dutta,sanketsalvi03,princeporje98,prajaktachapte2,ashish.mrya1,miteshmohokar,ajitjadhav,parthkaushikdave,nidhi.n.gujarathi,ankur.shah,shraddhaindulkar96,tanujudani865,ramizmahaboob124,nairprasad007,ritesh.parulekar231194,verma.amitkumar95,hardik.upadhyay,pripatil285,heramb10,anisha,pareshnaik1995,gurmukhsingh0108,palak1012,ankitferry123,rutu123,mayuripatil3095
zhaodd3,pb456,langenstein1,gabriellasiryj,tcm6309,hpc29,angelica.a.connor,gplummer317,blickley,stephenbady,samzkulesa,14pwest,sarychevaasia,lshanna1,mikecarey,rgn24,ss3726,christouartemis,alb8ef,ssr49,bphud3,lily26,dd659,xdrngy,kas572,phoenixfly,kvs36,asiasarycheva,gabriel.gorelick,gtucker
aaa4199,tjrwodl2000,woghks927,sicpan12,dlrjswo,hussienfayed,wjdgns22222,jkjk0411,mrcsm200,jwh0114,glzpr1598,inbo7979,hhnn1229,gohny0115,vngkgkrhdwn,fredhan89,c1o1n1n1e1r,k01022707621,drog0311,m109a6,sosn1211,tksfoqlt,akstn34,ghdud0351,kdj406,shoho214,mong929,sjg1779,kigg1124,jsa6580
pragatinarnaware,chirag184,rutvij.supekar,anujakhose94,cvvedesh,akashspawar148,ritesh.shukla,shrutisundar019,zkoyande,swati123,rananeetika3,neha.utekar2608,mervyn.fernandes,rahul1995,divya.upalekar,bhavesh.singh,nehadingankar,ashishmohite1996,eliasmagallanesjr17,bhavikashenoy95,mokshada,mudbidrijay,tejasshinde8055,calvinl,suraj.taigade,vaishnavi.sambrekar,johebshaikh,akshata.kulkarni
teamreidy,megbern,simon163zlin,marian1999grig,kinneybradh,irfandiv22,kalirajan,ng13,stevejohns,alineelquist,jennidomski,ktakkis,aaronbartz,rhunt,alexrbenz,carterwarren12,lucasnukayahead,jordanvandegrift,scottbrown7,jacobstein22ee,guoluan87,bknowlton,daniellenichols,damonsisk,festivarian,thiago_natalrn,spahng,johnpaulstroud
bbosley,insua86,chris5175,webera,jihkim23,xxlancet,pbouyounes,krea,awcolumbie,tpank,stevenjwilliams,cam.jackson,mltillman,danielclayton0,kstaton6,kolek,vpirie,egk818,jarebmendez,jaredhines,vdubinin2,vhabic16,jabier41,juliedsilvers,perlargarcia99,crsileo,yelnamdivad92
sgu20121526,sgu20121451,sgu20141426,sgu20141467,sgu20121546,sgu20121465,p.geminisiva1998,sgu20121450,sgu20121517,sgu20141482,sgu20111493,road,sgu20121541,sgug20160008,sgu20121540,sgu20111577,dogp27,sgu20111478,gugusj,sgu20121507,sgu20102047,sgu20111505,thenopi10
nikitawanjale,kdeignan2,prador,m18091990,papandr1,papandr2,behdad,crhicks,silics,ebuenk,nikitawanjale3010,that1russia,sanjanadas.nitdgp,buia2,abera,stoutr1,vdipuccio,ml736305773763,sony702,darkcharade,lgcrotea,gutie284,garci325
anujakolekar9614,mmkhot55,susha.nikam31,madhurisunilpatil,tejaswinipowar07,vchavan1993,somnath2025,shetakeni3,rutuja.27rrm,anujaharel13,snehalpatil5588,jyoti15thanekar,sagarjadhav19951,poojahalagale,shekharpatil1167,priyanka.sathe77,bhagyashreeshewale9,donolikarpratiksha,priteeka.suryawanshi,moreshilpa0910,rutujagumathannavar11,95pawarsayali
will.j.y.93,cristianremache1993,johnalex,nancymendoza,guaillazaca24,santhy0697,sebastiansb2,mercysmc.2695,lmp_ryu,alexjavier_paucar,dany,guaillazaca,bhawkin3,sianwow,mercydry2695,jhonyjx16,ekindig1,carlos_david1995,kestephany29,danososcompany,sianwow2,brayutum95
chenyi.li,mbnicola,xavierwlhr,ywwoo,jenningd,4gbaldin,cmbaums,yangpan,greyholm,kige,keyicai,njvaughn,umjihgl,jibecker,afashwhi,hamza.maizhadjahmed.1,erowell,huxiaoer,ymhuang,kavaidya,atmat
bdh58,bwp16,nws24,ath45,njn31,bnc8,myk16,liz_ikasingh,jql,summersxia2201,cilling,jml241,axc549,scs85,jennak_41,rsk77,wxc292,rxj167,dgrosh1,jrmcginnity
junekoga,sterben0524,natsu,naoya2016,jagmaster255963,alsk,uesmuts1tfldr,yokomura,naka,yuuga018.rokoroko,nirvana9716,mikemike,sek0810,hogehoge29,bkkim60,shozemi,eminamitani,shonenjiseminar.e25,isawa,keiichi4040
gksmfdlekt90,kokyeol0320,komminiadithya,zxzxzx1216,yhw910,vocasuki,carlcll3,hikim95,mlg6060,jdh940130,hyeonsu7479,brewnac,hbean,kshotrm,dwm0530.mj,dksquddhr123,jangyy12,yuivb0614,lswchs522,jisek0
aniket2602,geeta.kavitake,bhavesh3422,harshal.dangat1,pathakrohan18,nikhilgade,ankurbhagwat8,arpit32,yashgumaste,gsawant999,shreyamath95,anasnaik25,shweta1811,rajdeepd,arvindlandge,mananmehta7,simran123,ashwini12rajput,aniket187,patelu997
riccardotorsi,bmw92,devankarsann,twinters,strcroft,arminmirahcic,codylynde,josephspinuzzi,berna_u,williamburdge,jakesoares,alondraperez,kojh1782,georgewarren,yaizarodriguezortego,seanokelley,williamcrow,addielupercio,nickkempf,nickcarter
grace8699,leya,zxi1,jhsu1,usoppo,lxhwbd1234,simonszalai,faasiri,zlu19,williamtian93,wentao7,xunhaowang,mwakram,uos,wttuestc,ashz8888,wcf778,samkam,jliu85
qward,gtxaloha,jasonalthouse,kamyar.ghofrani,samalam182,weird_ninja13,paulmcint,n.quyen10,foxisda,snailsforbreakfast,walkerfrank,goldey17,mykelup,laul17,schibel50,thomasblatner,osterberg,schneidm17,bennettm17
inderjitsingh87,doshi.kavisha16,tanuj.udani,jaysawant2,dhairyagada1997,singhshashank97,yashsavle,1jyotsna1,malharvyas17.mv,abarge31,arawal14.ar,naval29,adityamodi009,prp23dec,smonica498,karantank97,varun1997,vijaykothari97,sonihetvi10
airuday1,mhan25,shiladityadas19,bulkyblue1,txun1,jchen224,mpattana,achakr19,akesturs,aveerai1,mdhumwad,izak.baranowski,bonecrusher,lawrencedk716,vasu_hermy,maggiezhu0907,shaikhsaif,lunajlt,hbalaji
ddprojas11,jairomisterio,s.arevalo26,valentinasandovalb,julianvelasquez96,lufergo127,jj.garcia10,henryr9708,calopo,materiales,jfsalcedo10,juanma.lovera,mangomela,david.paez1997,sergioalvarez12,korkies22,jzorroperez,cd.florez10
emrichely,bjornchristensen,armen27,jobuc,tianheran,phywangx,carlvt,hasanm,lricci,bestkaktarua,chuanc,jinchoi87,monibanwar,sam.sum41,carlvtreskow,robinhood15031503,akoshelev,daiki.k.1211.graupel
sfu2,echo_rashad,ricko1990,raghidnaji1,pmrv,jgiouse2,anvasiliev52,anselme900,edgestormer,ravikumarkunchala48,cpandiscio,j.joshuayang,fsaifullah,danymeza96,cjiitb,zuoanwuwu,carrillo,kkeskinbora
mpatel26,bleavy94,reefaldayafleh,chimera4373,allan.chio,closecombat58,alexnguyen259,jezamora92,abains5,chalinomendez,rnava,jeffreynambayan,jesikasaucedo00927,joshuacernas,alisamae23,vgallardo2,dmartinez4
g1415104,g1315091,deepdive,im_prame_,yoyossi22,niiken1995,g1415078,miyagi,ny0602,y.shimizu,g1315098,narasaka,ebi,yosiki,g1415037,g1415007,marui
liffland,vveralla,manju.kohalli08,smihirranjan,cindylu0501,kjmosier62,rbnmthw62,raallen4,alf2000,jeweldsa,sxiexie,kgish,vishpbharadwaj,u13194242,zweinrich,jie7,iassiddhartha001
khadekunal1,mongya00,aniketkulaye618,rohinipatil404,ambeskaradvait,sahilshaikh827,infinite2205,sagar.pawar35418,shubhambeldar547,adigame18,sandeeprock023,vaibhavgaikar62,bk357357,dattaramkolekar,shreyashpawar96,nikhildabholkar4
mtanna,sarah33,aliciarepka,ambered,kesan2018,laurenris7539,arenee,emg15,maggie.shutts,catherineott,jjmcgormley,josiereed123,19af34966,micluebbers11,dunya,eliannaqk
brown804,xloving,jordi.fraxedas,nashw,zfalender,zfisk94,seanblanford,eg,stephenarndt,jain131,noa7akk,maljaran,grote1,vwinter,craftt,rkordana
frazer34,besposi1,ryangreen52,mevans33,talgarin,fmarti13,wpahiakos,vryan,glopez4,savs413,oclevela,dcfreak77,jwong13,kgresko,st0212jones,jharri54.villanova
sandesh29,atul.20909,vijaybhargude2,supu1796,minalsawant143,shrikantnimse14,sankpalami,shrutikayadav2oct,navneetmishra021,varadrajnanaware7,ravina.chavan42,jmuench,adipatil37,infinite1309,aditya1818
jj2883,dr2891,gaojinao,jhy2116,rmm2242,jx2248,bvf2104,np2588,teann.chen,jd3171,tjh2152,ls3221,ldl2115,smt2175,ss4754
hemanth90eee,apeter18,minaldhumwad,ionman1968,morugant,pryan2,saketharamv,mserdaro,abhinanoasu,thboosoo,ayadav17,vramarat,ninad.chamele,gdasari,appellizzaro0002
lrpowell,ang1,stratego94,suhasyadav22,samsmith,yoooncho,ojus1993,seekjordan,wheureka,serxho,prashantkambare,sw2576,radio4612,mahananda925458,wzshan
phamgk,dlbrisen,cmharvey,darrensun963,znlin,ajs9515,aromero3,cahutchinson,roonloe,prgraham,jmizutan,aca5tr09,rsrrrrr,ohone
karishmae105,sumedhagandharava,guptashubham38,yingruiji,hjs2143,pluscloud1015,njmclean,sampad1206074,sepideh,mahfuzakhatun,roniwinik,robertivans,starcraft1029,priyaraiufl
marco.fronzi,mjbe223,dksxogh3978,ceyouth1,rohit.batra,yeuiw0121,sew516690,tszm88,sky.rxf,ouyang6,buct2009080015,rzb0215,zzangadash,zqfaye
raj010rocks,dhruvinacharya19,varunj331,kailashpatel0000,gkapil45,kenilgadhiya,ferrum379,siddhantssangal,gaurav.gadre,rajatsinha,sachimalkan,aayushtiwari16,jigar.ramin786
bossetti_90,kie_25may,rjf.7474,montielgonzalo1985,bwuillebille,andrepetelski,aries.tata10,aangie.ramirez,leobena08,nicosaggion,nico.lopezabdala,jubujjamer,nico.abdala
imcadams,cspecty,nguye228,caduartec,thoma659,chen2086,dmohant,zheng338,smatsun,taw,spschriver,sritapaswi2007
chitragupta046,ayanc68,thakuria.b21,prsingh441,moulinagold,asmitasamanta04,r.k.debnath,anteridi,raktim.ds,souravbanerjee616,akash775,jainswloke
rahulmhapsekar7,nehah95,palswati0309,sawantgaurig25,srikalaprabhu,yasir,pranay9.ithawar,siddhiambre111,ssy506804,bhakti961,sailee.mohite,snehakudtarkar315
rajwaje44,xuejunxu,himanshuphatak98,amanpal56,rhea.ann.95,trija68,kadamrupesh1996,nitingurme,chinmayaniket4052,shubhamj95,arul7,andrewdickens
temple215,an2758,damla.dimlioglu,baldeosharansharma,aa3559,pjs2189,ms5313,ss4974,cy2392,vm2447,fungedean,kb2902
rhe292,colin.g.elder,sigrid1995,naraeyoon92,aalquras,ymmeow,nblanc4,kms92313,staffordhutchins,sarmstrong104,alirezafarizan,lixintong026
aeyjd,lakhanmodani1811,saheli.konde,ninad41195,vishaakn,shraddhag,pavitra.iyer,guptesoham95,tejaschaudhary1996,prachi.more,krittikaranga,lakshmi.nair
mekanm93,alesia,morichill,zovutsasha1996,vob237,idvelcom,midasyansky,zaboronok,g_c_j_r,kristina.igorevna,kareemskpa,sukhvalira11
smsvklut,yogeshjasra,zzumich,mckillo2,khonds,jqian10,rickfreedom,harrisian84,jbajofranklin,kryrin,krouf,alanmshaw
hpsingh,pedramnano,sichen10,avc213,kimys6553,jdogzz.g5,monanafari,hliyanag,sheida.r85,bramvi,knikolaidou
reemalajmii,noura,sarahqht,abudi.14.k,yousfalshatti,deyh,halajmi,yousef.alsha6y,fahadshtail,tomba7ala,sonalibj8
moook159,anton.dys,dsli,shah.kv,nidhikapuria6,mahmoudrefaat84,jairaj.jangle,ps994788,alexandrgntp,siu853965041,mwcarmody
lrl11496,zanajk,sebastianb1612,cjacobcaldera,rohunp,mag13,annieshaider,smatth3125,skoester2010,junwei,eklump
aimomajy,anasnaik9987,abhishekpatkar1796,mohak11jan,yagamirane,suyogingle93,alohomora7,adwait.sable10,bharathi.pedapudi,sanjana.advani,ajinkyachadha
amalsubh,njskinner,dangeunk,shanehwa,haoxian,ksilva,carangel,carterb25,long6659,jftraynor
rjbunk,lltrinh,eabeeman,alexm,bmsuen,jbrizzy,ddvalles,myang96,ezdude,awestle
manakias,anamul.bracu,i.putu.widiantara89,yuchaz,engr100.lannoy,wuzhun101,fangh05,aldobme,jandler,aniekan.ukpong
erikjensen1984,greenfish1308,mstan,bradygarringer,majeed,cwalker,slezionad,meganfrary,alejandromontoya
mjdonahue,buspinboun,paulajanusonis,anylook,yihengrao,sauberyang,ip558,mcskj,lijuan_qian
mbartolo,sirimuvva,ianmhill1,bbrahmbh,wilsonaj,ryan.wangzheyu,somsarang1990,hublt,qishengjiang
arcadia5580,g1415070,g1415090,inumarugyakuten11,ducniisan,g1415106,naturally.curly.hair.ken,yuutazaku,sora1415
bronsonw,seanaller,leshriver,kpslav99,wtgrayunc12,janie.byrum,mauliknariya,rorybrittain,pmlynarc
mon2015,kppalpa6,blcale93,ap2009,patrick002,jwk28,lim0722,nev1953,psimanjuntak
melhorowitz,cassidee.kido,mbognar,abuilding,starlight8910,jimmyshackford,davidhzheng,wxy961105,vishnu.gottiparthy
jiangyf8,mancigbb,hvvvh,zjt173720,weny2016,xingzy3,hexf,focmsphyliu,tanjm32
pudovii,rope.planb,lukasinkovic,mopaak,maja.belacic,canjugaa09,pimperlajz,teenagewasteland93,pgrozic
thoreau,kargue,ramavenkates,claudiaroncero,hbw198823,cintiamaria779,edugc,sid.csy,bajpbm8pk4
sweetweina,nsayresm,ethanmross92,areid52,mkocherg,asahu1,ethakur,innagozhik,mgreenie
dfx2005,mavatar,hamzahumayun,s12,zocho1995,mischke,mjlynch91,norbertokolie,abhi22
matthewdibi,knyquist,danieljmeador,d.barapatre,vdama38,priya.joshi,vaisakh.h,aniket.n
fufl,jjacobsen6,jrr330,b.craig,sten621,bfieldson,rrbiswas,pamelajurczak
anujarananavare12,pratikshasakhare,vijaychavan4901,pranita08,diptimore3181996,krantishewale17,shamalshingte677,thankyougod999.rk
zzhou35,vondrak2,fsheikh2,gcgreen2,nphan9,philmichaelmeyer,tsong,dchite2
debasis_sengupta,jingjieyeo,sanjiv,gshah96142,tisunami87,tub179,aravinda1879,radr
al_bekkala,bourg037,leex5620,vish2111995,boyap001,linda157,owlxx002,lorxx342
appliedpetro,wangruntao,emran.eee.buet,premlal,niloyacharjeebuet,julien419,emran.ark,emraneee11
leechanghyeon,tmdguq9147,s59,suhwanking,hyeoni93,rudwn0502,muderzz
i100rbh,melchiznadar,yayatipawar601,patilvarad2011,shubhrapatil77,mauryashubham564,swatimane176
nkvats123,sstepanov,juanvegaf,devensu,gian13,flyboy777300er,danylo
rakoskim,jkaran.sharma101,ferrottt,xaviarenriquez,parthi,natelaczynski,hansenju
mpethe22,janhvi.vora97,meetgopani616,bangasunain,koppinen,namantaneja97,yashdani96
srdguezb,asreedha,jay.whitacre,wlogamohamed,smfergu2,alflowe,ming.whua
davydle,mahdieh.shojaei.baghini,w_d.v.v1515,bybazorg,jon.reese,lguo,mlm198
hctest2,hctest4,hctest1,hctest3,a222utumn,rohit.o.goel,wyj2446
kumarrahul050892,ashish123,vinay3524,dandekarmd73,vinodgadge95,suyogk.1995,tanayshinde123
thenemz123,jovid.rakhmonov,vineet,prashanth007,fanzhengxuan,ashuparija,radulaski
haidiyou,mag2046,sdutta14,mag3718,nuaajsh,banmeng,maglabf
trainlee,ramu.ventec,amandeeps.pec,paturiatrheya1,adityaattri,alexpjames123,paturiathreya
j442chen,aoyagita,drewmcq,sanjib2016,cschneeb,chengdong2518,er.avdhesh132
daniel.mrndcz,mauricio.kubaski,krshnvbs81,alchemist111,nutangautam,dillond18,sebsicre22
scledbet,jfendri,bfgsweeper,earodrig,bolu45,rljacks4
cpatil152,pankajpawar1515,advenraju,bimal.biswas8,niteshnarkar712,bkadam357
adsid29,rg8655285873,nikhilkumthekar1994,aamodrisbud4,nikitakokne95,sheetal.n441
kaan.taskin.06,shaandesai,exciter,alessandro.pilotto,a410711510,xian20944358
yolanda1,thomasbeerli,adobepencil,nguyenle,bediib,luis.escobar
deepak.chandran,jactaest,cleanisgood,nuriaricci,shakaib,rhwwang
lgiancar,cait.wolf,jsmallfield,davidnutt,ejlam,mtovar
pooja.mehta,shaikdy.pdtr,ranireddy1997j20,sheebhareddy777,yaswanthsai,reshma.rey18
wcedmonds95,jacobmbell96,siu851289667,brendan_keller94,shivamkundan,siu852071219
silasped,aitin,zifuqiwu,wenhaozhang,vikasnehra086,mmcmullan23
mohiteashwin7,s.jadeja,sahilsk7,burhan.naim,neilmundhe,pratikthorat10
summersxia220194,seaglass418,jnk41,bxd159,b.w.pappas378,nsteinway
li.yue,che16,yuanzi11s,niko1028,yiluntong
zzhiheng126,totonben,afchadwi,zzhiheng,zzhiheng123
rutuj.t,manthan.thakkar,tushar.bait,abhishek09,hem.s
moralist,zjfalbert,phananhtu95,vivekgarg01,monagoda22
rayudhajit1,saikumar8814,pranju.0207,madhugurram,siddharth.saharan96
pianist1003,jhji00159,song1890,goodxafs,ojy0947
virujoshi489,alghamdi,satendra199408,rupeshirkar11,mukundjadav999
gothinkbig,kimjn0704,yskim214,charlesjiangxm,willmann15
hubnano2,philiph,erichzann,philiph111,nanooutlook
pgarcia1999,ukarell001,andrew_lemx,fengshui,megan0529
binayjoshi,marissahondros16,andrewarmstrong858,nate.stephon,samuelpedersen
laputa07,jin7881178,pollohuang,qinzhao,chrisyang0808
mehulhariya268,gaurangkalgutkar,mhatre.saurabh8,aakashpandit366,sanjajt
abriggs,hasibdalim,lzx92,abhayajoseph273,polinp0p0
hossein1985,messiri,ryandavey,tarek.ismail,yujiexia0127
jiapuzhang,jasdeep002,ralphs.joes,vijay2013_biotphd,ak3220
tbhoir24,darshankikani64,manishjadhav1001,santoshdudhal0,arpit0071995
saikiranayyala,manoj.kaja,allisonha639,naren.ms45,vsbharadwaj91
sharifah_fatmadiana,syazwanie2907,melsonmoses,chaicl9504,gunakaladevi
languagehamid1985,kjcheng2,kumar.n.barc,katrin90,rob_carrillo
auraproductions786,yashdani90,mananshah30137,mikecool,squaretaper
kkail001,julian.vieira.silveira,xiujun.han,hchavez,emilka243
akshatpathania,f2013352,amokerrpathania,junaidali,alkap826
ronaldbm93,itslm.3fima.bautistajonathan,adrilofi5,christian07,paucarcarrilloluis
cristhian.fajardo,jlrapter,alok.kesari4535,jefre996,wilmerluismorales
priyankakamble,saurabh.gharat96,nikitamalvade,ameypatil29,mitesh.dangle
trishar,kzanaj,yonicooper3,semiconductors321,jiejiejie
