jiuning,niharikavaranasi,niladrinm,gpanagop,wizjeong,arazavie
k2dub125,onurates,esteenbe,gng,pnayak1,gokul2008
rwth,mwidera,ch_klar,leysan,craz,fk2burns,zaldenp,igor,sienar,thommy
ganeshms,hemanthaithal,kedarked,shrutig,sagargowda,dlima,rohit,krishnan_badri,supriya1,kanala,geopete,divyamnnv,ssahmed,abinavcs,delta1,karthikec999,odysseus22
archana1v,ndngoc1010,ddickjr,aradja,jxx071000,sd2008
krich55,ahuang,matosziuk,tkl821,sgrindy,aconroy,devish,maroon_09,ilin,svadner,ngm654,thebombboi123,thegeoffmeister,ywang,kshepherd,mellis,lywang,skang,kcbandi,emj321,sfedorikhina,past10,bambielli,rkay,xxu,jennie,mmara,runfree909,pagrawal10,jkrupp,jglass,kwang11,ymalina,mbourgeois,mdawg777,jjund,jerrylin12,npetlakh,noheneadu,myu,emilywirtz,jshepherd,dcho0132,camila8,mhuff,maffi,hkawashima,mlangille,eko,mme118,ashah,cmpark,nlomotan,mpineda,tejmotiwala,kbandi,lixinxin,msriram,pcarlson,mannamalai,alcinalidder,nseetharaman1,cnoble,tsa309,njohnson463,sshaaban,jsoohoo,jsharp,bsegal,mdmurray,kmobilia,dpetracovici,jtao,mchen2012,ltong,fculver,sarahhhong,shp279,dbasco,kperkins,rachelrosen,kevinhaghighi2012,s3suggs,kgrimestad,relwood,ajl131,ammerocks,ktrocin,alberthong,dannyboy8m,nicholas,ngg760,sshah7,jwalters,ndavidson,mcee2374,martabme,mshen2012,aogonek,karlind,abc897,kjoshi91,kgovindaraju,ddkim,jschiaffino,jcasady,allegramount,zschlieder,txu,jle703,gwm166,jchu90,alee,jtrop,svs470,nashida,yleong,amwang,tsaraiya,dianemok,laurennelson07,dchun,spokala,schatz,athuluvath,ejen,blindbard393,dbtice,kwd761,athompsonharvey,callee,hyehan,falcon36,cmd366,jkaplan,hstafford,astockdale,anderpants,ecadoff,brianchang,iezzoni21,dramadurai,tstanis,mattfred,lnur,strikex2,carlherndon2011,justineshaw,acolletti,xwang308,schirumamilla,jfang,craak,avinokur,phirbreethr,gpedrick,mayabhardwaj,bsh319,eklebanov,mbenner,dwalco,cyarka,sbajaj,jkastan,ktsang,asklar,athompson,mwise,rchen,prajeetreddy,shk2990,bmaganti,amalik,luichanco,mwang,ktp618,rpatel,ltsai,dcpearsall,acoates,ceck,mkk749,tslayman,msimms,dtchen,cberg,achadha,wchang,gthippeswamy,bveldk06,swolff,mkim,mgroner,pantocrator,fch308,hpatel11,annab,tzack25,alex_625,wtong,jlipari,yxu,jacquelinehwang
rcosby,jlbaker4,dramatt,iwto2000,cawhittern,necoleman,dndabler
archana1v,bryan_crockett,ndngoc1010,xnlepro,ttamtong,skparkle,ddickjr,nourn,termini_qin,jxx071000
nihaoya,ankitdhawan,thenoblewoodsman,spalit,awegener,tshuang,pkoswatt,yoster84,kjs1000,mathew,kuntalroy,dmoonshi,ketaki,lee640,rvedula,rmccarth,itismyworld,argupta15115,yusung33,yuitan87,sganguly,microefan,gu0,mhossai,sminhyup,ejdawley,cooperj,zzongbum,ishsman,ebaytok,pree2cool,sanvampire74,megaton7,wangjian404,pc350128,lgupta,ptewari,bniu,vchipp,ssuslov,rwu,sourdon,nju2sjtu,szelong,wang381,jhchen
spencemitch05,kwing,dapeters,zhang265,ajschoch,dvanclev,acallawa,cui4,jamorale,abhiahuja,crtaylor
cbrauwe2,nhamer2,hrshah2,towster2,dsherid3,jmayen2,bigperm247,rsteinm2,msachtl2
witriew,sramin3,szuster2,esunny2,rykothari,png2,jlee207,powguma,vauger2,nhamer2,tesler2,jrlange2,mlao2,nrivera2,zchng2,akale
pwitkow2,rykothari,nhamer2,singleelectron,bridgwater,towster2,tbublik,mlao2,jookalook,shossei2,dsherid3
radikareddykota,mushtaq0455,praveen33,khan530,harsha_jammula,desidudes,raghunathgadi,mahi2234,shiva1060,reddy242,subbu,salah_asad,shwethakuruganti,swetha443,sreekanthg2005,nanotechnology530
jayak,harsha_jammula,reddy242,spulli,subbu,kajapanisrikanth,sreekanthg2005,mohan
inkatech,kamal_karda,katsuhisa,kylesun,wcwang,tfang,akonar,shivakarsh
alexkravchenko,benny7,bumjin,bellmanz,danishr,silverjbj,ahbhatti,hafizbilalnaveed,fatihertinaz,musman6,tigranb,bjoern83,vincentv,jazzphysicist,sohailabbas,manuilov,fudankth,mewael,sheng,evary,jtli3,dibrovdo,rizwan,yxiang,sansar31,wtm,m_maziar
bugmenotagain,dhc529,cchong,laplaceiitkgp,seharris,sourdon,bugmenot,szelong,ptewari,yuitan87
son1,cfancher,kshin01,aritchey,tomcool420,masud001,redwing,kambizraoufi,schavali,biswajit025,winnie,dhruvsingh,helloyc,zhaozizhao,marr617,chindan29,nlanders
mille273,christaj,brennanm,shcheng,nlanders
sajordan,strachan,bmschult,mduffey,jthancoc,mjablons,kirst,mwjensen,apalaria,acimarol,alimiadi,jmknowle,hsale,drgrove,nheymer,gbechtol,ssehr,bishopad,eelpers,swan12,torstenmschreiber89,lbehrens,jones118,wilsonn,sjnichol,rlass1,akremer,holta,bphester1,goyalp,mokomi89,dchung88,fashnicked87,tepowers,coxcj,jfbrenna,asankar,rfkoehle,jswarner,ipayne,svpeders,mbenadum,tfigg,floydm,alentner12,duktaip26,mcwatty,jjconnol,jroush,jquinlan
harishnarendaruc,harishnarendarucengg,noelds,numbah1,harishnarendar,harbishek
ydeshmuk,devachan,amberlei,jdustin01,potax,sramarap
smithm,bmyles,stugedude15,killmaster,joletti,swestdal,woodard41,patterso09,osterberg
michelerossi,cberti,nuitari83,cristiantamagnini,francescogreggi
haipengf,chaojixin,ecolejun,modave,xpchen,xuhaifeng,heavenblue,redorange1984,houniaolu,sinbad,liushaoteng,huawenmei
jiuning,jiangpurdue,yulin,zainu,niladrinm,cdelker,dhanmaria,wgriffin,kim604,sdhuang,go,onurucler,spalit,xfong,csexton,kuntalroy,jrwilcox,nvargo,masud001,fbowen,makang,kim568,wizjeong,liveletlive,augustcharles,gpanagop,biswajit025,pjha1,jtsmith,pachen,arazavie,estrehlo,tanyaohua,shen17,wang159,ddatta,sunnyleekr,psengupta,afrankl
archana1v,bryan_crockett,xnlepro,ttamtong,skparkle,nourn
cplacek,niharikavaranasi,cdelker,estrehlo,wgriffin,cinedemian,park43,jtsmith
divsnvik,savi,vikram,gangadharan,divya,deepthi,supreeya
divsnvik,savi,vikram,gangadharan,divya,deepthi,supreeya
colo,samuel2008,tarks,samuel07280,loveiseasy,deathsosth
rtiwari,juliehan,mdtipping,IceForge13,jschoenfeldt,mkmk2009,ejmiller,s3rj,jklemp,amannan,krayner,ohalv,rkurtzman,jsiegler,nmeftah,jchen,lpung,dmei
dbtice,matosziuk,sml257,jklemp,pretenderjl,emilieringe,bveldk06,jdicke,mattfred
johnsochacki,k2dub125,onurates,esteenbe,gng,pnayak1,gokul2008
sramin3,szuster2,esunny2,zchng2,rykothari,eradiri2,powguma,vauger2,tesler2,hrshah2,crallen,jmayen2,swong,ekavurma,akale
stella,manaya,amiramontes,isgovea,rsilvas,ruls_7,dmuse,mgsassenfeld,jstroud,iacoronado,rhernandez20,dilydog25,gnkoslan,deavila,hseetao,yvette,eburton,atsolem,rromero,ejimenez,jelopez2,mfranco,arturocontreras,gsantacruz,smoctezuma,vmanane,flopez,jdelacruz,daesparza3,rcordero
asklar,acolletti,nicholas,ahassan515,kmobilia,mcee2374,allegramount,thegeoffmeister,ndavidson
jusecas,sajor,agcr3,jhon_arias,loreurbano,oriaj,tauorus,lilicita
bdahnke,rdw,btprice,waranatha,hmosman
peturgordon,bjarkemalm,torbentage,s052429,s042357,lisa_k_t,robertpennington,nesk,laur,flexnezz,napanil,s052528,flashpane,bilsten,s052280,mhca,anderssig,marsmand,s042191,echovolution,hagsted,simon_toft,simonbrodersen,s052274,anttinanohub,peterjp,nori86
mluisier,koganti,kedarked,davidmacak,divyamnnv,siri45
singh15,ykubo,yessoddahc05,psadtler,sdidla,clarjj01,AllWires,ageggles,wildkid256,himnshu2,akidarsa,jvk,swtcandie,dmshah,jperrin,jcleong,kahuja,sprashan,alayi,OsRitmos,pmavery,priyam,ashir23bom,ericlisheng
allwires,axavier,mniksa,redfalconf35,kim265,tbarzso,jaconcha
smeagul,merav_m,cheburashka,tsvika,tamtam,Hila,atrash,Tal,itaikam,smariadu,shogun,izlot,gilcohn,shayjo,morritter,porvunah,hila,sduppleganger,lironilb,erabkin,hkb,guy23
tsvika,zuzvang,haika,smeagul,orit,sduppleganger,shogun
samarthagarwal,yalanz,elec1020,apalaria,cfancher,zooley,clarksm,itismyworld,dkearney,yuitan87,himadri,vrinside,alexeenk,paul_nano_tran,johnsosd,weisdawn,kearneyd,snowwitje,gbudiman,nkissebe,wang159,jiangpurdue,usman,drkiraco,cumo12s2,wwinthan,adidwani,masud001,yildirim,park43,pascualg,kim568,clarksnano,marr617,swoop,liveletlive,ejdawley,tomcool420,zavattieri,hojin92,sam050787,schavali,saumitra,helloyc,liangz,brimai,rrahman,aritchey,tjhacker,strachan,redwing,nkharche,gbechtol,akangarl,sramarap,prnair,fengyuanli,purdude,ddrumm,xni,svadivel,winnie,gvkarthik,jmelcher,gah,son1,spalit,dvarghe,chindan29,nchopra,nvargo,dhruvsingh,baeh,goyalp,iyums,mmh,kennell,mcshin,biswajit025,bspatter,jrcalver,nlanders,kambizraoufi,raseong
saumitra,mshareef,pascualg,joydeep,wwinthan
tjhacker,ncsachen,pascualg,gah,jrosheck
liangz,brimai,cwojtko2,ncsachen,sobh,goyalp
samarthagarwal,dkearney,kim568,liveletlive,augustcharles
