jachtyl,rhund,pkpark,cyoon,rparks,bvu,kgerstenschlager,khashiba,bbecker,lredden,lwint,fmalik,adamosborne2009,elysefretz,ecasano,ekavensky,chenn,agordon,arazma,hallke,trockers,olegkord,ebifano,mabaker,scytryn,aschroeder,elucks,rpang,eemartinez,nkappler,robertellis2012,enuila,mcavanaugh,rbarker,nniles,cen25ter,kdam,regit627,ledzep89,wqiao13,awong,cmj140,tzhu,astewart,mlux,gpillai,mac210,prozach0805,nrieser,zjoachim,wfurness,tbenchoamrogers,adigianfilippo,readman1223,benjaminli,mleung,esayers,bhvide,aberens,abeyt,aschwartz,razhar,trp786,jfuller,ysun,btongson,cook3r,stheodossiou,nlau,jmiller,cberhorst,bcw568,tparida,mliew,mfernandez,skhalid,rzyer,smalin,rcassidy,jgottesman,mbabalooee,anne8683,mdornbusch,azuzelo,joshlee,mcwise,rgonzales,akushnir,edemarco,mcousins,mmurphy,borban,mtweet,dmacanas,lfeig,blurie,rcollier,cmcguffin,jebeard,mmeurice,lpree,ahobaugh,dwu417,iloveham90,sbenjamin,svs470,aelsaeed,gabgirl24,dboe,epark,yni,kbjorkman07,mstull,bbarber,jsias,tshenoy,srw762,bwilliams,mbartnovsky,lekreno,amclain,jdoering,jcorash,trivers,dbaurer,vdopker,cmoran,lhemenetz,thealy,soh,lfoley,con863,jyu,cdzeba,ascheffel,ekudlaty,vqv226,eglass,aotieno,mrovner,jilopez,zwheeler,lscolaro,bathans,achu,glewis07,tbrockly,rritger,kli,mspaic,nkim,usman2012,kmb562,mhyre0605,veulo,enosal,dmescher,kknowles,kkahle,skellert,bgojer,enyatepecoo,rtaff,alove,ekoru,kswonger,hosong,almaswimfreak06,cky161,aaronjonesey,sterrazas,masciutto,estampler,jcavanaugh,aretson,gracepeeler,mhowell,dwainwright,kdriemeyer,jkulesa,jsalazar,aholladay,ciser,jmontoya,catcarr10,kfullin,jhennek,psexton,inaheaven,kodonnell,sshah,tpickerill,cmcelwrath,mehritt,tthomas,mgeltz,jboyle,sharrity,johnpaul,paulyim1,mchou,kelley08,amodtimalsina,magmurph,ekourakos,psseshadri,hsun,rashmis,nisha89,cmiller,kold1,jpirkey,bellis,schow,ncc814,awatts,cprovencal,awald,khooley,mherschfeld,jbarnes,igolbin,ckarras,dwhitehead,mrfriskylemur,ewolfish,aseehra,yzhu90,jgorrell,afraum,gtillett2012,cberg,dkluger,japolinario,pacuna,wmitzelfeld,xiaoxu,npizzolato,ddraper,benmackenzie,sjb364,jseehra,chwang,ohnoitsmaria,jmilian,amorriscohen,ahaynie,rsanders,dkim0406,sschwartz,kchu,dangallegos,hrussell,lvalentino,mmccoy,slhatch,abhandari,pweidner,claytonbrengman2012,liuz08,hle,kbullen,bshorofsky,aft294,rdory,atsui,ccallahan,darcyrahming,omargutierrez8,whiteboyy,akrishnan,nshand,skumar,wellsdm,soneill,chicken1214,sepd22,bwright,tkoegel,hitehc,ttang,majestyk,mbaker,nzessis,achen03,cpeng,berickson,vzahran,thoh13,jthich,echang,jcook,gflocker,jmadsen,sstephens,mgiannetto,csolares,dbieranoski,tdavidov,mgandhi,hpoints,kdimond,rthompson,tmw314,cckhor,a_pope,kwakeling,lli,gmurdoch,jmontejo,jguerrieri,sbhowmick,psnieder,mbloch,mojserkis,ttobias,dpfeffer,sshin,derbs,rcszabo,mwhitehill,halvorsonm,arosenkranz,npalmer,abaleanu,moni484,runfree909,kpovod,smshim,tkim,pmohan,irodriguez,cbarrett,jgu506,bwalsh,mgajewsky,kledvora,mahimavijay,jch973,jjo,lstrelec,jchung,msledd,ejensler,mattaar,laurie521,mfaliszek,bstasiak,wboulay,akahn,jkang,redwards,rzhan,amatsil,knickele,jwalsh,npatel,kheidtman,pretenderjl,tsanusi,mcajigas,gullom,clee12,sraju1,mpilecki,mcarson,tsa309,zali,fvirani,afefferman,mkang,ykang,wylee,jbay,abeebe,rmunjal,amorgan,sschmidt,raznaahmad,duranth,eryan,scollins8,dobrien,jwen
jorozco,raguillen,turbo,auau,abed75,shempel,amritajashnani,clee0604,mdford2,sshawver,emorales,bonsai007,liveviva,vj,afperez,fineday,minhas3,shan33,cemilcanfb,falcon05,narteyn,lrwaller24,tallxcrunner,nnajdek,orkunarican,hn1301,lolnano,jamhar2887,jeremylake,arandia,kanslin,shells26,cobbley74,vestrada,pddiaz2,mvega,syafiqmz,lsalayandia2,icarbajal2,kezhou,bethcook,cameronwiseman,dholguin2,araguirre,deronr,jaredeby,chris242,qwervey,gcarreon,gregilk1,linis,mdelossantos,vanya,wanec471,jadiaz,hilmo,lmaldonado,rdiaz4,camoreno,gsalazar,rodquinn,npaz,jeanmx,tsurma,cjstanger,ehiger,sabid,mmize,mcastro,msotomayor,tanya,eece352,rwong21,csanchez,chenchen,eokada,jreed32152,step23,algetnya,jfjhong,jwhyland,morganabanana22,yazmin,pcypang,spadya,leadtrumpetdave,fjchagolla,brycesim,hakancu01,mcdp,cdramos,newtype0313,mhammad87,jrhernandez2,joshjohnson1,rrace2,echuro,ffierro,halab,nashraf10,sgamez,camlei,soni7,canonsburg,despinoza4,dcpalacios44,jmespinosa,blu_eden,jonnyrobinson05,wmgoree,oldelgado,dermeister,jmertens,feze,lebonilla2,dfigueroa,eyutuc,blueice2,jobo,yasm81,almosbea,hectorocampo,karennan,danterp,nkarsli,jpwolinski,sharmanshika,isaackuhn,allenleesun,josansan85,flsalina,arasyurtman,sfarzim
vpopsto2,pvora2,mwilli26,kfranci2,xlange2,talwar1,xjiang4,bengani1,jhong21,nictse500,hyungrae82,dantle2,jlcgse1921,jzucker2,scornwe2,steder1,sturnfie,mgan2,sadderly,ppark9,dsigety2,youngjkoh,raygrl88,lam5,roether82,nazaret1,anjalis2006,gchou2,agrawalrishabh,bmd1988,rotap2,ainglis2,rshishk2,ramya44,rfavero2,choquette,opatel2,garrett3,kbhagat2,cmcinty2,cdpatel2,yjia5,dombro2,wcourtn2
behnambanan,arpanjeet,olyaei,samb,haniyeh,shwetarora,virender_vlsi,atieh,reyhaneh_soltan,marin27a,arashhooshmand,nafenafe,mxtsig,tiger97,moeen84,dot2se,addius,xush0327,chensi,karlwr,silverjbj,mohammad_shayeste,m_maziar,sumi,yasharhormozan,crisss,nanohaniye,kmav,uriel18
bdb427,seacoral3,andypaullou,rgo228,darbychild,alysonstevans1,davidgabriel,susanigross,jeffloeffelholz,sean2888,carolagross1,bml207,nperk7288,jsiegfried,ethan,rwinnegar27,mlc737,pallavi6,jka468,mindovermattr17,kmrnano,jaq945,madsciencetist,gkim314,kcooper
reachvast,pgkwanjul,hunybebe,tndydakstp,kapsu,sunshines23,coolman7910,rins81,beatronic,sm2mr,picturelover,liho2010,future2121,nystick,jungildoo,lovecoms,rydghks,kingofyoon1,navid,kumaryu
jcolin,goebwer,battlebutt,poppyegg,spide,rroyler,luckyhusky,yeshua1988,taydrew,xzhang1,jayj2510,magicdigr,snoop15,lugosch,irfansyah,sush1812,arl437,candelbm,synix09
xzeman30,xzurek04,xhosek05,yin,xkarma04,scorpios,concore,xotoup02,xmalin15,fluke,janpicha,marakh,mimco,istrasil,aedam,xsalaj01
mickovskat,schtecker,composer_s,ilija,koleva,janevdejan,dragan,panelce,martinjkd,sasostojanovski,boris,popstical,friend,zebramilan,igor_ristov
tyboxer87,marshace,flamingpope,dhthomas,jtklein,liang10,phillijn,hdabag,jlittlet,ccrunner007,ameert,zablocki,kcpark,sqens,rhewitt
wegoss,arifsonnet,schroder,lishuyi,pnayak1,jingjing,cjlasu,nghiakle,kdeepak1984,sarathcpt,dguerra,anandecy3035,nhindman,sbaliga
rohanp77,bpurcell,moblepias,kwanous,shafaeat,anonymous,raynjamin,ktubbs2,slarew,srossi455,jlbemley1,newyork123,mas074
agacosta,sylvaindruart,amitgupta,anandkadiyala,bennyhannya,nathanieldodds,lcfrank,vk10,murraygoround,gleo,ganeshmms,jskubal,disdiller721130
mg2705,jindafan,hyahn,czakian,gulsim,metasebya,skruderman,rohith,shravanti,tejaspandit,silvia,mbeheiry,vstoyneva
kmodi,sobh1,kearneyd,nesaboz,munima,chun,manasgartia,daleyg,vpattani,yichenusa,wangzhs,yalanz
lsoj,kllin2,ksnell2,mirogm,icottle2,danerabdula,kondayya,jeffma09,rplee2,yanzixiang,liangxuelei
mahechini,safreyle,tachack_pao,gilbert_u2,alvarodiazh,squall_jotc,nanotecnologia20091,gamma,diegoroa,ivand18333
bigbee15,ekav,maffi,cosmeata,chanyxp,dwalco,ndeiters,lvalentino1,alberthong,kyusik5112
sabiram164,nil2786,eseals,mutaz,sheheeda,clzhang,saravece550,lavanyag,blitzhill
antku,aryawww,olibates,mz,jguill,dulantojorge,taehun,jambonant,mike_gould
averice,waaraa1331,ngc1892,chadrichards,obgob,kahlistrophic,link2chrono,royce,kinto06
chongxie,vcyw,rgnanadavid,kalantar,ngyoung,dongl,ryw,gdiankov,helencxy
gregho,garytking,loke,sking_21,ridha,dprokin,natch93,zaldenp
williajl,dler,tyler,jspencer2,chashivche84,sak224,eclark,digregor
moz,tostostos,kyener,ardak8,canky,bekirtopaloglu,onurkl,cembila
yisharita,kohlja,mrmonk,sic,vazhkudaiss,bradfordcarlsmith,stevemillerband,mortias
banks,dnbakmaz,richenk,kbarringer,abknel,jawadz,pbstofko
ashtone_rose,icmyselfinu,sjmen,rexhuang81,ssadeque,mumbly_joe,02paiks
emondor,khunwasut,swtheart312,bveldk06,chriswilmer,ngg760,itgenan
dilled,hw3738,ytchen,jszhang,xuefei,zhaohan,ardenmoore
iramer,amunre,jskinner,yukim,jlafreniere,dnagel
auatai,shweta,tarun_agarwal90,roohie,siryu011,khushboo
miarose,sgojer,lfraust9,faithboman,hrichards,jkastan
shalaev,alexandr,elegyzhu,camarocico,damekko,narimanov
ikemalk,bbolukbasi,denizakkaya,irmakcomert,ilgea,ttek
wongf,ahiga,mingchanglu,anneska,aschn
neusdm,osbornsk,florence38,beto34,kerstin_01
brightsmoo,pchoe,upal,mikelee,n2140003
sosolik,smartknight,lingitz,criddet,kkunal
belding_j,superdevil,ayouse00,andytsai,hiradm
dgisch,axlotl,kitsune,erichoke,a1bummer
xmarty02,dragon3,potion,xpatek03,xdepia00
komendar,big_fear,xmasin00,tatrac,stanin
xiaoxun,alantsay,fornus,dominauta,birolozturk
dsievers,siraji,ziedelfahem,lambson,azizgolshani
iorgu_alexandra,andy_21ro,catalina_nenu,yoana27,gabrielasalamu
